State,State Code,Metric,Year,Value
Alabama,AL,Civic Engagement,2013,4.5
Alabama,AL,Community Life,2013,6.5
Alabama,AL,Family Health,2013,4.9
Alabama,AL,Future Generations,2013,6.6
Alabama,AL,Social Cohesion,2013,11.3
Alabama,AL,Social Mobility,2013,2.4
Alabama,AL,Social Trust,2013,1.0
Alabama,AL,Total,2013,37.2
Alabama,AL,ce-ao,2013,1.9
Alabama,AL,ce-vt,2013,2.1
Alabama,AL,cl-cdd,2013,1.1
Alabama,AL,cl-don,2013,1.5
Alabama,AL,cl-mem,2013,-0.3
Alabama,AL,cl-np,2013,0.9
Alabama,AL,cl-npo,2013,0.6
Alabama,AL,cl-porg,2013,0.7
Alabama,AL,cl-rel,2013,2.9
Alabama,AL,cl-ta,2013,1.1
Alabama,AL,cl-tfn,2013,-0.5
Alabama,AL,cl-vol,2013,0.5
Alabama,AL,cv-pm,2013,0.4
Alabama,AL,fg-act,2013,-0.8
Alabama,AL,fg-br,2013,1.3
Alabama,AL,fg-play,2013,0.8
Alabama,AL,fg-read,2013,0.4
Alabama,AL,fg-sch,2013,1.7
Alabama,AL,fg-yorg,2013,0.6
Alabama,AL,fh-eat,2013,2.4
Alabama,AL,fh-ed,2013,-2.2
Alabama,AL,fh-ma,2013,1.1
Alabama,AL,fh-read,2013,1.2
Alabama,AL,fh-spf,2013,0.6
Alabama,AL,fh-time,2013,1.3
Alabama,AL,fh-tv,2013,1.2
Alabama,AL,fh-uw,2013,0.6
Alabama,AL,sc-born,2013,3.8
Alabama,AL,sc-eng-a,2013,3.2
Alabama,AL,sc-eng-c,2013,3.2
Alabama,AL,sc-mid,2013,1.1
Alabama,AL,sm-em,2013,2.1
Alabama,AL,sm-grad,2013,-0.8
Alabama,AL,sm-hr,2013,3.0
Alabama,AL,sm-neet,2013,-2.0
Alabama,AL,st-fc,2013,-0.9
Alabama,AL,st-fc trust,2013,-0.9
Alabama,AL,st-fcc,2013,1.2
Alabama,AL,st-vc,2013,1.5
Alaska,AK,Civic Engagement,2013,11.9
Alaska,AK,Community Life,2013,10.0
Alaska,AK,Family Health,2013,13.2
Alaska,AK,Future Generations,2013,20.4
Alaska,AK,Social Cohesion,2013,5.0
Alaska,AK,Social Mobility,2013,-2.7
Alaska,AK,Social Trust,2013,1.2
Alaska,AK,Total,2013,59.1
Alaska,AK,ce-ao,2013,2.5
Alaska,AK,ce-vt,2013,0.5
Alaska,AK,cl-cdd,2013,0.0
Alaska,AK,cl-don,2013,2.5
Alaska,AK,cl-mem,2013,3.0
Alaska,AK,cl-np,2013,0.3
Alaska,AK,cl-npo,2013,0.9
Alaska,AK,cl-porg,2013,0.8
Alaska,AK,cl-rel,2013,-0.7
Alaska,AK,cl-ta,2013,0.6
Alaska,AK,cl-tfn,2013,1.1
Alaska,AK,cl-vol,2013,1.8
Alaska,AK,cv-pm,2013,8.9
Alaska,AK,fg-act,2013,-0.4
Alaska,AK,fg-br,2013,4.2
Alaska,AK,fg-play,2013,1.9
Alaska,AK,fg-read,2013,0.6
Alaska,AK,fg-sch,2013,4.6
Alaska,AK,fg-yorg,2013,2.9
Alaska,AK,fh-eat,2013,3.8
Alaska,AK,fh-ed,2013,1.0
Alaska,AK,fh-ma,2013,1.2
Alaska,AK,fh-read,2013,3.2
Alaska,AK,fh-spf,2013,1.3
Alaska,AK,fh-time,2013,0.9
Alaska,AK,fh-tv,2013,1.2
Alaska,AK,fh-uw,2013,1.7
Alaska,AK,sc-born,2013,-0.9
Alaska,AK,sc-eng-a,2013,1.9
Alaska,AK,sc-eng-c,2013,1.5
Alaska,AK,sc-mid,2013,2.6
Alaska,AK,sm-em,2013,-3.2
Alaska,AK,sm-grad,2013,0.4
Alaska,AK,sm-hr,2013,1.2
Alaska,AK,sm-neet,2013,-1.1
Alaska,AK,st-fc,2013,3.1
Alaska,AK,st-fc trust,2013,0.4
Alaska,AK,st-fcc,2013,-1.9
Alaska,AK,st-vc,2013,-0.3
Arizona,AZ,Civic Engagement,2013,2.5
Arizona,AZ,Community Life,2013,4.3
Arizona,AZ,Family Health,2013,7.8
Arizona,AZ,Future Generations,2013,6.6
Arizona,AZ,Social Cohesion,2013,-0.7
Arizona,AZ,Social Mobility,2013,-1.2
Arizona,AZ,Social Trust,2013,-7.4
Arizona,AZ,Total,2013,11.9
Arizona,AZ,ce-ao,2013,2.0
Arizona,AZ,ce-vt,2013,-0.6
Arizona,AZ,cl-cdd,2013,1.3
Arizona,AZ,cl-don,2013,0.4
Arizona,AZ,cl-mem,2013,-0.1
Arizona,AZ,cl-np,2013,0.9
Arizona,AZ,cl-npo,2013,0.6
Arizona,AZ,cl-porg,2013,0.8
Arizona,AZ,cl-rel,2013,0.1
Arizona,AZ,cl-ta,2013,1.7
Arizona,AZ,cl-tfn,2013,0.5
Arizona,AZ,cl-vol,2013,0.3
Arizona,AZ,cv-pm,2013,1.1
Arizona,AZ,fg-act,2013,0.8
Arizona,AZ,fg-br,2013,2.0
Arizona,AZ,fg-play,2013,1.5
Arizona,AZ,fg-read,2013,1.4
Arizona,AZ,fg-sch,2013,0.4
Arizona,AZ,fg-yorg,2013,0.6
Arizona,AZ,fh-eat,2013,3.1
Arizona,AZ,fh-ed,2013,-0.1
Arizona,AZ,fh-ma,2013,0.8
Arizona,AZ,fh-read,2013,1.7
Arizona,AZ,fh-spf,2013,1.1
Arizona,AZ,fh-time,2013,1.1
Arizona,AZ,fh-tv,2013,1.0
Arizona,AZ,fh-uw,2013,0.1
Arizona,AZ,sc-born,2013,-1.2
Arizona,AZ,sc-eng-a,2013,-0.1
Arizona,AZ,sc-eng-c,2013,-1.2
Arizona,AZ,sc-mid,2013,1.8
Arizona,AZ,sm-em,2013,-0.1
Arizona,AZ,sm-grad,2013,0.5
Arizona,AZ,sm-hr,2013,0.7
Arizona,AZ,sm-neet,2013,-2.3
Arizona,AZ,st-fc,2013,-14.1
Arizona,AZ,st-fc trust,2013,3.2
Arizona,AZ,st-fcc,2013,1.9
Arizona,AZ,st-vc,2013,1.6
Arkansas,AR,Civic Engagement,2013,-0.1
Arkansas,AR,Community Life,2013,5.4
Arkansas,AR,Family Health,2013,6.6
Arkansas,AR,Future Generations,2013,9.8
Arkansas,AR,Social Cohesion,2013,9.5
Arkansas,AR,Social Mobility,2013,2.6
Arkansas,AR,Social Trust,2013,5.9
Arkansas,AR,Total,2013,39.7
Arkansas,AR,ce-ao,2013,1.9
Arkansas,AR,ce-vt,2013,-1.8
Arkansas,AR,cl-cdd,2013,0.2
Arkansas,AR,cl-don,2013,-0.2
Arkansas,AR,cl-mem,2013,-0.3
Arkansas,AR,cl-np,2013,0.7
Arkansas,AR,cl-npo,2013,0.9
Arkansas,AR,cl-porg,2013,0.8
Arkansas,AR,cl-rel,2013,2.6
Arkansas,AR,cl-ta,2013,0.9
Arkansas,AR,cl-tfn,2013,1.2
Arkansas,AR,cl-vol,2013,-0.4
Arkansas,AR,cv-pm,2013,-0.1
Arkansas,AR,fg-act,2013,1.0
Arkansas,AR,fg-br,2013,2.0
Arkansas,AR,fg-play,2013,0.9
Arkansas,AR,fg-read,2013,1.0
Arkansas,AR,fg-sch,2013,3.0
Arkansas,AR,fg-yorg,2013,0.7
Arkansas,AR,fh-eat,2013,2.7
Arkansas,AR,fh-ed,2013,-0.1
Arkansas,AR,fh-ma,2013,1.4
Arkansas,AR,fh-read,2013,2.1
Arkansas,AR,fh-spf,2013,0.3
Arkansas,AR,fh-time,2013,0.2
Arkansas,AR,fh-tv,2013,1.2
Arkansas,AR,fh-uw,2013,0.1
Arkansas,AR,sc-born,2013,2.4
Arkansas,AR,sc-eng-a,2013,2.9
Arkansas,AR,sc-eng-c,2013,2.5
Arkansas,AR,sc-mid,2013,1.7
Arkansas,AR,sm-em,2013,3.7
Arkansas,AR,sm-grad,2013,-1.3
Arkansas,AR,sm-hr,2013,2.1
Arkansas,AR,sm-neet,2013,-1.8
Arkansas,AR,st-fc,2013,2.2
Arkansas,AR,st-fc trust,2013,1.2
Arkansas,AR,st-fcc,2013,1.6
Arkansas,AR,st-vc,2013,0.9
California,CA,Civic Engagement,2013,3.6
California,CA,Community Life,2013,6.6
California,CA,Family Health,2013,11.4
California,CA,Future Generations,2013,7.9
California,CA,Social Cohesion,2013,-7.5
California,CA,Social Mobility,2013,0.2
California,CA,Social Trust,2013,10.8
California,CA,Total,2013,33.1
California,CA,ce-ao,2013,2.0
California,CA,ce-vt,2013,0.1
California,CA,cl-cdd,2013,1.7
California,CA,cl-don,2013,0.1
California,CA,cl-mem,2013,0.4
California,CA,cl-np,2013,0.7
California,CA,cl-npo,2013,0.7
California,CA,cl-porg,2013,0.7
California,CA,cl-rel,2013,0.6
California,CA,cl-ta,2013,1.6
California,CA,cl-tfn,2013,2.1
California,CA,cl-vol,2013,0.4
California,CA,cv-pm,2013,1.5
California,CA,fg-act,2013,1.7
California,CA,fg-br,2013,2.1
California,CA,fg-play,2013,1.6
California,CA,fg-read,2013,1.1
California,CA,fg-sch,2013,0.6
California,CA,fg-yorg,2013,0.9
California,CA,fh-eat,2013,2.6
California,CA,fh-ed,2013,1.8
California,CA,fh-ma,2013,1.2
California,CA,fh-read,2013,1.0
California,CA,fh-spf,2013,3.4
California,CA,fh-time,2013,0.5
California,CA,fh-tv,2013,1.2
California,CA,fh-uw,2013,1.0
California,CA,sc-born,2013,1.3
California,CA,sc-eng-a,2013,-4.6
California,CA,sc-eng-c,2013,-5.1
California,CA,sc-mid,2013,0.9
California,CA,sm-em,2013,0.9
California,CA,sm-grad,2013,1.6
California,CA,sm-hr,2013,-1.7
California,CA,sm-neet,2013,-0.6
California,CA,st-fc,2013,2.7
California,CA,st-fc trust,2013,3.8
California,CA,st-fcc,2013,2.7
California,CA,st-vc,2013,1.6
Colorado,CO,Civic Engagement,2013,13.6
Colorado,CO,Community Life,2013,7.9
Colorado,CO,Family Health,2013,14.3
Colorado,CO,Future Generations,2013,15.6
Colorado,CO,Social Cohesion,2013,3.5
Colorado,CO,Social Mobility,2013,7.3
Colorado,CO,Social Trust,2013,12.8
Colorado,CO,Total,2013,74.9
Colorado,CO,ce-ao,2013,2.7
Colorado,CO,ce-vt,2013,6.0
Colorado,CO,cl-cdd,2013,1.9
Colorado,CO,cl-don,2013,1.9
Colorado,CO,cl-mem,2013,1.3
Colorado,CO,cl-np,2013,2.4
Colorado,CO,cl-npo,2013,0.7
Colorado,CO,cl-porg,2013,0.8
Colorado,CO,cl-rel,2013,0.1
Colorado,CO,cl-ta,2013,1.5
Colorado,CO,cl-tfn,2013,0.3
Colorado,CO,cl-vol,2013,1.4
Colorado,CO,cv-pm,2013,4.8
Colorado,CO,fg-act,2013,1.4
Colorado,CO,fg-br,2013,1.6
Colorado,CO,fg-play,2013,4.2
Colorado,CO,fg-read,2013,1.7
Colorado,CO,fg-sch,2013,0.5
Colorado,CO,fg-yorg,2013,4.1
Colorado,CO,fh-eat,2013,3.1
Colorado,CO,fh-ed,2013,2.4
Colorado,CO,fh-ma,2013,1.3
Colorado,CO,fh-read,2013,3.8
Colorado,CO,fh-spf,2013,0.6
Colorado,CO,fh-time,2013,-0.4
Colorado,CO,fh-tv,2013,1.0
Colorado,CO,fh-uw,2013,3.5
Colorado,CO,sc-born,2013,-0.5
Colorado,CO,sc-eng-a,2013,1.3
Colorado,CO,sc-eng-c,2013,0.8
Colorado,CO,sc-mid,2013,2.0
Colorado,CO,sm-em,2013,1.4
Colorado,CO,sm-grad,2013,3.4
Colorado,CO,sm-hr,2013,1.5
Colorado,CO,sm-neet,2013,1.0
Colorado,CO,st-fc,2013,4.1
Colorado,CO,st-fc trust,2013,3.2
Colorado,CO,st-fcc,2013,2.9
Colorado,CO,st-vc,2013,2.6
Connecticut,CT,Civic Engagement,2013,7.3
Connecticut,CT,Community Life,2013,8.7
Connecticut,CT,Family Health,2013,7.0
Connecticut,CT,Future Generations,2013,-0.2
Connecticut,CT,Social Cohesion,2013,5.1
Connecticut,CT,Social Mobility,2013,9.7
Connecticut,CT,Social Trust,2013,11.1
Connecticut,CT,Total,2013,48.8
Connecticut,CT,ce-ao,2013,2.0
Connecticut,CT,ce-vt,2013,2.5
Connecticut,CT,cl-cdd,2013,2.8
Connecticut,CT,cl-don,2013,1.8
Connecticut,CT,cl-mem,2013,0.9
Connecticut,CT,cl-np,2013,0.1
Connecticut,CT,cl-npo,2013,0.8
Connecticut,CT,cl-porg,2013,0.7
Connecticut,CT,cl-rel,2013,0.2
Connecticut,CT,cl-ta,2013,1.2
Connecticut,CT,cl-tfn,2013,2.0
Connecticut,CT,cl-vol,2013,1.1
Connecticut,CT,cv-pm,2013,2.8
Connecticut,CT,fg-act,2013,2.5
Connecticut,CT,fg-br,2013,-0.3
Connecticut,CT,fg-play,2013,-0.7
Connecticut,CT,fg-read,2013,1.7
Connecticut,CT,fg-sch,2013,0.5
Connecticut,CT,fg-yorg,2013,0.4
Connecticut,CT,fh-eat,2013,0.2
Connecticut,CT,fh-ed,2013,0.6
Connecticut,CT,fh-ma,2013,1.2
Connecticut,CT,fh-read,2013,2.3
Connecticut,CT,fh-spf,2013,1.1
Connecticut,CT,fh-time,2013,0.4
Connecticut,CT,fh-tv,2013,1.2
Connecticut,CT,fh-uw,2013,1.2
Connecticut,CT,sc-born,2013,1.5
Connecticut,CT,sc-eng-a,2013,0.5
Connecticut,CT,sc-eng-c,2013,1.6
Connecticut,CT,sc-mid,2013,1.5
Connecticut,CT,sm-em,2013,2.1
Connecticut,CT,sm-grad,2013,3.3
Connecticut,CT,sm-hr,2013,2.9
Connecticut,CT,sm-neet,2013,1.4
Connecticut,CT,st-fc,2013,2.8
Connecticut,CT,st-fc trust,2013,2.4
Connecticut,CT,st-fcc,2013,3.0
Connecticut,CT,st-vc,2013,2.9
Delaware,DE,Civic Engagement,2013,12.5
Delaware,DE,Community Life,2013,7.9
Delaware,DE,Family Health,2013,7.6
Delaware,DE,Future Generations,2013,7.2
Delaware,DE,Social Cohesion,2013,6.4
Delaware,DE,Social Mobility,2013,7.0
Delaware,DE,Social Trust,2013,5.2
Delaware,DE,Total,2013,53.9
Delaware,DE,ce-ao,2013,1.9
Delaware,DE,ce-vt,2013,4.6
Delaware,DE,cl-cdd,2013,1.7
Delaware,DE,cl-don,2013,1.2
Delaware,DE,cl-mem,2013,0.3
Delaware,DE,cl-np,2013,0.3
Delaware,DE,cl-npo,2013,1.0
Delaware,DE,cl-porg,2013,0.8
Delaware,DE,cl-rel,2013,0.8
Delaware,DE,cl-ta,2013,1.1
Delaware,DE,cl-tfn,2013,2.1
Delaware,DE,cl-vol,2013,0.7
Delaware,DE,cv-pm,2013,6.0
Delaware,DE,fg-act,2013,-0.4
Delaware,DE,fg-br,2013,1.3
Delaware,DE,fg-play,2013,0.0
Delaware,DE,fg-read,2013,1.7
Delaware,DE,fg-sch,2013,1.7
Delaware,DE,fg-yorg,2013,1.8
Delaware,DE,fh-eat,2013,1.7
Delaware,DE,fh-ed,2013,0.0
Delaware,DE,fh-ma,2013,1.2
Delaware,DE,fh-read,2013,2.7
Delaware,DE,fh-spf,2013,1.8
Delaware,DE,fh-time,2013,0.4
Delaware,DE,fh-tv,2013,1.2
Delaware,DE,fh-uw,2013,-0.3
Delaware,DE,sc-born,2013,-0.1
Delaware,DE,sc-eng-a,2013,2.3
Delaware,DE,sc-eng-c,2013,1.6
Delaware,DE,sc-mid,2013,2.6
Delaware,DE,sm-em,2013,1.9
Delaware,DE,sm-grad,2013,1.2
Delaware,DE,sm-hr,2013,3.4
Delaware,DE,sm-neet,2013,0.5
Delaware,DE,st-fc,2013,3.0
Delaware,DE,st-fc trust,2013,0.7
Delaware,DE,st-fcc,2013,1.4
Delaware,DE,st-vc,2013,0.1
District of Columbia,DC,Community Life,2013,25.8
District of Columbia,DC,Family Health,2013,-1.7
District of Columbia,DC,Future Generations,2013,23.4
District of Columbia,DC,Social Mobility,2013,10.7
District of Columbia,DC,Social Trust,2013,-69.8
District of Columbia,DC,ce-ao,2013,23.3
District of Columbia,DC,ce-vt,2013,8.6
District of Columbia,DC,cl-cdd,2013,2.3
District of Columbia,DC,cl-don,2013,-0.2
District of Columbia,DC,cl-mem,2013,2.7
District of Columbia,DC,cl-np,2013,3.3
District of Columbia,DC,cl-npo,2013,8.5
District of Columbia,DC,cl-porg,2013,7.6
District of Columbia,DC,cl-rel,2013,1.1
District of Columbia,DC,cl-ta,2013,-0.5
District of Columbia,DC,cl-tfn,2013,5.2
District of Columbia,DC,cl-vol,2013,1.5
District of Columbia,DC,fg-act,2013,0.7
District of Columbia,DC,fg-br,2013,3.5
District of Columbia,DC,fg-play,2013,4.4
District of Columbia,DC,fg-read,2013,0.1
District of Columbia,DC,fg-sch,2013,3.3
District of Columbia,DC,fg-yorg,2013,4.4
District of Columbia,DC,fh-eat,2013,2.3
District of Columbia,DC,fh-ed,2013,-1.5
District of Columbia,DC,fh-ma,2013,-5.2
District of Columbia,DC,fh-read,2013,5.6
District of Columbia,DC,fh-spf,2013,-1.5
District of Columbia,DC,fh-time,2013,-0.7
District of Columbia,DC,fh-tv,2013,1.2
District of Columbia,DC,fh-uw,2013,-0.7
District of Columbia,DC,sc-born,2013,-1.2
District of Columbia,DC,sc-eng-a,2013,2.3
District of Columbia,DC,sc-eng-c,2013,2.2
District of Columbia,DC,sm-em,2013,7.6
District of Columbia,DC,sm-grad,2013,8.1
District of Columbia,DC,sm-hr,2013,-5.2
District of Columbia,DC,sm-neet,2013,0.2
District of Columbia,DC,st-fc,2013,-16.6
District of Columbia,DC,st-fc trust,2013,-6.6
District of Columbia,DC,st-fcc,2013,-40.5
District of Columbia,DC,st-vc,2013,-6.1
Florida,FL,Civic Engagement,2013,4.3
Florida,FL,Community Life,2013,3.9
Florida,FL,Family Health,2013,4.1
Florida,FL,Future Generations,2013,4.9
Florida,FL,Social Cohesion,2013,-1.4
Florida,FL,Social Mobility,2013,0.6
Florida,FL,Social Trust,2013,1.3
Florida,FL,Total,2013,17.5
Florida,FL,ce-ao,2013,2.3
Florida,FL,ce-vt,2013,1.6
Florida,FL,cl-cdd,2013,0.2
Florida,FL,cl-don,2013,-0.7
Florida,FL,cl-mem,2013,0.0
Florida,FL,cl-np,2013,0.8
Florida,FL,cl-npo,2013,0.6
Florida,FL,cl-porg,2013,0.8
Florida,FL,cl-rel,2013,1.1
Florida,FL,cl-ta,2013,0.8
Florida,FL,cl-tfn,2013,1.6
Florida,FL,cl-vol,2013,-0.4
Florida,FL,cv-pm,2013,0.3
Florida,FL,fg-act,2013,0.5
Florida,FL,fg-br,2013,0.3
Florida,FL,fg-play,2013,2.0
Florida,FL,fg-read,2013,0.4
Florida,FL,fg-sch,2013,0.2
Florida,FL,fg-yorg,2013,0.7
Florida,FL,fh-eat,2013,1.5
Florida,FL,fh-ed,2013,-0.7
Florida,FL,fh-ma,2013,0.6
Florida,FL,fh-read,2013,1.4
Florida,FL,fh-spf,2013,0.9
Florida,FL,fh-time,2013,0.7
Florida,FL,fh-tv,2013,1.2
Florida,FL,fh-uw,2013,-0.3
Florida,FL,sc-born,2013,-1.6
Florida,FL,sc-eng-a,2013,-1.0
Florida,FL,sc-eng-c,2013,-0.3
Florida,FL,sc-mid,2013,1.5
Florida,FL,sm-em,2013,-0.2
Florida,FL,sm-grad,2013,0.3
Florida,FL,sm-hr,2013,1.7
Florida,FL,sm-neet,2013,-1.1
Florida,FL,st-fc,2013,-1.8
Florida,FL,st-fc trust,2013,0.5
Florida,FL,st-fcc,2013,1.9
Florida,FL,st-vc,2013,0.6
Georgia,GA,Civic Engagement,2013,5.5
Georgia,GA,Community Life,2013,8.9
Georgia,GA,Family Health,2013,6.6
Georgia,GA,Future Generations,2013,10.2
Georgia,GA,Social Cohesion,2013,6.3
Georgia,GA,Social Mobility,2013,0.3
Georgia,GA,Social Trust,2013,7.9
Georgia,GA,Total,2013,45.6
Georgia,GA,ce-ao,2013,2.0
Georgia,GA,ce-vt,2013,2.1
Georgia,GA,cl-cdd,2013,1.6
Georgia,GA,cl-don,2013,0.7
Georgia,GA,cl-mem,2013,1.0
Georgia,GA,cl-np,2013,3.4
Georgia,GA,cl-npo,2013,0.6
Georgia,GA,cl-porg,2013,0.8
Georgia,GA,cl-rel,2013,2.0
Georgia,GA,cl-ta,2013,1.7
Georgia,GA,cl-tfn,2013,1.7
Georgia,GA,cl-vol,2013,0.3
Georgia,GA,cv-pm,2013,1.3
Georgia,GA,fg-act,2013,1.2
Georgia,GA,fg-br,2013,2.2
Georgia,GA,fg-play,2013,0.8
Georgia,GA,fg-read,2013,0.7
Georgia,GA,fg-sch,2013,2.0
Georgia,GA,fg-yorg,2013,1.7
Georgia,GA,fh-eat,2013,2.6
Georgia,GA,fh-ed,2013,-0.4
Georgia,GA,fh-ma,2013,0.9
Georgia,GA,fh-read,2013,1.7
Georgia,GA,fh-spf,2013,1.1
Georgia,GA,fh-time,2013,0.5
Georgia,GA,fh-tv,2013,1.2
Georgia,GA,fh-uw,2013,0.1
Georgia,GA,sc-born,2013,1.5
Georgia,GA,sc-eng-a,2013,1.7
Georgia,GA,sc-eng-c,2013,1.9
Georgia,GA,sc-mid,2013,1.1
Georgia,GA,sm-em,2013,0.7
Georgia,GA,sm-grad,2013,0.8
Georgia,GA,sm-hr,2013,1.2
Georgia,GA,sm-neet,2013,-2.4
Georgia,GA,st-fc,2013,2.3
Georgia,GA,st-fc trust,2013,2.2
Georgia,GA,st-fcc,2013,1.4
Georgia,GA,st-vc,2013,2.0
Hawaii,HI,Civic Engagement,2013,-0.1
Hawaii,HI,Community Life,2013,5.0
Hawaii,HI,Family Health,2013,15.1
Hawaii,HI,Future Generations,2013,9.6
Hawaii,HI,Social Cohesion,2013,2.3
Hawaii,HI,Social Mobility,2013,3.5
Hawaii,HI,Social Trust,2013,9.3
Hawaii,HI,Total,2013,44.7
Hawaii,HI,ce-ao,2013,2.1
Hawaii,HI,ce-vt,2013,-2.6
Hawaii,HI,cl-cdd,2013,1.2
Hawaii,HI,cl-don,2013,1.1
Hawaii,HI,cl-mem,2013,0.4
Hawaii,HI,cl-np,2013,0.2
Hawaii,HI,cl-npo,2013,0.8
Hawaii,HI,cl-porg,2013,0.7
Hawaii,HI,cl-rel,2013,0.8
Hawaii,HI,cl-ta,2013,1.4
Hawaii,HI,cl-tfn,2013,-0.2
Hawaii,HI,cl-vol,2013,0.0
Hawaii,HI,cv-pm,2013,0.4
Hawaii,HI,fg-act,2013,1.1
Hawaii,HI,fg-br,2013,2.5
Hawaii,HI,fg-play,2013,3.1
Hawaii,HI,fg-read,2013,1.7
Hawaii,HI,fg-sch,2013,-0.1
Hawaii,HI,fg-yorg,2013,0.9
Hawaii,HI,fh-eat,2013,3.7
Hawaii,HI,fh-ed,2013,0.5
Hawaii,HI,fh-ma,2013,1.8
Hawaii,HI,fh-read,2013,3.2
Hawaii,HI,fh-spf,2013,4.3
Hawaii,HI,fh-time,2013,0.2
Hawaii,HI,fh-tv,2013,1.2
Hawaii,HI,fh-uw,2013,1.3
Hawaii,HI,sc-born,2013,1.4
Hawaii,HI,sc-eng-a,2013,-1.2
Hawaii,HI,sc-eng-c,2013,-0.7
Hawaii,HI,sc-mid,2013,2.9
Hawaii,HI,sm-em,2013,1.4
Hawaii,HI,sm-grad,2013,1.2
Hawaii,HI,sm-hr,2013,-0.2
Hawaii,HI,sm-neet,2013,1.1
Hawaii,HI,st-fc,2013,1.3
Hawaii,HI,st-fc trust,2013,2.1
Hawaii,HI,st-fcc,2013,2.8
Hawaii,HI,st-vc,2013,3.2
Idaho,ID,Civic Engagement,2013,11.9
Idaho,ID,Community Life,2013,11.1
Idaho,ID,Family Health,2013,16.1
Idaho,ID,Future Generations,2013,6.8
Idaho,ID,Social Cohesion,2013,7.7
Idaho,ID,Social Mobility,2013,2.5
Idaho,ID,Social Trust,2013,13.7
Idaho,ID,Total,2013,69.8
Idaho,ID,ce-ao,2013,2.0
Idaho,ID,ce-vt,2013,3.1
Idaho,ID,cl-cdd,2013,1.2
Idaho,ID,cl-don,2013,0.5
Idaho,ID,cl-mem,2013,1.4
Idaho,ID,cl-np,2013,0.2
Idaho,ID,cl-npo,2013,0.6
Idaho,ID,cl-porg,2013,0.7
Idaho,ID,cl-rel,2013,2.0
Idaho,ID,cl-ta,2013,2.6
Idaho,ID,cl-tfn,2013,1.0
Idaho,ID,cl-vol,2013,2.3
Idaho,ID,cv-pm,2013,6.8
Idaho,ID,fg-act,2013,0.0
Idaho,ID,fg-br,2013,2.7
Idaho,ID,fg-play,2013,0.7
Idaho,ID,fg-read,2013,1.2
Idaho,ID,fg-sch,2013,0.2
Idaho,ID,fg-yorg,2013,0.9
Idaho,ID,fh-eat,2013,3.1
Idaho,ID,fh-ed,2013,1.6
Idaho,ID,fh-ma,2013,2.7
Idaho,ID,fh-read,2013,3.6
Idaho,ID,fh-spf,2013,1.1
Idaho,ID,fh-time,2013,1.0
Idaho,ID,fh-tv,2013,1.0
Idaho,ID,fh-uw,2013,2.9
Idaho,ID,sc-born,2013,0.1
Idaho,ID,sc-eng-a,2013,2.5
Idaho,ID,sc-eng-c,2013,2.4
Idaho,ID,sc-mid,2013,2.7
Idaho,ID,sm-em,2013,1.1
Idaho,ID,sm-grad,2013,0.1
Idaho,ID,sm-hr,2013,2.7
Idaho,ID,sm-neet,2013,-1.4
Idaho,ID,st-fc,2013,3.4
Idaho,ID,st-fc trust,2013,3.7
Idaho,ID,st-fcc,2013,3.0
Idaho,ID,st-vc,2013,3.7
Illinois,IL,Civic Engagement,2013,5.9
Illinois,IL,Community Life,2013,8.3
Illinois,IL,Family Health,2013,8.8
Illinois,IL,Future Generations,2013,9.4
Illinois,IL,Social Cohesion,2013,4.3
Illinois,IL,Social Mobility,2013,5.0
Illinois,IL,Social Trust,2013,5.8
Illinois,IL,Total,2013,47.5
Illinois,IL,ce-ao,2013,2.0
Illinois,IL,ce-vt,2013,2.0
Illinois,IL,cl-cdd,2013,1.6
Illinois,IL,cl-don,2013,1.6
Illinois,IL,cl-mem,2013,0.3
Illinois,IL,cl-np,2013,1.3
Illinois,IL,cl-npo,2013,0.8
Illinois,IL,cl-porg,2013,1.0
Illinois,IL,cl-rel,2013,1.3
Illinois,IL,cl-ta,2013,1.3
Illinois,IL,cl-tfn,2013,1.3
Illinois,IL,cl-vol,2013,0.7
Illinois,IL,cv-pm,2013,1.9
Illinois,IL,fg-act,2013,1.4
Illinois,IL,fg-br,2013,1.4
Illinois,IL,fg-play,2013,3.0
Illinois,IL,fg-read,2013,1.8
Illinois,IL,fg-sch,2013,1.4
Illinois,IL,fg-yorg,2013,0.4
Illinois,IL,fh-eat,2013,1.6
Illinois,IL,fh-ed,2013,0.5
Illinois,IL,fh-ma,2013,1.0
Illinois,IL,fh-read,2013,2.5
Illinois,IL,fh-spf,2013,1.2
Illinois,IL,fh-time,2013,1.1
Illinois,IL,fh-tv,2013,1.2
Illinois,IL,fh-uw,2013,0.9
Illinois,IL,sc-born,2013,3.3
Illinois,IL,sc-eng-a,2013,0.0
Illinois,IL,sc-eng-c,2013,-0.4
Illinois,IL,sc-mid,2013,1.3
Illinois,IL,sm-em,2013,0.2
Illinois,IL,sm-grad,2013,1.8
Illinois,IL,sm-hr,2013,2.6
Illinois,IL,sm-neet,2013,0.3
Illinois,IL,st-fc,2013,2.1
Illinois,IL,st-fc trust,2013,0.9
Illinois,IL,st-fcc,2013,1.3
Illinois,IL,st-vc,2013,1.5
Indiana,IN,Civic Engagement,2013,3.5
Indiana,IN,Community Life,2013,6.9
Indiana,IN,Family Health,2013,8.0
Indiana,IN,Future Generations,2013,7.1
Indiana,IN,Social Cohesion,2013,10.8
Indiana,IN,Social Mobility,2013,3.4
Indiana,IN,Social Trust,2013,10.9
Indiana,IN,Total,2013,50.7
Indiana,IN,ce-ao,2013,1.9
Indiana,IN,ce-vt,2013,1.0
Indiana,IN,cl-cdd,2013,0.5
Indiana,IN,cl-don,2013,0.7
Indiana,IN,cl-mem,2013,-0.1
Indiana,IN,cl-np,2013,1.3
Indiana,IN,cl-npo,2013,0.8
Indiana,IN,cl-porg,2013,0.7
Indiana,IN,cl-rel,2013,1.9
Indiana,IN,cl-ta,2013,1.3
Indiana,IN,cl-tfn,2013,0.7
Indiana,IN,cl-vol,2013,0.9
Indiana,IN,cv-pm,2013,0.7
Indiana,IN,fg-act,2013,0.9
Indiana,IN,fg-br,2013,1.7
Indiana,IN,fg-play,2013,0.4
Indiana,IN,fg-read,2013,0.5
Indiana,IN,fg-sch,2013,0.9
Indiana,IN,fg-yorg,2013,1.7
Indiana,IN,fh-eat,2013,1.3
Indiana,IN,fh-ed,2013,0.6
Indiana,IN,fh-ma,2013,1.3
Indiana,IN,fh-read,2013,3.0
Indiana,IN,fh-spf,2013,0.7
Indiana,IN,fh-time,2013,0.8
Indiana,IN,fh-tv,2013,1.2
Indiana,IN,fh-uw,2013,0.4
Indiana,IN,sc-born,2013,3.6
Indiana,IN,sc-eng-a,2013,2.9
Indiana,IN,sc-eng-c,2013,2.2
Indiana,IN,sc-mid,2013,2.2
Indiana,IN,sm-em,2013,0.8
Indiana,IN,sm-grad,2013,-0.6
Indiana,IN,sm-hr,2013,3.4
Indiana,IN,sm-neet,2013,-0.2
Indiana,IN,st-fc,2013,3.4
Indiana,IN,st-fc trust,2013,2.7
Indiana,IN,st-fcc,2013,2.4
Indiana,IN,st-vc,2013,2.4
Iowa,IA,Civic Engagement,2013,12.8
Iowa,IA,Community Life,2013,11.4
Iowa,IA,Family Health,2013,10.0
Iowa,IA,Future Generations,2013,7.5
Iowa,IA,Social Cohesion,2013,12.3
Iowa,IA,Social Mobility,2013,10.8
Iowa,IA,Social Trust,2013,9.5
Iowa,IA,Total,2013,74.3
Iowa,IA,ce-ao,2013,2.0
Iowa,IA,ce-vt,2013,5.6
Iowa,IA,cl-cdd,2013,1.2
Iowa,IA,cl-don,2013,0.9
Iowa,IA,cl-mem,2013,1.6
Iowa,IA,cl-np,2013,0.6
Iowa,IA,cl-npo,2013,1.0
Iowa,IA,cl-porg,2013,0.8
Iowa,IA,cl-rel,2013,1.4
Iowa,IA,cl-ta,2013,2.1
Iowa,IA,cl-tfn,2013,1.7
Iowa,IA,cl-vol,2013,2.0
Iowa,IA,cv-pm,2013,5.2
Iowa,IA,fg-act,2013,2.6
Iowa,IA,fg-br,2013,1.4
Iowa,IA,fg-play,2013,0.9
Iowa,IA,fg-read,2013,1.1
Iowa,IA,fg-sch,2013,2.2
Iowa,IA,fg-yorg,2013,0.5
Iowa,IA,fh-eat,2013,2.5
Iowa,IA,fh-ed,2013,1.0
Iowa,IA,fh-ma,2013,1.8
Iowa,IA,fh-read,2013,2.4
Iowa,IA,fh-spf,2013,0.0
Iowa,IA,fh-time,2013,0.6
Iowa,IA,fh-tv,2013,1.2
Iowa,IA,fh-uw,2013,1.8
Iowa,IA,sc-born,2013,4.1
Iowa,IA,sc-eng-a,2013,3.0
Iowa,IA,sc-eng-c,2013,2.5
Iowa,IA,sc-mid,2013,2.6
Iowa,IA,sm-em,2013,2.9
Iowa,IA,sm-grad,2013,0.3
Iowa,IA,sm-hr,2013,4.3
Iowa,IA,sm-neet,2013,3.3
Iowa,IA,st-fc,2013,2.0
Iowa,IA,st-fc trust,2013,2.0
Iowa,IA,st-fcc,2013,2.4
Iowa,IA,st-vc,2013,3.1
Kansas,KS,Civic Engagement,2013,8.4
Kansas,KS,Community Life,2013,12.0
Kansas,KS,Family Health,2013,11.2
Kansas,KS,Future Generations,2013,8.3
Kansas,KS,Social Cohesion,2013,8.6
Kansas,KS,Social Mobility,2013,7.2
Kansas,KS,Social Trust,2013,7.6
Kansas,KS,Total,2013,63.3
Kansas,KS,ce-ao,2013,1.9
Kansas,KS,ce-vt,2013,2.8
Kansas,KS,cl-cdd,2013,1.1
Kansas,KS,cl-don,2013,1.6
Kansas,KS,cl-mem,2013,1.4
Kansas,KS,cl-np,2013,0.5
Kansas,KS,cl-npo,2013,0.6
Kansas,KS,cl-porg,2013,0.8
Kansas,KS,cl-rel,2013,2.4
Kansas,KS,cl-ta,2013,1.7
Kansas,KS,cl-tfn,2013,1.2
Kansas,KS,cl-vol,2013,2.3
Kansas,KS,cv-pm,2013,3.7
Kansas,KS,fg-act,2013,0.5
Kansas,KS,fg-br,2013,2.5
Kansas,KS,fg-play,2013,0.9
Kansas,KS,fg-read,2013,2.9
Kansas,KS,fg-sch,2013,1.7
Kansas,KS,fg-yorg,2013,0.4
Kansas,KS,fh-eat,2013,2.5
Kansas,KS,fh-ed,2013,1.7
Kansas,KS,fh-ma,2013,1.7
Kansas,KS,fh-read,2013,2.9
Kansas,KS,fh-spf,2013,0.2
Kansas,KS,fh-time,2013,0.7
Kansas,KS,fh-tv,2013,1.2
Kansas,KS,fh-uw,2013,1.5
Kansas,KS,sc-born,2013,2.0
Kansas,KS,sc-eng-a,2013,2.3
Kansas,KS,sc-eng-c,2013,2.0
Kansas,KS,sc-mid,2013,2.2
Kansas,KS,sm-em,2013,1.3
Kansas,KS,sm-grad,2013,1.5
Kansas,KS,sm-hr,2013,2.9
Kansas,KS,sm-neet,2013,1.5
Kansas,KS,st-fc,2013,1.8
Kansas,KS,st-fc trust,2013,1.3
Kansas,KS,st-fcc,2013,2.3
Kansas,KS,st-vc,2013,2.2
Kentucky,KY,Civic Engagement,2013,2.9
Kentucky,KY,Community Life,2013,8.7
Kentucky,KY,Family Health,2013,8.5
Kentucky,KY,Future Generations,2013,5.7
Kentucky,KY,Social Cohesion,2013,11.6
Kentucky,KY,Social Mobility,2013,3.4
Kentucky,KY,Social Trust,2013,2.2
Kentucky,KY,Total,2013,43.0
Kentucky,KY,ce-ao,2013,2.0
Kentucky,KY,ce-vt,2013,1.0
Kentucky,KY,cl-cdd,2013,0.9
Kentucky,KY,cl-don,2013,0.4
Kentucky,KY,cl-mem,2013,0.4
Kentucky,KY,cl-np,2013,0.8
Kentucky,KY,cl-npo,2013,0.7
Kentucky,KY,cl-porg,2013,0.7
Kentucky,KY,cl-rel,2013,2.3
Kentucky,KY,cl-ta,2013,1.9
Kentucky,KY,cl-tfn,2013,2.0
Kentucky,KY,cl-vol,2013,0.4
Kentucky,KY,cv-pm,2013,0.0
Kentucky,KY,fg-act,2013,1.0
Kentucky,KY,fg-br,2013,1.6
Kentucky,KY,fg-play,2013,0.3
Kentucky,KY,fg-read,2013,0.2
Kentucky,KY,fg-sch,2013,1.8
Kentucky,KY,fg-yorg,2013,0.2
Kentucky,KY,fh-eat,2013,2.3
Kentucky,KY,fh-ed,2013,0.3
Kentucky,KY,fh-ma,2013,1.4
Kentucky,KY,fh-read,2013,2.3
Kentucky,KY,fh-spf,2013,0.5
Kentucky,KY,fh-time,2013,1.1
Kentucky,KY,fh-tv,2013,1.2
Kentucky,KY,fh-uw,2013,0.6
Kentucky,KY,sc-born,2013,3.8
Kentucky,KY,sc-eng-a,2013,3.4
Kentucky,KY,sc-eng-c,2013,3.2
Kentucky,KY,sc-mid,2013,1.2
Kentucky,KY,sm-em,2013,2.7
Kentucky,KY,sm-grad,2013,-1.1
Kentucky,KY,sm-hr,2013,2.9
Kentucky,KY,sm-neet,2013,-1.1
Kentucky,KY,st-fc,2013,0.4
Kentucky,KY,st-fc trust,2013,-0.3
Kentucky,KY,st-fcc,2013,-1.3
Kentucky,KY,st-vc,2013,3.3
Louisiana,LA,Civic Engagement,2013,8.5
Louisiana,LA,Community Life,2013,2.7
Louisiana,LA,Family Health,2013,3.2
Louisiana,LA,Future Generations,2013,10.6
Louisiana,LA,Social Cohesion,2013,12.3
Louisiana,LA,Social Mobility,2013,1.1
Louisiana,LA,Social Trust,2013,-4.9
Louisiana,LA,Total,2013,33.5
Louisiana,LA,ce-ao,2013,2.0
Louisiana,LA,ce-vt,2013,4.2
Louisiana,LA,cl-cdd,2013,0.0
Louisiana,LA,cl-don,2013,-1.7
Louisiana,LA,cl-mem,2013,-0.1
Louisiana,LA,cl-np,2013,0.4
Louisiana,LA,cl-npo,2013,0.6
Louisiana,LA,cl-porg,2013,0.7
Louisiana,LA,cl-rel,2013,3.0
Louisiana,LA,cl-ta,2013,0.8
Louisiana,LA,cl-tfn,2013,0.4
Louisiana,LA,cl-vol,2013,-0.9
Louisiana,LA,cv-pm,2013,2.3
Louisiana,LA,fg-act,2013,0.6
Louisiana,LA,fg-br,2013,2.3
Louisiana,LA,fg-play,2013,2.7
Louisiana,LA,fg-read,2013,-0.3
Louisiana,LA,fg-sch,2013,1.9
Louisiana,LA,fg-yorg,2013,0.2
Louisiana,LA,fh-eat,2013,3.1
Louisiana,LA,fh-ed,2013,-3.0
Louisiana,LA,fh-ma,2013,0.0
Louisiana,LA,fh-read,2013,1.8
Louisiana,LA,fh-spf,2013,0.5
Louisiana,LA,fh-time,2013,1.9
Louisiana,LA,fh-tv,2013,1.2
Louisiana,LA,fh-uw,2013,-1.1
Louisiana,LA,sc-born,2013,5.0
Louisiana,LA,sc-eng-a,2013,3.0
Louisiana,LA,sc-eng-c,2013,3.6
Louisiana,LA,sc-mid,2013,0.6
Louisiana,LA,sm-em,2013,2.6
Louisiana,LA,sm-grad,2013,-1.1
Louisiana,LA,sm-hr,2013,2.2
Louisiana,LA,sm-neet,2013,-2.5
Louisiana,LA,st-fc,2013,-1.3
Louisiana,LA,st-fc trust,2013,-1.2
Louisiana,LA,st-fcc,2013,-2.6
Louisiana,LA,st-vc,2013,0.2
Maine,ME,Civic Engagement,2013,14.7
Maine,ME,Community Life,2013,7.7
Maine,ME,Family Health,2013,13.5
Maine,ME,Future Generations,2013,3.5
Maine,ME,Social Cohesion,2013,12.2
Maine,ME,Social Mobility,2013,7.2
Maine,ME,Social Trust,2013,12.6
Maine,ME,Total,2013,71.3
Maine,ME,ce-ao,2013,2.0
Maine,ME,ce-vt,2013,5.2
Maine,ME,cl-cdd,2013,0.8
Maine,ME,cl-don,2013,1.0
Maine,ME,cl-mem,2013,1.9
Maine,ME,cl-np,2013,0.1
Maine,ME,cl-npo,2013,0.7
Maine,ME,cl-porg,2013,0.7
Maine,ME,cl-rel,2013,-0.6
Maine,ME,cl-ta,2013,1.8
Maine,ME,cl-tfn,2013,0.3
Maine,ME,cl-vol,2013,1.9
Maine,ME,cv-pm,2013,7.5
Maine,ME,fg-act,2013,2.2
Maine,ME,fg-br,2013,-1.0
Maine,ME,fg-play,2013,0.0
Maine,ME,fg-read,2013,0.2
Maine,ME,fg-sch,2013,1.8
Maine,ME,fg-yorg,2013,1.5
Maine,ME,fh-eat,2013,2.4
Maine,ME,fh-ed,2013,2.0
Maine,ME,fh-ma,2013,1.4
Maine,ME,fh-read,2013,4.7
Maine,ME,fh-spf,2013,0.2
Maine,ME,fh-time,2013,2.0
Maine,ME,fh-tv,2013,1.2
Maine,ME,fh-uw,2013,0.8
Maine,ME,sc-born,2013,2.9
Maine,ME,sc-eng-a,2013,3.6
Maine,ME,sc-eng-c,2013,3.6
Maine,ME,sc-mid,2013,2.2
Maine,ME,sm-em,2013,1.4
Maine,ME,sm-grad,2013,1.0
Maine,ME,sm-hr,2013,4.1
Maine,ME,sm-neet,2013,0.6
Maine,ME,st-fc,2013,2.6
Maine,ME,st-fc trust,2013,3.4
Maine,ME,st-fcc,2013,2.1
Maine,ME,st-vc,2013,4.4
Maryland,MD,Civic Engagement,2013,8.1
Maryland,MD,Community Life,2013,7.9
Maryland,MD,Family Health,2013,7.4
Maryland,MD,Future Generations,2013,6.1
Maryland,MD,Social Cohesion,2013,5.4
Maryland,MD,Social Mobility,2013,8.6
Maryland,MD,Social Trust,2013,5.2
Maryland,MD,Total,2013,48.8
Maryland,MD,ce-ao,2013,2.0
Maryland,MD,ce-vt,2013,3.6
Maryland,MD,cl-cdd,2013,3.5
Maryland,MD,cl-don,2013,1.6
Maryland,MD,cl-mem,2013,1.0
Maryland,MD,cl-np,2013,0.3
Maryland,MD,cl-npo,2013,0.7
Maryland,MD,cl-porg,2013,0.9
Maryland,MD,cl-rel,2013,1.1
Maryland,MD,cl-ta,2013,0.6
Maryland,MD,cl-tfn,2013,1.0
Maryland,MD,cl-vol,2013,1.1
Maryland,MD,cv-pm,2013,2.5
Maryland,MD,fg-act,2013,0.5
Maryland,MD,fg-br,2013,1.4
Maryland,MD,fg-play,2013,1.1
Maryland,MD,fg-read,2013,1.9
Maryland,MD,fg-sch,2013,1.0
Maryland,MD,fg-yorg,2013,0.5
Maryland,MD,fh-eat,2013,2.0
Maryland,MD,fh-ed,2013,-0.2
Maryland,MD,fh-ma,2013,0.7
Maryland,MD,fh-read,2013,3.4
Maryland,MD,fh-spf,2013,1.6
Maryland,MD,fh-time,2013,-0.9
Maryland,MD,fh-tv,2013,1.2
Maryland,MD,fh-uw,2013,0.9
Maryland,MD,sc-born,2013,0.3
Maryland,MD,sc-eng-a,2013,1.4
Maryland,MD,sc-eng-c,2013,1.7
Maryland,MD,sc-mid,2013,1.9
Maryland,MD,sm-em,2013,1.9
Maryland,MD,sm-grad,2013,3.5
Maryland,MD,sm-hr,2013,2.6
Maryland,MD,sm-neet,2013,0.6
Maryland,MD,st-fc,2013,2.3
Maryland,MD,st-fc trust,2013,2.2
Maryland,MD,st-fcc,2013,0.0
Maryland,MD,st-vc,2013,0.8
Massachusetts,MA,Civic Engagement,2013,12.9
Massachusetts,MA,Community Life,2013,7.3
Massachusetts,MA,Family Health,2013,10.8
Massachusetts,MA,Future Generations,2013,1.8
Massachusetts,MA,Social Cohesion,2013,4.9
Massachusetts,MA,Social Mobility,2013,12.5
Massachusetts,MA,Social Trust,2013,9.8
Massachusetts,MA,Total,2013,60.1
Massachusetts,MA,ce-ao,2013,2.1
Massachusetts,MA,ce-vt,2013,6.2
Massachusetts,MA,cl-cdd,2013,2.2
Massachusetts,MA,cl-don,2013,1.2
Massachusetts,MA,cl-mem,2013,0.5
Massachusetts,MA,cl-np,2013,0.1
Massachusetts,MA,cl-npo,2013,0.9
Massachusetts,MA,cl-porg,2013,0.8
Massachusetts,MA,cl-rel,2013,0.2
Massachusetts,MA,cl-ta,2013,1.0
Massachusetts,MA,cl-tfn,2013,1.9
Massachusetts,MA,cl-vol,2013,0.8
Massachusetts,MA,cv-pm,2013,4.6
Massachusetts,MA,fg-act,2013,2.2
Massachusetts,MA,fg-br,2013,0.3
Massachusetts,MA,fg-play,2013,-0.7
Massachusetts,MA,fg-read,2013,2.8
Massachusetts,MA,fg-sch,2013,0.4
Massachusetts,MA,fg-yorg,2013,1.2
Massachusetts,MA,fh-eat,2013,0.3
Massachusetts,MA,fh-ed,2013,1.7
Massachusetts,MA,fh-ma,2013,0.6
Massachusetts,MA,fh-read,2013,4.2
Massachusetts,MA,fh-spf,2013,1.2
Massachusetts,MA,fh-time,2013,0.8
Massachusetts,MA,fh-tv,2013,1.2
Massachusetts,MA,fh-uw,2013,1.9
Massachusetts,MA,sc-born,2013,2.6
Massachusetts,MA,sc-eng-a,2013,0.3
Massachusetts,MA,sc-eng-c,2013,0.9
Massachusetts,MA,sc-mid,2013,1.1
Massachusetts,MA,sm-em,2013,3.5
Massachusetts,MA,sm-grad,2013,4.2
Massachusetts,MA,sm-hr,2013,1.7
Massachusetts,MA,sm-neet,2013,3.2
Massachusetts,MA,st-fc,2013,3.7
Massachusetts,MA,st-fc trust,2013,3.3
Massachusetts,MA,st-fcc,2013,1.4
Massachusetts,MA,st-vc,2013,1.5
Michigan,MI,Civic Engagement,2013,8.8
Michigan,MI,Community Life,2013,7.9
Michigan,MI,Family Health,2013,9.7
Michigan,MI,Future Generations,2013,4.5
Michigan,MI,Social Cohesion,2013,11.9
Michigan,MI,Social Mobility,2013,3.1
Michigan,MI,Social Trust,2013,8.6
Michigan,MI,Total,2013,54.5
Michigan,MI,ce-ao,2013,2.0
Michigan,MI,ce-vt,2013,4.4
Michigan,MI,cl-cdd,2013,1.1
Michigan,MI,cl-don,2013,0.7
Michigan,MI,cl-mem,2013,0.4
Michigan,MI,cl-np,2013,1.2
Michigan,MI,cl-npo,2013,0.7
Michigan,MI,cl-porg,2013,0.7
Michigan,MI,cl-rel,2013,1.2
Michigan,MI,cl-ta,2013,1.3
Michigan,MI,cl-tfn,2013,1.7
Michigan,MI,cl-vol,2013,1.2
Michigan,MI,cv-pm,2013,2.4
Michigan,MI,fg-act,2013,1.1
Michigan,MI,fg-br,2013,0.6
Michigan,MI,fg-play,2013,0.1
Michigan,MI,fg-read,2013,1.1
Michigan,MI,fg-sch,2013,1.9
Michigan,MI,fg-yorg,2013,0.3
Michigan,MI,fh-eat,2013,2.8
Michigan,MI,fh-ed,2013,0.5
Michigan,MI,fh-ma,2013,1.1
Michigan,MI,fh-read,2013,2.9
Michigan,MI,fh-spf,2013,0.8
Michigan,MI,fh-time,2013,1.2
Michigan,MI,fh-tv,2013,1.2
Michigan,MI,fh-uw,2013,0.5
Michigan,MI,sc-born,2013,4.8
Michigan,MI,sc-eng-a,2013,2.9
Michigan,MI,sc-eng-c,2013,2.7
Michigan,MI,sc-mid,2013,1.5
Michigan,MI,sm-em,2013,-0.3
Michigan,MI,sm-grad,2013,0.2
Michigan,MI,sm-hr,2013,3.9
Michigan,MI,sm-neet,2013,-0.8
Michigan,MI,st-fc,2013,2.2
Michigan,MI,st-fc trust,2013,3.0
Michigan,MI,st-fcc,2013,2.1
Michigan,MI,st-vc,2013,1.3
Minnesota,MN,Civic Engagement,2013,14.8
Minnesota,MN,Community Life,2013,12.1
Minnesota,MN,Family Health,2013,13.1
Minnesota,MN,Future Generations,2013,9.8
Minnesota,MN,Social Cohesion,2013,9.7
Minnesota,MN,Social Mobility,2013,12.7
Minnesota,MN,Social Trust,2013,11.6
Minnesota,MN,Total,2013,83.7
Minnesota,MN,ce-ao,2013,2.0
Minnesota,MN,ce-vt,2013,7.3
Minnesota,MN,cl-cdd,2013,2.3
Minnesota,MN,cl-don,2013,2.4
Minnesota,MN,cl-mem,2013,1.2
Minnesota,MN,cl-np,2013,1.1
Minnesota,MN,cl-npo,2013,0.8
Minnesota,MN,cl-porg,2013,0.8
Minnesota,MN,cl-rel,2013,1.2
Minnesota,MN,cl-ta,2013,1.7
Minnesota,MN,cl-tfn,2013,1.7
Minnesota,MN,cl-vol,2013,2.3
Minnesota,MN,cv-pm,2013,5.4
Minnesota,MN,fg-act,2013,1.9
Minnesota,MN,fg-br,2013,1.7
Minnesota,MN,fg-play,2013,2.9
Minnesota,MN,fg-read,2013,3.0
Minnesota,MN,fg-sch,2013,1.2
Minnesota,MN,fg-yorg,2013,0.8
Minnesota,MN,fh-eat,2013,1.8
Minnesota,MN,fh-ed,2013,2.3
Minnesota,MN,fh-ma,2013,1.7
Minnesota,MN,fh-read,2013,4.2
Minnesota,MN,fh-spf,2013,0.6
Minnesota,MN,fh-time,2013,0.4
Minnesota,MN,fh-tv,2013,1.2
Minnesota,MN,fh-uw,2013,2.0
Minnesota,MN,sc-born,2013,3.5
Minnesota,MN,sc-eng-a,2013,2.5
Minnesota,MN,sc-eng-c,2013,1.2
Minnesota,MN,sc-mid,2013,2.4
Minnesota,MN,sm-em,2013,2.5
Minnesota,MN,sm-grad,2013,2.2
Minnesota,MN,sm-hr,2013,4.5
Minnesota,MN,sm-neet,2013,3.4
Minnesota,MN,st-fc,2013,3.7
Minnesota,MN,st-fc trust,2013,2.0
Minnesota,MN,st-fcc,2013,2.5
Minnesota,MN,st-vc,2013,3.4
Mississippi,MS,Civic Engagement,2013,12.1
Mississippi,MS,Community Life,2013,8.5
Mississippi,MS,Family Health,2013,2.5
Mississippi,MS,Future Generations,2013,7.4
Mississippi,MS,Social Cohesion,2013,12.4
Mississippi,MS,Social Mobility,2013,0.1
Mississippi,MS,Social Trust,2013,1.6
Mississippi,MS,Total,2013,44.7
Mississippi,MS,ce-ao,2013,1.9
Mississippi,MS,ce-vt,2013,7.9
Mississippi,MS,cl-cdd,2013,0.2
Mississippi,MS,cl-don,2013,0.9
Mississippi,MS,cl-mem,2013,0.6
Mississippi,MS,cl-np,2013,0.7
Mississippi,MS,cl-npo,2013,0.6
Mississippi,MS,cl-porg,2013,0.7
Mississippi,MS,cl-rel,2013,3.8
Mississippi,MS,cl-ta,2013,1.0
Mississippi,MS,cl-tfn,2013,-0.1
Mississippi,MS,cl-vol,2013,1.0
Mississippi,MS,cv-pm,2013,2.3
Mississippi,MS,fg-act,2013,-0.4
Mississippi,MS,fg-br,2013,2.1
Mississippi,MS,fg-play,2013,1.0
Mississippi,MS,fg-read,2013,-0.2
Mississippi,MS,fg-sch,2013,1.6
Mississippi,MS,fg-yorg,2013,0.2
Mississippi,MS,fh-eat,2013,3.1
Mississippi,MS,fh-ed,2013,-2.9
Mississippi,MS,fh-ma,2013,0.4
Mississippi,MS,fh-read,2013,1.3
Mississippi,MS,fh-spf,2013,0.6
Mississippi,MS,fh-time,2013,1.3
Mississippi,MS,fh-tv,2013,1.2
Mississippi,MS,fh-uw,2013,-1.3
Mississippi,MS,sc-born,2013,4.0
Mississippi,MS,sc-eng-a,2013,3.6
Mississippi,MS,sc-eng-c,2013,3.8
Mississippi,MS,sc-mid,2013,1.1
Mississippi,MS,sm-em,2013,2.6
Mississippi,MS,sm-grad,2013,-1.5
Mississippi,MS,sm-hr,2013,2.7
Mississippi,MS,sm-neet,2013,-3.7
Mississippi,MS,st-fc,2013,-0.9
Mississippi,MS,st-fc trust,2013,-0.5
Mississippi,MS,st-fcc,2013,0.0
Mississippi,MS,st-vc,2013,3.0
Missouri,MO,Civic Engagement,2013,5.7
Missouri,MO,Community Life,2013,11.1
Missouri,MO,Family Health,2013,10.1
Missouri,MO,Future Generations,2013,10.9
Missouri,MO,Social Cohesion,2013,11.4
Missouri,MO,Social Mobility,2013,5.6
Missouri,MO,Social Trust,2013,1.1
Missouri,MO,Total,2013,55.9
Missouri,MO,ce-ao,2013,2.0
Missouri,MO,ce-vt,2013,3.1
Missouri,MO,cl-cdd,2013,0.9
Missouri,MO,cl-don,2013,2.0
Missouri,MO,cl-mem,2013,1.5
Missouri,MO,cl-np,2013,1.0
Missouri,MO,cl-npo,2013,0.7
Missouri,MO,cl-porg,2013,0.9
Missouri,MO,cl-rel,2013,1.8
Missouri,MO,cl-ta,2013,1.5
Missouri,MO,cl-tfn,2013,0.8
Missouri,MO,cl-vol,2013,1.8
Missouri,MO,cv-pm,2013,0.6
Missouri,MO,fg-act,2013,2.2
Missouri,MO,fg-br,2013,1.5
Missouri,MO,fg-play,2013,1.6
Missouri,MO,fg-read,2013,0.2
Missouri,MO,fg-sch,2013,1.1
Missouri,MO,fg-yorg,2013,2.9
Missouri,MO,fh-eat,2013,2.6
Missouri,MO,fh-ed,2013,0.6
Missouri,MO,fh-ma,2013,1.3
Missouri,MO,fh-read,2013,2.5
Missouri,MO,fh-spf,2013,0.5
Missouri,MO,fh-time,2013,1.9
Missouri,MO,fh-tv,2013,1.2
Missouri,MO,fh-uw,2013,0.9
Missouri,MO,sc-born,2013,3.2
Missouri,MO,sc-eng-a,2013,3.3
Missouri,MO,sc-eng-c,2013,3.1
Missouri,MO,sc-mid,2013,1.8
Missouri,MO,sm-em,2013,2.3
Missouri,MO,sm-grad,2013,0.3
Missouri,MO,sm-hr,2013,2.9
Missouri,MO,sm-neet,2013,0.1
Missouri,MO,st-fc,2013,-1.1
Missouri,MO,st-fc trust,2013,-0.6
Missouri,MO,st-fcc,2013,1.5
Missouri,MO,st-vc,2013,1.3
Montana,MT,Civic Engagement,2013,13.1
Montana,MT,Community Life,2013,8.1
Montana,MT,Family Health,2013,14.0
Montana,MT,Future Generations,2013,6.7
Montana,MT,Social Cohesion,2013,11.2
Montana,MT,Social Mobility,2013,8.8
Montana,MT,Social Trust,2013,-1.2
Montana,MT,Total,2013,60.6
Montana,MT,ce-ao,2013,2.2
Montana,MT,ce-vt,2013,3.9
Montana,MT,cl-cdd,2013,0.9
Montana,MT,cl-don,2013,1.2
Montana,MT,cl-mem,2013,1.1
Montana,MT,cl-np,2013,0.9
Montana,MT,cl-npo,2013,0.7
Montana,MT,cl-porg,2013,0.7
Montana,MT,cl-rel,2013,0.3
Montana,MT,cl-ta,2013,1.6
Montana,MT,cl-tfn,2013,0.5
Montana,MT,cl-vol,2013,1.9
Montana,MT,cv-pm,2013,7.0
Montana,MT,fg-act,2013,-0.4
Montana,MT,fg-br,2013,1.1
Montana,MT,fg-play,2013,0.8
Montana,MT,fg-read,2013,1.6
Montana,MT,fg-sch,2013,1.2
Montana,MT,fg-yorg,2013,1.5
Montana,MT,fh-eat,2013,4.2
Montana,MT,fh-ed,2013,2.0
Montana,MT,fh-ma,2013,1.3
Montana,MT,fh-read,2013,4.3
Montana,MT,fh-spf,2013,-0.3
Montana,MT,fh-time,2013,1.2
Montana,MT,fh-tv,2013,1.0
Montana,MT,fh-uw,2013,1.3
Montana,MT,sc-born,2013,1.5
Montana,MT,sc-eng-a,2013,3.9
Montana,MT,sc-eng-c,2013,3.8
Montana,MT,sc-mid,2013,1.9
Montana,MT,sm-em,2013,4.7
Montana,MT,sm-grad,2013,1.0
Montana,MT,sm-hr,2013,2.9
Montana,MT,sm-neet,2013,0.3
Montana,MT,st-fc,2013,-0.5
Montana,MT,st-fc trust,2013,-3.1
Montana,MT,st-fcc,2013,-0.6
Montana,MT,st-vc,2013,2.9
Nebraska,NE,Civic Engagement,2013,8.0
Nebraska,NE,Community Life,2013,12.5
Nebraska,NE,Family Health,2013,11.7
Nebraska,NE,Future Generations,2013,10.0
Nebraska,NE,Social Cohesion,2013,9.3
Nebraska,NE,Social Mobility,2013,10.5
Nebraska,NE,Social Trust,2013,8.4
Nebraska,NE,Total,2013,70.5
Nebraska,NE,ce-ao,2013,2.1
Nebraska,NE,ce-vt,2013,2.0
Nebraska,NE,cl-cdd,2013,1.1
Nebraska,NE,cl-don,2013,1.4
Nebraska,NE,cl-mem,2013,1.4
Nebraska,NE,cl-np,2013,0.5
Nebraska,NE,cl-npo,2013,0.8
Nebraska,NE,cl-porg,2013,0.7
Nebraska,NE,cl-rel,2013,2.3
Nebraska,NE,cl-ta,2013,1.9
Nebraska,NE,cl-tfn,2013,2.2
Nebraska,NE,cl-vol,2013,1.9
Nebraska,NE,cv-pm,2013,3.9
Nebraska,NE,fg-act,2013,0.2
Nebraska,NE,fg-br,2013,2.6
Nebraska,NE,fg-play,2013,1.6
Nebraska,NE,fg-read,2013,1.8
Nebraska,NE,fg-sch,2013,1.5
Nebraska,NE,fg-yorg,2013,1.0
Nebraska,NE,fh-eat,2013,2.8
Nebraska,NE,fh-ed,2013,2.0
Nebraska,NE,fh-ma,2013,1.8
Nebraska,NE,fh-read,2013,2.4
Nebraska,NE,fh-spf,2013,0.2
Nebraska,NE,fh-time,2013,0.6
Nebraska,NE,fh-tv,2013,1.2
Nebraska,NE,fh-uw,2013,1.9
Nebraska,NE,sc-born,2013,3.1
Nebraska,NE,sc-eng-a,2013,2.3
Nebraska,NE,sc-eng-c,2013,1.3
Nebraska,NE,sc-mid,2013,2.7
Nebraska,NE,sm-em,2013,3.3
Nebraska,NE,sm-grad,2013,0.9
Nebraska,NE,sm-hr,2013,2.8
Nebraska,NE,sm-neet,2013,3.6
Nebraska,NE,st-fc,2013,-0.2
Nebraska,NE,st-fc trust,2013,2.8
Nebraska,NE,st-fcc,2013,2.7
Nebraska,NE,st-vc,2013,3.2
Nevada,NV,Civic Engagement,2013,3.1
Nevada,NV,Community Life,2013,3.9
Nevada,NV,Family Health,2013,5.8
Nevada,NV,Future Generations,2013,12.0
Nevada,NV,Social Cohesion,2013,-4.2
Nevada,NV,Social Mobility,2013,-6.9
Nevada,NV,Social Trust,2013,4.8
Nevada,NV,Total,2013,18.6
Nevada,NV,ce-ao,2013,1.9
Nevada,NV,ce-vt,2013,0.3
Nevada,NV,cl-cdd,2013,0.7
Nevada,NV,cl-don,2013,0.1
Nevada,NV,cl-mem,2013,0.2
Nevada,NV,cl-np,2013,-0.1
Nevada,NV,cl-npo,2013,0.6
Nevada,NV,cl-porg,2013,0.7
Nevada,NV,cl-rel,2013,0.2
Nevada,NV,cl-ta,2013,1.0
Nevada,NV,cl-tfn,2013,1.4
Nevada,NV,cl-vol,2013,-0.4
Nevada,NV,cv-pm,2013,0.9
Nevada,NV,fg-act,2013,1.9
Nevada,NV,fg-br,2013,1.8
Nevada,NV,fg-play,2013,5.0
Nevada,NV,fg-read,2013,0.5
Nevada,NV,fg-sch,2013,0.7
Nevada,NV,fg-yorg,2013,0.5
Nevada,NV,fh-eat,2013,3.1
Nevada,NV,fh-ed,2013,-0.7
Nevada,NV,fh-ma,2013,0.5
Nevada,NV,fh-read,2013,1.3
Nevada,NV,fh-spf,2013,1.4
Nevada,NV,fh-time,2013,0.1
Nevada,NV,fh-tv,2013,1.0
Nevada,NV,fh-uw,2013,0.1
Nevada,NV,sc-born,2013,-3.2
Nevada,NV,sc-eng-a,2013,-1.4
Nevada,NV,sc-eng-c,2013,-2.3
Nevada,NV,sc-mid,2013,2.7
Nevada,NV,sm-em,2013,-2.6
Nevada,NV,sm-grad,2013,-0.7
Nevada,NV,sm-hr,2013,-1.5
Nevada,NV,sm-neet,2013,-2.0
Nevada,NV,st-fc,2013,-0.3
Nevada,NV,st-fc trust,2013,2.8
Nevada,NV,st-fcc,2013,2.3
Nevada,NV,st-vc,2013,0.1
New Hampshire,NH,Civic Engagement,2013,15.1
New Hampshire,NH,Community Life,2013,7.3
New Hampshire,NH,Family Health,2013,13.9
New Hampshire,NH,Future Generations,2013,2.3
New Hampshire,NH,Social Cohesion,2013,8.8
New Hampshire,NH,Social Mobility,2013,11.5
New Hampshire,NH,Social Trust,2013,9.7
New Hampshire,NH,Total,2013,68.5
New Hampshire,NH,ce-ao,2013,1.9
New Hampshire,NH,ce-vt,2013,5.6
New Hampshire,NH,cl-cdd,2013,1.3
New Hampshire,NH,cl-don,2013,1.8
New Hampshire,NH,cl-mem,2013,0.8
New Hampshire,NH,cl-np,2013,0.0
New Hampshire,NH,cl-npo,2013,0.6
New Hampshire,NH,cl-porg,2013,0.7
New Hampshire,NH,cl-rel,2013,-0.6
New Hampshire,NH,cl-ta,2013,2.2
New Hampshire,NH,cl-tfn,2013,0.8
New Hampshire,NH,cl-vol,2013,0.9
New Hampshire,NH,cv-pm,2013,7.6
New Hampshire,NH,fg-act,2013,1.5
New Hampshire,NH,fg-br,2013,-0.9
New Hampshire,NH,fg-play,2013,0.0
New Hampshire,NH,fg-read,2013,3.2
New Hampshire,NH,fg-sch,2013,1.3
New Hampshire,NH,fg-yorg,2013,1.1
New Hampshire,NH,fh-eat,2013,1.0
New Hampshire,NH,fh-ed,2013,2.2
New Hampshire,NH,fh-ma,2013,2.4
New Hampshire,NH,fh-read,2013,3.9
New Hampshire,NH,fh-spf,2013,1.3
New Hampshire,NH,fh-time,2013,1.2
New Hampshire,NH,fh-tv,2013,1.2
New Hampshire,NH,fh-uw,2013,1.8
New Hampshire,NH,sc-born,2013,-0.5
New Hampshire,NH,sc-eng-a,2013,3.2
New Hampshire,NH,sc-eng-c,2013,3.3
New Hampshire,NH,sc-mid,2013,2.8
New Hampshire,NH,sm-em,2013,1.8
New Hampshire,NH,sm-grad,2013,2.5
New Hampshire,NH,sm-hr,2013,4.3
New Hampshire,NH,sm-neet,2013,2.9
New Hampshire,NH,st-fc,2013,1.0
New Hampshire,NH,st-fc trust,2013,2.1
New Hampshire,NH,st-fcc,2013,3.2
New Hampshire,NH,st-vc,2013,3.5
New Jersey,NJ,Civic Engagement,2013,5.3
New Jersey,NJ,Community Life,2013,5.0
New Jersey,NJ,Family Health,2013,9.3
New Jersey,NJ,Future Generations,2013,5.5
New Jersey,NJ,Social Cohesion,2013,0.8
New Jersey,NJ,Social Mobility,2013,8.0
New Jersey,NJ,Social Trust,2013,8.8
New Jersey,NJ,Total,2013,42.8
New Jersey,NJ,ce-ao,2013,1.9
New Jersey,NJ,ce-vt,2013,2.1
New Jersey,NJ,cl-cdd,2013,2.8
New Jersey,NJ,cl-don,2013,1.1
New Jersey,NJ,cl-mem,2013,0.1
New Jersey,NJ,cl-np,2013,0.6
New Jersey,NJ,cl-npo,2013,0.7
New Jersey,NJ,cl-porg,2013,0.8
New Jersey,NJ,cl-rel,2013,0.9
New Jersey,NJ,cl-ta,2013,1.0
New Jersey,NJ,cl-tfn,2013,0.5
New Jersey,NJ,cl-vol,2013,-0.1
New Jersey,NJ,cv-pm,2013,1.3
New Jersey,NJ,fg-act,2013,2.6
New Jersey,NJ,fg-br,2013,1.0
New Jersey,NJ,fg-play,2013,0.1
New Jersey,NJ,fg-read,2013,1.5
New Jersey,NJ,fg-sch,2013,2.2
New Jersey,NJ,fg-yorg,2013,0.3
New Jersey,NJ,fh-eat,2013,0.9
New Jersey,NJ,fh-ed,2013,0.2
New Jersey,NJ,fh-ma,2013,1.7
New Jersey,NJ,fh-read,2013,1.8
New Jersey,NJ,fh-spf,2013,2.3
New Jersey,NJ,fh-time,2013,0.8
New Jersey,NJ,fh-tv,2013,1.2
New Jersey,NJ,fh-uw,2013,1.6
New Jersey,NJ,sc-born,2013,1.0
New Jersey,NJ,sc-eng-a,2013,-1.4
New Jersey,NJ,sc-eng-c,2013,-0.1
New Jersey,NJ,sc-mid,2013,1.3
New Jersey,NJ,sm-em,2013,2.4
New Jersey,NJ,sm-grad,2013,3.0
New Jersey,NJ,sm-hr,2013,2.0
New Jersey,NJ,sm-neet,2013,0.6
New Jersey,NJ,st-fc,2013,2.1
New Jersey,NJ,st-fc trust,2013,3.0
New Jersey,NJ,st-fcc,2013,1.0
New Jersey,NJ,st-vc,2013,2.6
New Mexico,NM,Civic Engagement,2013,7.6
New Mexico,NM,Community Life,2013,4.5
New Mexico,NM,Family Health,2013,10.4
New Mexico,NM,Future Generations,2013,12.6
New Mexico,NM,Social Cohesion,2013,1.9
New Mexico,NM,Social Mobility,2013,2.7
New Mexico,NM,Social Trust,2013,6.1
New Mexico,NM,Total,2013,46.0
New Mexico,NM,ce-ao,2013,2.0
New Mexico,NM,ce-vt,2013,2.0
New Mexico,NM,cl-cdd,2013,0.2
New Mexico,NM,cl-don,2013,0.0
New Mexico,NM,cl-mem,2013,0.2
New Mexico,NM,cl-np,2013,0.5
New Mexico,NM,cl-npo,2013,0.6
New Mexico,NM,cl-porg,2013,0.7
New Mexico,NM,cl-rel,2013,0.7
New Mexico,NM,cl-ta,2013,1.8
New Mexico,NM,cl-tfn,2013,0.3
New Mexico,NM,cl-vol,2013,0.2
New Mexico,NM,cv-pm,2013,3.6
New Mexico,NM,fg-act,2013,-0.5
New Mexico,NM,fg-br,2013,1.9
New Mexico,NM,fg-play,2013,2.9
New Mexico,NM,fg-read,2013,-0.2
New Mexico,NM,fg-sch,2013,3.0
New Mexico,NM,fg-yorg,2013,0.6
New Mexico,NM,fh-eat,2013,5.5
New Mexico,NM,fh-ed,2013,0.8
New Mexico,NM,fh-ma,2013,0.5
New Mexico,NM,fh-read,2013,2.9
New Mexico,NM,fh-spf,2013,0.8
New Mexico,NM,fh-time,2013,0.8
New Mexico,NM,fh-tv,2013,1.0
New Mexico,NM,fh-uw,2013,-0.9
New Mexico,NM,sc-born,2013,1.0
New Mexico,NM,sc-eng-a,2013,0.0
New Mexico,NM,sc-eng-c,2013,0.0
New Mexico,NM,sc-mid,2013,0.9
New Mexico,NM,sm-em,2013,1.7
New Mexico,NM,sm-grad,2013,0.2
New Mexico,NM,sm-hr,2013,2.7
New Mexico,NM,sm-neet,2013,-1.9
New Mexico,NM,st-fc,2013,2.7
New Mexico,NM,st-fc trust,2013,1.7
New Mexico,NM,st-fcc,2013,1.7
New Mexico,NM,st-vc,2013,0.1
New York,NY,Civic Engagement,2013,4.8
New York,NY,Community Life,2013,4.8
New York,NY,Family Health,2013,7.5
New York,NY,Future Generations,2013,10.4
New York,NY,Social Cohesion,2013,0.0
New York,NY,Social Mobility,2013,4.0
New York,NY,Social Trust,2013,5.5
New York,NY,Total,2013,37.1
New York,NY,ce-ao,2013,2.5
New York,NY,ce-vt,2013,0.7
New York,NY,cl-cdd,2013,1.9
New York,NY,cl-don,2013,0.1
New York,NY,cl-mem,2013,0.5
New York,NY,cl-np,2013,1.1
New York,NY,cl-npo,2013,1.0
New York,NY,cl-porg,2013,0.8
New York,NY,cl-rel,2013,0.5
New York,NY,cl-ta,2013,1.0
New York,NY,cl-tfn,2013,1.3
New York,NY,cl-vol,2013,-0.5
New York,NY,cv-pm,2013,1.7
New York,NY,fg-act,2013,1.8
New York,NY,fg-br,2013,1.3
New York,NY,fg-play,2013,1.2
New York,NY,fg-read,2013,1.8
New York,NY,fg-sch,2013,3.3
New York,NY,fg-yorg,2013,1.1
New York,NY,fh-eat,2013,1.1
New York,NY,fh-ed,2013,0.2
New York,NY,fh-ma,2013,0.1
New York,NY,fh-read,2013,2.5
New York,NY,fh-spf,2013,1.9
New York,NY,fh-time,2013,0.8
New York,NY,fh-tv,2013,1.2
New York,NY,fh-uw,2013,0.9
New York,NY,sc-born,2013,2.8
New York,NY,sc-eng-a,2013,-1.7
New York,NY,sc-eng-c,2013,-1.7
New York,NY,sc-mid,2013,0.7
New York,NY,sm-em,2013,3.2
New York,NY,sm-grad,2013,2.3
New York,NY,sm-hr,2013,-1.5
New York,NY,sm-neet,2013,-0.1
New York,NY,st-fc,2013,-0.1
New York,NY,st-fc trust,2013,1.6
New York,NY,st-fcc,2013,2.3
New York,NY,st-vc,2013,1.8
North Carolina,NC,Civic Engagement,2013,9.3
North Carolina,NC,Community Life,2013,8.4
North Carolina,NC,Family Health,2013,8.0
North Carolina,NC,Future Generations,2013,4.6
North Carolina,NC,Social Cohesion,2013,6.9
North Carolina,NC,Social Mobility,2013,2.5
North Carolina,NC,Social Trust,2013,10.1
North Carolina,NC,Total,2013,49.8
North Carolina,NC,ce-ao,2013,2.1
North Carolina,NC,ce-vt,2013,5.4
North Carolina,NC,cl-cdd,2013,1.6
North Carolina,NC,cl-don,2013,1.2
North Carolina,NC,cl-mem,2013,0.7
North Carolina,NC,cl-np,2013,1.0
North Carolina,NC,cl-npo,2013,0.6
North Carolina,NC,cl-porg,2013,0.8
North Carolina,NC,cl-rel,2013,2.5
North Carolina,NC,cl-ta,2013,1.2
North Carolina,NC,cl-tfn,2013,0.7
North Carolina,NC,cl-vol,2013,0.7
North Carolina,NC,cv-pm,2013,1.8
North Carolina,NC,fg-act,2013,0.9
North Carolina,NC,fg-br,2013,1.4
North Carolina,NC,fg-play,2013,0.8
North Carolina,NC,fg-read,2013,2.2
North Carolina,NC,fg-sch,2013,0.5
North Carolina,NC,fg-yorg,2013,0.5
North Carolina,NC,fh-eat,2013,2.5
North Carolina,NC,fh-ed,2013,0.0
North Carolina,NC,fh-ma,2013,1.1
North Carolina,NC,fh-read,2013,1.8
North Carolina,NC,fh-spf,2013,0.5
North Carolina,NC,fh-time,2013,1.3
North Carolina,NC,fh-tv,2013,1.2
North Carolina,NC,fh-uw,2013,0.7
North Carolina,NC,sc-born,2013,1.9
North Carolina,NC,sc-eng-a,2013,2.2
North Carolina,NC,sc-eng-c,2013,1.4
North Carolina,NC,sc-mid,2013,1.4
North Carolina,NC,sm-em,2013,1.3
North Carolina,NC,sm-grad,2013,0.6
North Carolina,NC,sm-hr,2013,1.9
North Carolina,NC,sm-neet,2013,-1.3
North Carolina,NC,st-fc,2013,3.0
North Carolina,NC,st-fc trust,2013,2.1
North Carolina,NC,st-fcc,2013,2.7
North Carolina,NC,st-vc,2013,2.3
North Dakota,ND,Civic Engagement,2013,11.1
North Dakota,ND,Community Life,2013,11.9
North Dakota,ND,Family Health,2013,13.4
North Dakota,ND,Future Generations,2013,9.1
North Dakota,ND,Social Cohesion,2013,12.8
North Dakota,ND,Social Mobility,2013,11.3
North Dakota,ND,Social Trust,2013,9.7
North Dakota,ND,Total,2013,79.2
North Dakota,ND,ce-ao,2013,1.9
North Dakota,ND,ce-vt,2013,3.1
North Dakota,ND,cl-cdd,2013,-0.4
North Dakota,ND,cl-don,2013,1.9
North Dakota,ND,cl-mem,2013,1.1
North Dakota,ND,cl-np,2013,0.2
North Dakota,ND,cl-npo,2013,0.6
North Dakota,ND,cl-porg,2013,0.7
North Dakota,ND,cl-rel,2013,1.7
North Dakota,ND,cl-ta,2013,1.6
North Dakota,ND,cl-tfn,2013,3.4
North Dakota,ND,cl-vol,2013,1.0
North Dakota,ND,cv-pm,2013,6.1
North Dakota,ND,fg-act,2013,-0.5
North Dakota,ND,fg-br,2013,2.6
North Dakota,ND,fg-play,2013,2.9
North Dakota,ND,fg-read,2013,6.2
North Dakota,ND,fg-sch,2013,0.3
North Dakota,ND,fg-yorg,2013,0.3
North Dakota,ND,fh-eat,2013,2.6
North Dakota,ND,fh-ed,2013,2.3
North Dakota,ND,fh-ma,2013,1.5
North Dakota,ND,fh-read,2013,3.4
North Dakota,ND,fh-spf,2013,-0.1
North Dakota,ND,fh-time,2013,1.7
North Dakota,ND,fh-tv,2013,1.2
North Dakota,ND,fh-uw,2013,2.1
North Dakota,ND,sc-born,2013,3.4
North Dakota,ND,sc-eng-a,2013,3.7
North Dakota,ND,sc-eng-c,2013,3.5
North Dakota,ND,sc-mid,2013,2.2
North Dakota,ND,sm-em,2013,5.0
North Dakota,ND,sm-grad,2013,0.4
North Dakota,ND,sm-hr,2013,3.0
North Dakota,ND,sm-neet,2013,2.9
North Dakota,ND,st-fc,2013,2.2
North Dakota,ND,st-fc trust,2013,2.9
North Dakota,ND,st-fcc,2013,1.3
North Dakota,ND,st-vc,2013,3.2
Ohio,OH,Civic Engagement,2013,5.2
Ohio,OH,Community Life,2013,5.3
Ohio,OH,Family Health,2013,7.6
Ohio,OH,Future Generations,2013,7.3
Ohio,OH,Social Cohesion,2013,12.4
Ohio,OH,Social Mobility,2013,4.0
Ohio,OH,Social Trust,2013,8.9
Ohio,OH,Total,2013,50.7
Ohio,OH,ce-ao,2013,1.9
Ohio,OH,ce-vt,2013,2.7
Ohio,OH,cl-cdd,2013,0.9
Ohio,OH,cl-don,2013,0.1
Ohio,OH,cl-mem,2013,0.2
Ohio,OH,cl-np,2013,0.7
Ohio,OH,cl-npo,2013,0.7
Ohio,OH,cl-porg,2013,0.7
Ohio,OH,cl-rel,2013,0.9
Ohio,OH,cl-ta,2013,1.3
Ohio,OH,cl-tfn,2013,0.7
Ohio,OH,cl-vol,2013,0.5
Ohio,OH,cv-pm,2013,0.6
Ohio,OH,fg-act,2013,0.9
Ohio,OH,fg-br,2013,1.0
Ohio,OH,fg-play,2013,1.0
Ohio,OH,fg-read,2013,1.6
Ohio,OH,fg-sch,2013,2.5
Ohio,OH,fg-yorg,2013,0.4
Ohio,OH,fh-eat,2013,1.9
Ohio,OH,fh-ed,2013,-0.1
Ohio,OH,fh-ma,2013,0.8
Ohio,OH,fh-read,2013,2.8
Ohio,OH,fh-spf,2013,0.4
Ohio,OH,fh-time,2013,1.5
Ohio,OH,fh-tv,2013,1.2
Ohio,OH,fh-uw,2013,0.3
Ohio,OH,sc-born,2013,4.5
Ohio,OH,sc-eng-a,2013,3.3
Ohio,OH,sc-eng-c,2013,3.0
Ohio,OH,sc-mid,2013,1.5
Ohio,OH,sm-em,2013,0.6
Ohio,OH,sm-grad,2013,-0.1
Ohio,OH,sm-hr,2013,2.6
Ohio,OH,sm-neet,2013,0.9
Ohio,OH,st-fc,2013,2.2
Ohio,OH,st-fc trust,2013,2.9
Ohio,OH,st-fcc,2013,1.1
Ohio,OH,st-vc,2013,2.7
Oklahoma,OK,Civic Engagement,2013,0.9
Oklahoma,OK,Community Life,2013,7.7
Oklahoma,OK,Family Health,2013,11.1
Oklahoma,OK,Future Generations,2013,7.3
Oklahoma,OK,Social Cohesion,2013,9.3
Oklahoma,OK,Social Mobility,2013,2.6
Oklahoma,OK,Social Trust,2013,3.3
Oklahoma,OK,Total,2013,42.1
Oklahoma,OK,ce-ao,2013,1.9
Oklahoma,OK,ce-vt,2013,-2.2
Oklahoma,OK,cl-cdd,2013,0.4
Oklahoma,OK,cl-don,2013,-0.3
Oklahoma,OK,cl-mem,2013,0.5
Oklahoma,OK,cl-np,2013,1.3
Oklahoma,OK,cl-npo,2013,0.7
Oklahoma,OK,cl-porg,2013,0.7
Oklahoma,OK,cl-rel,2013,2.6
Oklahoma,OK,cl-ta,2013,2.0
Oklahoma,OK,cl-tfn,2013,0.9
Oklahoma,OK,cl-vol,2013,0.6
Oklahoma,OK,cv-pm,2013,1.2
Oklahoma,OK,fg-act,2013,2.6
Oklahoma,OK,fg-br,2013,2.5
Oklahoma,OK,fg-play,2013,1.5
Oklahoma,OK,fg-read,2013,1.6
Oklahoma,OK,fg-sch,2013,0.4
Oklahoma,OK,fg-yorg,2013,0.5
Oklahoma,OK,fh-eat,2013,3.2
Oklahoma,OK,fh-ed,2013,1.7
Oklahoma,OK,fh-ma,2013,1.4
Oklahoma,OK,fh-read,2013,2.7
Oklahoma,OK,fh-spf,2013,0.3
Oklahoma,OK,fh-time,2013,1.2
Oklahoma,OK,fh-tv,2013,1.2
Oklahoma,OK,fh-uw,2013,0.6
Oklahoma,OK,sc-born,2013,2.4
Oklahoma,OK,sc-eng-a,2013,2.6
Oklahoma,OK,sc-eng-c,2013,2.4
Oklahoma,OK,sc-mid,2013,1.9
Oklahoma,OK,sm-em,2013,1.9
Oklahoma,OK,sm-grad,2013,-0.3
Oklahoma,OK,sm-hr,2013,2.2
Oklahoma,OK,sm-neet,2013,-1.1
Oklahoma,OK,st-fc,2013,1.0
Oklahoma,OK,st-fc trust,2013,0.5
Oklahoma,OK,st-fcc,2013,0.5
Oklahoma,OK,st-vc,2013,1.2
Oregon,OR,Civic Engagement,2013,11.7
Oregon,OR,Community Life,2013,11.4
Oregon,OR,Family Health,2013,13.1
Oregon,OR,Future Generations,2013,8.4
Oregon,OR,Social Cohesion,2013,3.8
Oregon,OR,Social Mobility,2013,1.2
Oregon,OR,Social Trust,2013,13.4
Oregon,OR,Total,2013,62.9
Oregon,OR,ce-ao,2013,2.0
Oregon,OR,ce-vt,2013,4.8
Oregon,OR,cl-cdd,2013,2.0
Oregon,OR,cl-don,2013,1.7
Oregon,OR,cl-mem,2013,1.8
Oregon,OR,cl-np,2013,0.5
Oregon,OR,cl-npo,2013,0.6
Oregon,OR,cl-porg,2013,0.8
Oregon,OR,cl-rel,2013,0.5
Oregon,OR,cl-ta,2013,1.6
Oregon,OR,cl-tfn,2013,2.7
Oregon,OR,cl-vol,2013,1.6
Oregon,OR,cv-pm,2013,4.9
Oregon,OR,fg-act,2013,2.0
Oregon,OR,fg-br,2013,0.7
Oregon,OR,fg-play,2013,2.4
Oregon,OR,fg-read,2013,2.2
Oregon,OR,fg-sch,2013,1.1
Oregon,OR,fg-yorg,2013,1.4
Oregon,OR,fh-eat,2013,3.2
Oregon,OR,fh-ed,2013,1.7
Oregon,OR,fh-ma,2013,1.1
Oregon,OR,fh-read,2013,3.4
Oregon,OR,fh-spf,2013,0.8
Oregon,OR,fh-time,2013,1.3
Oregon,OR,fh-tv,2013,1.2
Oregon,OR,fh-uw,2013,1.5
Oregon,OR,sc-born,2013,0.1
Oregon,OR,sc-eng-a,2013,1.6
Oregon,OR,sc-eng-c,2013,0.3
Oregon,OR,sc-mid,2013,1.8
Oregon,OR,sm-em,2013,0.5
Oregon,OR,sm-grad,2013,1.3
Oregon,OR,sm-hr,2013,0.2
Oregon,OR,sm-neet,2013,-0.8
Oregon,OR,st-fc,2013,3.8
Oregon,OR,st-fc trust,2013,3.6
Oregon,OR,st-fcc,2013,2.8
Oregon,OR,st-vc,2013,3.2
Pennsylvania,PA,Civic Engagement,2013,6.1
Pennsylvania,PA,Community Life,2013,7.4
Pennsylvania,PA,Family Health,2013,8.7
Pennsylvania,PA,Future Generations,2013,4.3
Pennsylvania,PA,Social Cohesion,2013,10.6
Pennsylvania,PA,Social Mobility,2013,8.0
Pennsylvania,PA,Social Trust,2013,6.9
Pennsylvania,PA,Total,2013,51.9
Pennsylvania,PA,ce-ao,2013,2.0
Pennsylvania,PA,ce-vt,2013,2.0
Pennsylvania,PA,cl-cdd,2013,1.1
Pennsylvania,PA,cl-don,2013,0.5
Pennsylvania,PA,cl-mem,2013,0.5
Pennsylvania,PA,cl-np,2013,1.2
Pennsylvania,PA,cl-npo,2013,0.8
Pennsylvania,PA,cl-porg,2013,0.9
Pennsylvania,PA,cl-rel,2013,1.3
Pennsylvania,PA,cl-ta,2013,1.2
Pennsylvania,PA,cl-tfn,2013,1.3
Pennsylvania,PA,cl-vol,2013,0.9
Pennsylvania,PA,cv-pm,2013,2.1
Pennsylvania,PA,fg-act,2013,1.2
Pennsylvania,PA,fg-br,2013,0.4
Pennsylvania,PA,fg-play,2013,0.3
Pennsylvania,PA,fg-read,2013,0.5
Pennsylvania,PA,fg-sch,2013,1.6
Pennsylvania,PA,fg-yorg,2013,0.6
Pennsylvania,PA,fh-eat,2013,1.2
Pennsylvania,PA,fh-ed,2013,0.5
Pennsylvania,PA,fh-ma,2013,1.1
Pennsylvania,PA,fh-read,2013,3.4
Pennsylvania,PA,fh-spf,2013,0.9
Pennsylvania,PA,fh-time,2013,1.1
Pennsylvania,PA,fh-tv,2013,1.2
Pennsylvania,PA,fh-uw,2013,0.7
Pennsylvania,PA,sc-born,2013,4.4
Pennsylvania,PA,sc-eng-a,2013,2.6
Pennsylvania,PA,sc-eng-c,2013,2.1
Pennsylvania,PA,sc-mid,2013,1.5
Pennsylvania,PA,sm-em,2013,2.9
Pennsylvania,PA,sm-grad,2013,0.6
Pennsylvania,PA,sm-hr,2013,3.7
Pennsylvania,PA,sm-neet,2013,0.9
Pennsylvania,PA,st-fc,2013,1.5
Pennsylvania,PA,st-fc trust,2013,1.8
Pennsylvania,PA,st-fcc,2013,1.6
Pennsylvania,PA,st-vc,2013,2.1
Rhode Island,RI,Civic Engagement,2013,8.9
Rhode Island,RI,Community Life,2013,6.0
Rhode Island,RI,Family Health,2013,4.7
Rhode Island,RI,Future Generations,2013,3.3
Rhode Island,RI,Social Cohesion,2013,3.8
Rhode Island,RI,Social Mobility,2013,7.5
Rhode Island,RI,Social Trust,2013,10.8
Rhode Island,RI,Total,2013,45.1
Rhode Island,RI,ce-ao,2013,2.0
Rhode Island,RI,ce-vt,2013,2.4
Rhode Island,RI,cl-cdd,2013,1.8
Rhode Island,RI,cl-don,2013,1.3
Rhode Island,RI,cl-mem,2013,0.3
Rhode Island,RI,cl-np,2013,0.8
Rhode Island,RI,cl-npo,2013,0.8
Rhode Island,RI,cl-porg,2013,0.8
Rhode Island,RI,cl-rel,2013,0.2
Rhode Island,RI,cl-ta,2013,1.2
Rhode Island,RI,cl-tfn,2013,1.1
Rhode Island,RI,cl-vol,2013,0.2
Rhode Island,RI,cv-pm,2013,4.5
Rhode Island,RI,fg-act,2013,3.6
Rhode Island,RI,fg-br,2013,-0.3
Rhode Island,RI,fg-play,2013,-0.7
Rhode Island,RI,fg-read,2013,-0.7
Rhode Island,RI,fg-sch,2013,1.7
Rhode Island,RI,fg-yorg,2013,1.5
Rhode Island,RI,fh-eat,2013,0.9
Rhode Island,RI,fh-ed,2013,0.3
Rhode Island,RI,fh-ma,2013,0.1
Rhode Island,RI,fh-read,2013,2.9
Rhode Island,RI,fh-spf,2013,0.7
Rhode Island,RI,fh-time,2013,-0.4
Rhode Island,RI,fh-tv,2013,1.2
Rhode Island,RI,fh-uw,2013,0.2
Rhode Island,RI,sc-born,2013,2.0
Rhode Island,RI,sc-eng-a,2013,0.4
Rhode Island,RI,sc-eng-c,2013,0.3
Rhode Island,RI,sc-mid,2013,1.1
Rhode Island,RI,sm-em,2013,3.1
Rhode Island,RI,sm-grad,2013,1.8
Rhode Island,RI,sm-hr,2013,0.9
Rhode Island,RI,sm-neet,2013,1.7
Rhode Island,RI,st-fc,2013,2.9
Rhode Island,RI,st-fc trust,2013,3.3
Rhode Island,RI,st-fcc,2013,1.4
Rhode Island,RI,st-vc,2013,3.2
South Carolina,SC,Civic Engagement,2013,6.5
South Carolina,SC,Community Life,2013,8.4
South Carolina,SC,Family Health,2013,6.7
South Carolina,SC,Future Generations,2013,7.7
South Carolina,SC,Social Cohesion,2013,9.7
South Carolina,SC,Social Mobility,2013,1.1
South Carolina,SC,Social Trust,2013,3.6
South Carolina,SC,Total,2013,43.7
South Carolina,SC,ce-ao,2013,2.0
South Carolina,SC,ce-vt,2013,3.4
South Carolina,SC,cl-cdd,2013,1.1
South Carolina,SC,cl-don,2013,1.3
South Carolina,SC,cl-mem,2013,0.6
South Carolina,SC,cl-np,2013,1.3
South Carolina,SC,cl-npo,2013,0.6
South Carolina,SC,cl-porg,2013,0.7
South Carolina,SC,cl-rel,2013,3.1
South Carolina,SC,cl-ta,2013,1.1
South Carolina,SC,cl-tfn,2013,1.2
South Carolina,SC,cl-vol,2013,-0.2
South Carolina,SC,cv-pm,2013,1.1
South Carolina,SC,fg-act,2013,-0.7
South Carolina,SC,fg-br,2013,1.2
South Carolina,SC,fg-play,2013,0.9
South Carolina,SC,fg-read,2013,1.9
South Carolina,SC,fg-sch,2013,2.3
South Carolina,SC,fg-yorg,2013,0.6
South Carolina,SC,fh-eat,2013,2.3
South Carolina,SC,fh-ed,2013,-0.5
South Carolina,SC,fh-ma,2013,1.1
South Carolina,SC,fh-read,2013,2.6
South Carolina,SC,fh-spf,2013,0.7
South Carolina,SC,fh-time,2013,0.7
South Carolina,SC,fh-tv,2013,1.2
South Carolina,SC,fh-uw,2013,-0.2
South Carolina,SC,sc-born,2013,2.1
South Carolina,SC,sc-eng-a,2013,2.9
South Carolina,SC,sc-eng-c,2013,3.1
South Carolina,SC,sc-mid,2013,1.5
South Carolina,SC,sm-em,2013,1.2
South Carolina,SC,sm-grad,2013,-0.2
South Carolina,SC,sm-hr,2013,2.6
South Carolina,SC,sm-neet,2013,-2.4
South Carolina,SC,st-fc,2013,-1.8
South Carolina,SC,st-fc trust,2013,2.9
South Carolina,SC,st-fcc,2013,2.7
South Carolina,SC,st-vc,2013,-0.2
South Dakota,SD,Civic Engagement,2013,10.9
South Dakota,SD,Community Life,2013,12.1
South Dakota,SD,Family Health,2013,10.5
South Dakota,SD,Future Generations,2013,10.8
South Dakota,SD,Social Cohesion,2013,12.0
South Dakota,SD,Social Mobility,2013,13.3
South Dakota,SD,Social Trust,2013,1.9
South Dakota,SD,Total,2013,71.5
South Dakota,SD,ce-ao,2013,1.9
South Dakota,SD,ce-vt,2013,1.7
South Dakota,SD,cl-cdd,2013,-0.5
South Dakota,SD,cl-don,2013,1.7
South Dakota,SD,cl-mem,2013,1.9
South Dakota,SD,cl-np,2013,1.3
South Dakota,SD,cl-npo,2013,0.6
South Dakota,SD,cl-porg,2013,0.7
South Dakota,SD,cl-rel,2013,1.7
South Dakota,SD,cl-ta,2013,2.0
South Dakota,SD,cl-tfn,2013,1.4
South Dakota,SD,cl-vol,2013,2.1
South Dakota,SD,cv-pm,2013,7.3
South Dakota,SD,fg-act,2013,4.1
South Dakota,SD,fg-br,2013,3.0
South Dakota,SD,fg-play,2013,2.7
South Dakota,SD,fg-read,2013,2.9
South Dakota,SD,fg-sch,2013,0.7
South Dakota,SD,fg-yorg,2013,0.9
South Dakota,SD,fh-eat,2013,2.2
South Dakota,SD,fh-ed,2013,2.2
South Dakota,SD,fh-ma,2013,1.8
South Dakota,SD,fh-read,2013,2.6
South Dakota,SD,fh-spf,2013,0.0
South Dakota,SD,fh-time,2013,0.6
South Dakota,SD,fh-tv,2013,1.2
South Dakota,SD,fh-uw,2013,1.2
South Dakota,SD,sc-born,2013,2.9
South Dakota,SD,sc-eng-a,2013,3.4
South Dakota,SD,sc-eng-c,2013,2.9
South Dakota,SD,sc-mid,2013,2.7
South Dakota,SD,sm-em,2013,6.1
South Dakota,SD,sm-grad,2013,0.4
South Dakota,SD,sm-hr,2013,3.1
South Dakota,SD,sm-neet,2013,3.6
South Dakota,SD,st-fc,2013,-0.3
South Dakota,SD,st-fc trust,2013,1.2
South Dakota,SD,st-fcc,2013,-2.1
South Dakota,SD,st-vc,2013,3.1
Tennessee,TN,Civic Engagement,2013,2.6
Tennessee,TN,Community Life,2013,9.1
Tennessee,TN,Family Health,2013,7.2
Tennessee,TN,Future Generations,2013,4.8
Tennessee,TN,Social Cohesion,2013,10.0
Tennessee,TN,Social Mobility,2013,1.0
Tennessee,TN,Social Trust,2013,3.5
Tennessee,TN,Total,2013,38.1
Tennessee,TN,ce-ao,2013,1.9
Tennessee,TN,ce-vt,2013,-0.7
Tennessee,TN,cl-cdd,2013,0.1
Tennessee,TN,cl-don,2013,0.9
Tennessee,TN,cl-mem,2013,0.4
Tennessee,TN,cl-np,2013,2.1
Tennessee,TN,cl-npo,2013,0.6
Tennessee,TN,cl-porg,2013,0.8
Tennessee,TN,cl-rel,2013,2.9
Tennessee,TN,cl-ta,2013,1.3
Tennessee,TN,cl-tfn,2013,1.7
Tennessee,TN,cl-vol,2013,0.6
Tennessee,TN,cv-pm,2013,1.4
Tennessee,TN,fg-act,2013,1.5
Tennessee,TN,fg-br,2013,1.4
Tennessee,TN,fg-play,2013,0.4
Tennessee,TN,fg-read,2013,-0.2
Tennessee,TN,fg-sch,2013,0.5
Tennessee,TN,fg-yorg,2013,1.0
Tennessee,TN,fh-eat,2013,2.4
Tennessee,TN,fh-ed,2013,-0.6
Tennessee,TN,fh-ma,2013,1.1
Tennessee,TN,fh-read,2013,3.0
Tennessee,TN,fh-spf,2013,0.5
Tennessee,TN,fh-time,2013,0.5
Tennessee,TN,fh-tv,2013,1.2
Tennessee,TN,fh-uw,2013,0.3
Tennessee,TN,sc-born,2013,2.4
Tennessee,TN,sc-eng-a,2013,3.0
Tennessee,TN,sc-eng-c,2013,3.1
Tennessee,TN,sc-mid,2013,1.4
Tennessee,TN,sm-em,2013,1.2
Tennessee,TN,sm-grad,2013,-0.4
Tennessee,TN,sm-hr,2013,2.3
Tennessee,TN,sm-neet,2013,-2.2
Tennessee,TN,st-fc,2013,0.7
Tennessee,TN,st-fc trust,2013,1.3
Tennessee,TN,st-fcc,2013,1.8
Tennessee,TN,st-vc,2013,-0.3
Texas,TX,Civic Engagement,2013,1.5
Texas,TX,Community Life,2013,6.5
Texas,TX,Family Health,2013,8.7
Texas,TX,Future Generations,2013,9.2
Texas,TX,Social Cohesion,2013,-3.1
Texas,TX,Social Mobility,2013,2.8
Texas,TX,Social Trust,2013,3.5
Texas,TX,Total,2013,29.1
Texas,TX,ce-ao,2013,1.9
Texas,TX,ce-vt,2013,-1.6
Texas,TX,cl-cdd,2013,0.2
Texas,TX,cl-don,2013,-0.3
Texas,TX,cl-mem,2013,0.0
Texas,TX,cl-np,2013,0.8
Texas,TX,cl-npo,2013,0.6
Texas,TX,cl-porg,2013,0.8
Texas,TX,cl-rel,2013,2.3
Texas,TX,cl-ta,2013,2.1
Texas,TX,cl-tfn,2013,0.8
Texas,TX,cl-vol,2013,0.2
Texas,TX,cv-pm,2013,1.2
Texas,TX,fg-act,2013,1.1
Texas,TX,fg-br,2013,3.3
Texas,TX,fg-play,2013,0.6
Texas,TX,fg-read,2013,1.5
Texas,TX,fg-sch,2013,1.8
Texas,TX,fg-yorg,2013,0.5
Texas,TX,fh-eat,2013,3.0
Texas,TX,fh-ed,2013,0.0
Texas,TX,fh-ma,2013,1.5
Texas,TX,fh-read,2013,1.1
Texas,TX,fh-spf,2013,1.7
Texas,TX,fh-time,2013,0.9
Texas,TX,fh-tv,2013,1.2
Texas,TX,fh-uw,2013,0.6
Texas,TX,sc-born,2013,2.3
Texas,TX,sc-eng-a,2013,-2.1
Texas,TX,sc-eng-c,2013,-4.6
Texas,TX,sc-mid,2013,1.3
Texas,TX,sm-em,2013,1.6
Texas,TX,sm-grad,2013,0.4
Texas,TX,sm-hr,2013,1.3
Texas,TX,sm-neet,2013,-0.5
Texas,TX,st-fc,2013,-1.1
Texas,TX,st-fc trust,2013,1.3
Texas,TX,st-fcc,2013,1.6
Texas,TX,st-vc,2013,1.7
United States,US,Civic Engagement,2013,7.5
United States,US,Community Life,2013,7.6
United States,US,Family Health,2013,9.0
United States,US,Future Generations,2013,7.9
United States,US,Social Cohesion,2013,4.2
United States,US,Social Mobility,2013,4.0
United States,US,Social Trust,2013,4.9
United States,US,Total,2013,45.2
United States,US,ce-ao,2013,2.4
United States,US,ce-vt,2013,2.1
United States,US,cl-cdd,2013,1.1
United States,US,cl-don,2013,0.7
United States,US,cl-mem,2013,0.6
United States,US,cl-np,2013,0.8
United States,US,cl-npo,2013,0.9
United States,US,cl-porg,2013,0.9
United States,US,cl-rel,2013,1.3
United States,US,cl-ta,2013,1.4
United States,US,cl-tfn,2013,1.3
United States,US,cl-vol,2013,0.6
United States,US,cv-pm,2013,3.0
United States,US,fg-act,2013,1.4
United States,US,fg-br,2013,1.6
United States,US,fg-play,2013,1.3
United States,US,fg-read,2013,1.3
United States,US,fg-sch,2013,1.4
United States,US,fg-yorg,2013,1.1
United States,US,fh-eat,2013,2.2
United States,US,fh-ed,2013,0.5
United States,US,fh-ma,2013,1.1
United States,US,fh-read,2013,2.3
United States,US,fh-spf,2013,1.3
United States,US,fh-time,2013,0.8
United States,US,fh-tv,2013,1.2
United States,US,fh-uw,2013,0.8
United States,US,sc-born,2013,2.0
United States,US,sc-eng-a,2013,0.4
United States,US,sc-eng-c,2013,0.0
United States,US,sc-mid,2013,1.8
United States,US,sm-em,2013,1.6
United States,US,sm-grad,2013,1.1
United States,US,sm-hr,2013,1.6
United States,US,sm-neet,2013,-0.2
United States,US,st-fc,2013,0.8
United States,US,st-fc trust,2013,1.5
United States,US,st-fcc,2013,0.7
United States,US,st-vc,2013,1.9
Utah,UT,Civic Engagement,2013,7.3
Utah,UT,Community Life,2013,20.6
Utah,UT,Family Health,2013,19.6
Utah,UT,Future Generations,2013,17.9
Utah,UT,Social Cohesion,2013,9.6
Utah,UT,Social Mobility,2013,9.0
Utah,UT,Social Trust,2013,12.3
Utah,UT,Total,2013,96.4
Utah,UT,ce-ao,2013,1.9
Utah,UT,ce-vt,2013,-0.1
Utah,UT,cl-cdd,2013,2.4
Utah,UT,cl-don,2013,3.4
Utah,UT,cl-mem,2013,4.2
Utah,UT,cl-np,2013,-0.1
Utah,UT,cl-npo,2013,0.6
Utah,UT,cl-porg,2013,0.7
Utah,UT,cl-rel,2013,3.5
Utah,UT,cl-ta,2013,2.9
Utah,UT,cl-tfn,2013,1.3
Utah,UT,cl-vol,2013,4.1
Utah,UT,cv-pm,2013,5.5
Utah,UT,fg-act,2013,4.1
Utah,UT,fg-br,2013,9.2
Utah,UT,fg-play,2013,4.9
Utah,UT,fg-read,2013,2.0
Utah,UT,fg-sch,2013,2.5
Utah,UT,fg-yorg,2013,1.3
Utah,UT,fh-eat,2013,2.8
Utah,UT,fh-ed,2013,2.1
Utah,UT,fh-ma,2013,3.9
Utah,UT,fh-read,2013,3.9
Utah,UT,fh-spf,2013,3.1
Utah,UT,fh-time,2013,-0.4
Utah,UT,fh-tv,2013,1.0
Utah,UT,fh-uw,2013,4.1
Utah,UT,sc-born,2013,2.5
Utah,UT,sc-eng-a,2013,1.7
Utah,UT,sc-eng-c,2013,2.1
Utah,UT,sc-mid,2013,3.3
Utah,UT,sm-em,2013,2.6
Utah,UT,sm-grad,2013,1.4
Utah,UT,sm-hr,2013,3.4
Utah,UT,sm-neet,2013,1.6
Utah,UT,st-fc,2013,2.0
Utah,UT,st-fc trust,2013,3.6
Utah,UT,st-fcc,2013,3.1
Utah,UT,st-vc,2013,3.7
Vermont,VT,Civic Engagement,2013,15.4
Vermont,VT,Community Life,2013,10.2
Vermont,VT,Family Health,2013,14.6
Vermont,VT,Future Generations,2013,3.2
Vermont,VT,Social Cohesion,2013,11.1
Vermont,VT,Social Mobility,2013,11.3
Vermont,VT,Social Trust,2013,4.9
Vermont,VT,Total,2013,70.8
Vermont,VT,ce-ao,2013,1.9
Vermont,VT,ce-vt,2013,2.8
Vermont,VT,cl-cdd,2013,0.6
Vermont,VT,cl-don,2013,0.5
Vermont,VT,cl-mem,2013,3.0
Vermont,VT,cl-np,2013,0.0
Vermont,VT,cl-npo,2013,0.8
Vermont,VT,cl-porg,2013,0.8
Vermont,VT,cl-rel,2013,-0.6
Vermont,VT,cl-ta,2013,0.9
Vermont,VT,cl-tfn,2013,3.0
Vermont,VT,cl-vol,2013,2.0
Vermont,VT,cv-pm,2013,10.7
Vermont,VT,fg-act,2013,5.7
Vermont,VT,fg-br,2013,-0.9
Vermont,VT,fg-play,2013,0.2
Vermont,VT,fg-read,2013,0.5
Vermont,VT,fg-sch,2013,2.7
Vermont,VT,fg-yorg,2013,0.2
Vermont,VT,fh-eat,2013,3.1
Vermont,VT,fh-ed,2013,3.2
Vermont,VT,fh-ma,2013,1.6
Vermont,VT,fh-read,2013,5.2
Vermont,VT,fh-spf,2013,0.6
Vermont,VT,fh-time,2013,0.1
Vermont,VT,fh-tv,2013,1.2
Vermont,VT,fh-uw,2013,0.9
Vermont,VT,sc-born,2013,0.8
Vermont,VT,sc-eng-a,2013,3.6
Vermont,VT,sc-eng-c,2013,3.8
Vermont,VT,sc-mid,2013,2.9
Vermont,VT,sm-em,2013,0.4
Vermont,VT,sm-grad,2013,3.1
Vermont,VT,sm-hr,2013,4.0
Vermont,VT,sm-neet,2013,3.9
Vermont,VT,st-fc,2013,0.9
Vermont,VT,st-fc trust,2013,-1.6
Vermont,VT,st-fcc,2013,1.4
Vermont,VT,st-vc,2013,4.2
Virginia,VA,Civic Engagement,2013,9.0
Virginia,VA,Community Life,2013,10.7
Virginia,VA,Family Health,2013,11.4
Virginia,VA,Future Generations,2013,5.5
Virginia,VA,Social Cohesion,2013,5.8
Virginia,VA,Social Mobility,2013,7.3
Virginia,VA,Social Trust,2013,4.2
Virginia,VA,Total,2013,53.8
Virginia,VA,ce-ao,2013,2.4
Virginia,VA,ce-vt,2013,4.4
Virginia,VA,cl-cdd,2013,2.3
Virginia,VA,cl-don,2013,1.9
Virginia,VA,cl-mem,2013,0.6
Virginia,VA,cl-np,2013,2.0
Virginia,VA,cl-npo,2013,0.8
Virginia,VA,cl-porg,2013,1.0
Virginia,VA,cl-rel,2013,1.5
Virginia,VA,cl-ta,2013,1.3
Virginia,VA,cl-tfn,2013,1.9
Virginia,VA,cl-vol,2013,1.5
Virginia,VA,cv-pm,2013,2.2
Virginia,VA,fg-act,2013,2.1
Virginia,VA,fg-br,2013,1.6
Virginia,VA,fg-play,2013,0.8
Virginia,VA,fg-read,2013,1.1
Virginia,VA,fg-sch,2013,0.7
Virginia,VA,fg-yorg,2013,0.7
Virginia,VA,fh-eat,2013,1.7
Virginia,VA,fh-ed,2013,0.9
Virginia,VA,fh-ma,2013,1.7
Virginia,VA,fh-read,2013,3.0
Virginia,VA,fh-spf,2013,1.4
Virginia,VA,fh-time,2013,0.9
Virginia,VA,fh-tv,2013,1.2
Virginia,VA,fh-uw,2013,1.7
Virginia,VA,sc-born,2013,0.7
Virginia,VA,sc-eng-a,2013,1.8
Virginia,VA,sc-eng-c,2013,1.9
Virginia,VA,sc-mid,2013,1.4
Virginia,VA,sm-em,2013,0.6
Virginia,VA,sm-grad,2013,3.0
Virginia,VA,sm-hr,2013,2.3
Virginia,VA,sm-neet,2013,1.5
Virginia,VA,st-fc,2013,0.0
Virginia,VA,st-fc trust,2013,1.2
Virginia,VA,st-fcc,2013,-0.7
Virginia,VA,st-vc,2013,3.7
Washington,WA,Civic Engagement,2013,9.3
Washington,WA,Community Life,2013,11.7
Washington,WA,Family Health,2013,15.4
Washington,WA,Future Generations,2013,7.8
Washington,WA,Social Cohesion,2013,2.2
Washington,WA,Social Mobility,2013,2.5
Washington,WA,Social Trust,2013,10.4
Washington,WA,Total,2013,59.3
Washington,WA,ce-ao,2013,2.0
Washington,WA,ce-vt,2013,3.8
Washington,WA,cl-cdd,2013,1.4
Washington,WA,cl-don,2013,2.1
Washington,WA,cl-mem,2013,1.7
Washington,WA,cl-np,2013,0.3
Washington,WA,cl-npo,2013,1.1
Washington,WA,cl-porg,2013,0.7
Washington,WA,cl-rel,2013,0.6
Washington,WA,cl-ta,2013,1.9
Washington,WA,cl-tfn,2013,1.6
Washington,WA,cl-vol,2013,2.0
Washington,WA,cv-pm,2013,3.5
Washington,WA,fg-act,2013,3.9
Washington,WA,fg-br,2013,1.6
Washington,WA,fg-play,2013,1.7
Washington,WA,fg-read,2013,3.6
Washington,WA,fg-sch,2013,0.8
Washington,WA,fg-yorg,2013,1.0
Washington,WA,fh-eat,2013,3.0
Washington,WA,fh-ed,2013,2.6
Washington,WA,fh-ma,2013,1.4
Washington,WA,fh-read,2013,3.9
Washington,WA,fh-spf,2013,1.1
Washington,WA,fh-time,2013,1.3
Washington,WA,fh-tv,2013,1.2
Washington,WA,fh-uw,2013,2.0
Washington,WA,sc-born,2013,0.2
Washington,WA,sc-eng-a,2013,0.9
Washington,WA,sc-eng-c,2013,-0.9
Washington,WA,sc-mid,2013,1.9
Washington,WA,sm-em,2013,-0.2
Washington,WA,sm-grad,2013,2.0
Washington,WA,sm-hr,2013,1.1
Washington,WA,sm-neet,2013,-0.4
Washington,WA,st-fc,2013,2.5
Washington,WA,st-fc trust,2013,2.3
Washington,WA,st-fcc,2013,3.0
Washington,WA,st-vc,2013,2.8
West Virginia,WV,Civic Engagement,2013,-3.4
West Virginia,WV,Community Life,2013,2.0
West Virginia,WV,Family Health,2013,8.7
West Virginia,WV,Future Generations,2013,6.5
West Virginia,WV,Social Cohesion,2013,13.1
West Virginia,WV,Social Mobility,2013,-0.1
West Virginia,WV,Social Trust,2013,3.8
West Virginia,WV,Total,2013,30.5
West Virginia,WV,ce-ao,2013,1.9
West Virginia,WV,ce-vt,2013,-4.3
West Virginia,WV,cl-cdd,2013,-0.7
West Virginia,WV,cl-don,2013,-0.7
West Virginia,WV,cl-mem,2013,0.5
West Virginia,WV,cl-np,2013,0.1
West Virginia,WV,cl-npo,2013,0.6
West Virginia,WV,cl-porg,2013,0.7
West Virginia,WV,cl-rel,2013,1.8
West Virginia,WV,cl-ta,2013,0.7
West Virginia,WV,cl-tfn,2013,-1.5
West Virginia,WV,cl-vol,2013,-0.1
West Virginia,WV,cv-pm,2013,-1.0
West Virginia,WV,fg-act,2013,3.6
West Virginia,WV,fg-br,2013,0.3
West Virginia,WV,fg-play,2013,1.1
West Virginia,WV,fg-read,2013,0.1
West Virginia,WV,fg-sch,2013,2.7
West Virginia,WV,fg-yorg,2013,0.2
West Virginia,WV,fh-eat,2013,3.2
West Virginia,WV,fh-ed,2013,-0.5
West Virginia,WV,fh-ma,2013,1.1
West Virginia,WV,fh-read,2013,3.2
West Virginia,WV,fh-spf,2013,0.3
West Virginia,WV,fh-time,2013,1.2
West Virginia,WV,fh-tv,2013,1.2
West Virginia,WV,fh-uw,2013,0.1
West Virginia,WV,sc-born,2013,3.9
West Virginia,WV,sc-eng-a,2013,4.0
West Virginia,WV,sc-eng-c,2013,4.1
West Virginia,WV,sc-mid,2013,1.1
West Virginia,WV,sm-em,2013,1.4
West Virginia,WV,sm-grad,2013,-1.9
West Virginia,WV,sm-hr,2013,4.0
West Virginia,WV,sm-neet,2013,-3.6
West Virginia,WV,st-fc,2013,1.3
West Virginia,WV,st-fc trust,2013,-2.0
West Virginia,WV,st-fcc,2013,1.7
West Virginia,WV,st-vc,2013,2.7
Wisconsin,WI,Civic Engagement,2013,14.1
Wisconsin,WI,Community Life,2013,10.7
Wisconsin,WI,Family Health,2013,9.1
Wisconsin,WI,Future Generations,2013,7.4
Wisconsin,WI,Social Cohesion,2013,11.5
Wisconsin,WI,Social Mobility,2013,7.0
Wisconsin,WI,Social Trust,2013,12.6
Wisconsin,WI,Total,2013,72.6
Wisconsin,WI,ce-ao,2013,1.9
Wisconsin,WI,ce-vt,2013,7.5
Wisconsin,WI,cl-cdd,2013,1.7
Wisconsin,WI,cl-don,2013,2.5
Wisconsin,WI,cl-mem,2013,1.0
Wisconsin,WI,cl-np,2013,1.7
Wisconsin,WI,cl-npo,2013,0.7
Wisconsin,WI,cl-porg,2013,0.8
Wisconsin,WI,cl-rel,2013,0.6
Wisconsin,WI,cl-ta,2013,1.2
Wisconsin,WI,cl-tfn,2013,1.6
Wisconsin,WI,cl-vol,2013,2.4
Wisconsin,WI,cv-pm,2013,4.6
Wisconsin,WI,fg-act,2013,0.9
Wisconsin,WI,fg-br,2013,0.9
Wisconsin,WI,fg-play,2013,0.9
Wisconsin,WI,fg-read,2013,1.9
Wisconsin,WI,fg-sch,2013,1.7
Wisconsin,WI,fg-yorg,2013,1.5
Wisconsin,WI,fh-eat,2013,0.8
Wisconsin,WI,fh-ed,2013,1.5
Wisconsin,WI,fh-ma,2013,1.4
Wisconsin,WI,fh-read,2013,2.9
Wisconsin,WI,fh-spf,2013,0.4
Wisconsin,WI,fh-time,2013,0.8
Wisconsin,WI,fh-tv,2013,1.0
Wisconsin,WI,fh-uw,2013,1.4
Wisconsin,WI,sc-born,2013,4.0
Wisconsin,WI,sc-eng-a,2013,2.9
Wisconsin,WI,sc-eng-c,2013,2.0
Wisconsin,WI,sc-mid,2013,2.6
Wisconsin,WI,sm-em,2013,1.6
Wisconsin,WI,sm-grad,2013,0.5
Wisconsin,WI,sm-hr,2013,3.1
Wisconsin,WI,sm-neet,2013,1.8
Wisconsin,WI,st-fc,2013,4.0
Wisconsin,WI,st-fc trust,2013,2.8
Wisconsin,WI,st-fcc,2013,2.6
Wisconsin,WI,st-vc,2013,3.2
Wyoming,WY,Civic Engagement,2013,7.3
Wyoming,WY,Community Life,2013,6.6
Wyoming,WY,Family Health,2013,12.0
Wyoming,WY,Future Generations,2013,16.0
Wyoming,WY,Social Cohesion,2013,8.7
Wyoming,WY,Social Mobility,2013,5.6
Wyoming,WY,Social Trust,2013,8.7
Wyoming,WY,Total,2013,64.9
Wyoming,WY,ce-ao,2013,1.9
Wyoming,WY,ce-vt,2013,0.8
Wyoming,WY,cl-cdd,2013,-0.3
Wyoming,WY,cl-don,2013,0.7
Wyoming,WY,cl-mem,2013,1.2
Wyoming,WY,cl-np,2013,0.0
Wyoming,WY,cl-npo,2013,0.6
Wyoming,WY,cl-porg,2013,0.7
Wyoming,WY,cl-rel,2013,0.3
Wyoming,WY,cl-ta,2013,0.9
Wyoming,WY,cl-tfn,2013,0.9
Wyoming,WY,cl-vol,2013,1.1
Wyoming,WY,cv-pm,2013,4.6
Wyoming,WY,fg-act,2013,0.3
Wyoming,WY,fg-br,2013,1.8
Wyoming,WY,fg-play,2013,3.2
Wyoming,WY,fg-read,2013,2.4
Wyoming,WY,fg-sch,2013,3.8
Wyoming,WY,fg-yorg,2013,1.9
Wyoming,WY,fh-eat,2013,3.1
Wyoming,WY,fh-ed,2013,2.2
Wyoming,WY,fh-ma,2013,1.9
Wyoming,WY,fh-read,2013,3.9
Wyoming,WY,fh-spf,2013,0.3
Wyoming,WY,fh-time,2013,-1.4
Wyoming,WY,fh-tv,2013,1.2
Wyoming,WY,fh-uw,2013,2.0
Wyoming,WY,sc-born,2013,-0.8
Wyoming,WY,sc-eng-a,2013,3.4
Wyoming,WY,sc-eng-c,2013,3.5
Wyoming,WY,sc-mid,2013,2.6
Wyoming,WY,sm-em,2013,1.0
Wyoming,WY,sm-grad,2013,-0.1
Wyoming,WY,sm-hr,2013,3.5
Wyoming,WY,sm-neet,2013,1.1
Wyoming,WY,st-fc,2013,0.9
Wyoming,WY,st-fc trust,2013,3.4
Wyoming,WY,st-fcc,2013,0.9
Wyoming,WY,st-vc,2013,3.5
Alabama,AL,Civic Engagement,2017,2.9
Alabama,AL,Community Life,2017,7.5
Alabama,AL,Family Health,2017,4.6
Alabama,AL,Future Generations,2017,4.9
Alabama,AL,Social Cohesion,2017,11.3
Alabama,AL,Social Mobility,2017,3.7
Alabama,AL,Social Trust,2017,2.7
Alabama,AL,Total,2017,37.7
Alabama,AL,ce-ao,2017,1.9
Alabama,AL,ce-vt,2017,0.1
Alabama,AL,cl-cdd,2017,0.7
Alabama,AL,cl-don,2017,0.6
Alabama,AL,cl-mem,2017,0.2
Alabama,AL,cl-np,2017,0.9
Alabama,AL,cl-npo,2017,0.6
Alabama,AL,cl-porg,2017,0.7
Alabama,AL,cl-rel,2017,2.7
Alabama,AL,cl-ta,2017,0.8
Alabama,AL,cl-tfn,2017,0.9
Alabama,AL,cl-vol,2017,1.0
Alabama,AL,cv-pm,2017,0.9
Alabama,AL,fg-act,2017,0.0
Alabama,AL,fg-br,2017,1.2
Alabama,AL,fg-play,2017,0.6
Alabama,AL,fg-read,2017,-0.3
Alabama,AL,fg-sch,2017,1.0
Alabama,AL,fg-yorg,2017,0.5
Alabama,AL,fh-eat,2017,0.9
Alabama,AL,fh-ed,2017,0.2
Alabama,AL,fh-ma,2017,0.8
Alabama,AL,fh-read,2017,1.0
Alabama,AL,fh-spf,2017,0.4
Alabama,AL,fh-time,2017,1.5
Alabama,AL,fh-tv,2017,1.2
Alabama,AL,fh-uw,2017,-0.2
Alabama,AL,sc-born,2017,3.8
Alabama,AL,sc-eng-a,2017,3.4
Alabama,AL,sc-eng-c,2017,3.2
Alabama,AL,sc-mid,2017,1.0
Alabama,AL,sm-em,2017,2.1
Alabama,AL,sm-grad,2017,-0.2
Alabama,AL,sm-hr,2017,2.4
Alabama,AL,sm-neet,2017,-0.6
Alabama,AL,st-fc,2017,-0.5
Alabama,AL,st-fc trust,2017,1.1
Alabama,AL,st-fcc,2017,1.1
Alabama,AL,st-vc,2017,1.0
Alaska,AK,Civic Engagement,2017,11.0
Alaska,AK,Community Life,2017,10.6
Alaska,AK,Family Health,2017,9.8
Alaska,AK,Future Generations,2017,19.9
Alaska,AK,Social Cohesion,2017,5.9
Alaska,AK,Social Mobility,2017,0.1
Alaska,AK,Social Trust,2017,2.1
Alaska,AK,Total,2017,59.2
Alaska,AK,ce-ao,2017,2.7
Alaska,AK,ce-vt,2017,1.9
Alaska,AK,cl-cdd,2017,-0.3
Alaska,AK,cl-don,2017,1.4
Alaska,AK,cl-mem,2017,1.3
Alaska,AK,cl-np,2017,0.3
Alaska,AK,cl-npo,2017,1.0
Alaska,AK,cl-porg,2017,0.8
Alaska,AK,cl-rel,2017,0.2
Alaska,AK,cl-ta,2017,2.8
Alaska,AK,cl-tfn,2017,-0.3
Alaska,AK,cl-vol,2017,3.3
Alaska,AK,cv-pm,2017,6.4
Alaska,AK,fg-act,2017,-0.2
Alaska,AK,fg-br,2017,3.7
Alaska,AK,fg-play,2017,1.7
Alaska,AK,fg-read,2017,0.8
Alaska,AK,fg-sch,2017,4.8
Alaska,AK,fg-yorg,2017,3.0
Alaska,AK,fh-eat,2017,2.4
Alaska,AK,fh-ed,2017,1.4
Alaska,AK,fh-ma,2017,1.0
Alaska,AK,fh-read,2017,1.5
Alaska,AK,fh-spf,2017,1.3
Alaska,AK,fh-time,2017,0.5
Alaska,AK,fh-tv,2017,1.2
Alaska,AK,fh-uw,2017,1.6
Alaska,AK,sc-born,2017,-0.6
Alaska,AK,sc-eng-a,2017,2.0
Alaska,AK,sc-eng-c,2017,2.0
Alaska,AK,sc-mid,2017,2.6
Alaska,AK,sm-em,2017,-3.2
Alaska,AK,sm-grad,2017,1.4
Alaska,AK,sm-hr,2017,1.6
Alaska,AK,sm-neet,2017,0.3
Alaska,AK,st-fc,2017,0.8
Alaska,AK,st-fc trust,2017,1.0
Alaska,AK,st-fcc,2017,1.7
Alaska,AK,st-vc,2017,-1.5
Arizona,AZ,Civic Engagement,2017,2.8
Arizona,AZ,Community Life,2017,5.9
Arizona,AZ,Family Health,2017,5.3
Arizona,AZ,Future Generations,2017,3.2
Arizona,AZ,Social Cohesion,2017,1.4
Arizona,AZ,Social Mobility,2017,0.7
Arizona,AZ,Social Trust,2017,6.3
Arizona,AZ,Total,2017,25.5
Arizona,AZ,ce-ao,2017,2.1
Arizona,AZ,ce-vt,2017,1.5
Arizona,AZ,cl-cdd,2017,1.0
Arizona,AZ,cl-don,2017,1.0
Arizona,AZ,cl-mem,2017,-0.3
Arizona,AZ,cl-np,2017,5.6
Arizona,AZ,cl-npo,2017,0.6
Arizona,AZ,cl-porg,2017,0.8
Arizona,AZ,cl-rel,2017,0.7
Arizona,AZ,cl-ta,2017,0.9
Arizona,AZ,cl-tfn,2017,0.7
Arizona,AZ,cl-vol,2017,1.5
Arizona,AZ,cv-pm,2017,-0.8
Arizona,AZ,fg-act,2017,0.3
Arizona,AZ,fg-br,2017,1.4
Arizona,AZ,fg-play,2017,0.8
Arizona,AZ,fg-read,2017,-0.2
Arizona,AZ,fg-sch,2017,-0.7
Arizona,AZ,fg-yorg,2017,0.7
Arizona,AZ,fh-eat,2017,1.2
Arizona,AZ,fh-ed,2017,-0.3
Arizona,AZ,fh-ma,2017,0.8
Arizona,AZ,fh-read,2017,0.1
Arizona,AZ,fh-spf,2017,1.4
Arizona,AZ,fh-time,2017,1.9
Arizona,AZ,fh-tv,2017,1.0
Arizona,AZ,fh-uw,2017,0.2
Arizona,AZ,sc-born,2017,-1.0
Arizona,AZ,sc-eng-a,2017,0.2
Arizona,AZ,sc-eng-c,2017,0.4
Arizona,AZ,sc-mid,2017,1.8
Arizona,AZ,sm-em,2017,-0.1
Arizona,AZ,sm-grad,2017,0.8
Arizona,AZ,sm-hr,2017,0.2
Arizona,AZ,sm-neet,2017,-0.2
Arizona,AZ,st-fc,2017,0.3
Arizona,AZ,st-fc trust,2017,3.3
Arizona,AZ,st-fcc,2017,1.1
Arizona,AZ,st-vc,2017,1.6
Arkansas,AR,Civic Engagement,2017,3.1
Arkansas,AR,Community Life,2017,6.7
Arkansas,AR,Family Health,2017,3.9
Arkansas,AR,Future Generations,2017,7.1
Arkansas,AR,Social Cohesion,2017,9.6
Arkansas,AR,Social Mobility,2017,3.1
Arkansas,AR,Social Trust,2017,7.1
Arkansas,AR,Total,2017,40.5
Arkansas,AR,ce-ao,2017,1.9
Arkansas,AR,ce-vt,2017,0.7
Arkansas,AR,cl-cdd,2017,0.0
Arkansas,AR,cl-don,2017,0.5
Arkansas,AR,cl-mem,2017,-0.1
Arkansas,AR,cl-np,2017,0.7
Arkansas,AR,cl-npo,2017,0.7
Arkansas,AR,cl-porg,2017,0.8
Arkansas,AR,cl-rel,2017,1.5
Arkansas,AR,cl-ta,2017,1.2
Arkansas,AR,cl-tfn,2017,0.6
Arkansas,AR,cl-vol,2017,1.5
Arkansas,AR,cv-pm,2017,0.5
Arkansas,AR,fg-act,2017,-0.4
Arkansas,AR,fg-br,2017,1.9
Arkansas,AR,fg-play,2017,0.6
Arkansas,AR,fg-read,2017,-0.6
Arkansas,AR,fg-sch,2017,1.6
Arkansas,AR,fg-yorg,2017,0.7
Arkansas,AR,fh-eat,2017,2.0
Arkansas,AR,fh-ed,2017,-1.1
Arkansas,AR,fh-ma,2017,1.2
Arkansas,AR,fh-read,2017,-0.7
Arkansas,AR,fh-spf,2017,0.5
Arkansas,AR,fh-time,2017,1.9
Arkansas,AR,fh-tv,2017,1.2
Arkansas,AR,fh-uw,2017,0.1
Arkansas,AR,sc-born,2017,2.5
Arkansas,AR,sc-eng-a,2017,2.9
Arkansas,AR,sc-eng-c,2017,2.5
Arkansas,AR,sc-mid,2017,1.7
Arkansas,AR,sm-em,2017,3.7
Arkansas,AR,sm-grad,2017,-0.9
Arkansas,AR,sm-hr,2017,1.5
Arkansas,AR,sm-neet,2017,-1.3
Arkansas,AR,st-fc,2017,2.5
Arkansas,AR,st-fc trust,2017,2.1
Arkansas,AR,st-fcc,2017,2.1
Arkansas,AR,st-vc,2017,0.5
California,CA,Civic Engagement,2017,3.1
California,CA,Community Life,2017,5.9
California,CA,Family Health,2017,10.2
California,CA,Future Generations,2017,5.7
California,CA,Social Cohesion,2017,-5.6
California,CA,Social Mobility,2017,2.4
California,CA,Social Trust,2017,10.8
California,CA,Total,2017,32.5
California,CA,ce-ao,2017,2.0
California,CA,ce-vt,2017,0.3
California,CA,cl-cdd,2017,1.7
California,CA,cl-don,2017,0.1
California,CA,cl-mem,2017,0.1
California,CA,cl-np,2017,0.5
California,CA,cl-npo,2017,0.8
California,CA,cl-porg,2017,0.7
California,CA,cl-rel,2017,0.3
California,CA,cl-ta,2017,1.3
California,CA,cl-tfn,2017,1.8
California,CA,cl-vol,2017,0.7
California,CA,cv-pm,2017,0.7
California,CA,fg-act,2017,1.4
California,CA,fg-br,2017,1.5
California,CA,fg-play,2017,1.1
California,CA,fg-read,2017,1.7
California,CA,fg-sch,2017,0.2
California,CA,fg-yorg,2017,1.0
California,CA,fh-eat,2017,1.8
California,CA,fh-ed,2017,1.7
California,CA,fh-ma,2017,1.3
California,CA,fh-read,2017,-0.6
California,CA,fh-spf,2017,3.9
California,CA,fh-time,2017,1.0
California,CA,fh-tv,2017,1.2
California,CA,fh-uw,2017,1.1
California,CA,sc-born,2017,1.4
California,CA,sc-eng-a,2017,-4.2
California,CA,sc-eng-c,2017,-3.5
California,CA,sc-mid,2017,0.7
California,CA,sm-em,2017,0.9
California,CA,sm-grad,2017,2.2
California,CA,sm-hr,2017,-2.1
California,CA,sm-neet,2017,1.4
California,CA,st-fc,2017,3.1
California,CA,st-fc trust,2017,3.9
California,CA,st-fcc,2017,2.3
California,CA,st-vc,2017,1.5
Colorado,CO,Civic Engagement,2017,10.5
Colorado,CO,Community Life,2017,7.6
Colorado,CO,Family Health,2017,12.2
Colorado,CO,Future Generations,2017,12.5
Colorado,CO,Social Cohesion,2017,4.4
Colorado,CO,Social Mobility,2017,9.9
Colorado,CO,Social Trust,2017,14.1
Colorado,CO,Total,2017,71.1
Colorado,CO,ce-ao,2017,2.1
Colorado,CO,ce-vt,2017,5.6
Colorado,CO,cl-cdd,2017,1.3
Colorado,CO,cl-don,2017,1.5
Colorado,CO,cl-mem,2017,0.7
Colorado,CO,cl-np,2017,1.9
Colorado,CO,cl-npo,2017,0.7
Colorado,CO,cl-porg,2017,0.8
Colorado,CO,cl-rel,2017,0.2
Colorado,CO,cl-ta,2017,0.7
Colorado,CO,cl-tfn,2017,1.1
Colorado,CO,cl-vol,2017,1.9
Colorado,CO,cv-pm,2017,2.7
Colorado,CO,fg-act,2017,2.1
Colorado,CO,fg-br,2017,1.2
Colorado,CO,fg-play,2017,2.7
Colorado,CO,fg-read,2017,3.1
Colorado,CO,fg-sch,2017,0.0
Colorado,CO,fg-yorg,2017,4.4
Colorado,CO,fh-eat,2017,1.3
Colorado,CO,fh-ed,2017,1.9
Colorado,CO,fh-ma,2017,1.5
Colorado,CO,fh-read,2017,2.3
Colorado,CO,fh-spf,2017,1.1
Colorado,CO,fh-time,2017,0.5
Colorado,CO,fh-tv,2017,1.0
Colorado,CO,fh-uw,2017,3.6
Colorado,CO,sc-born,2017,-0.5
Colorado,CO,sc-eng-a,2017,1.6
Colorado,CO,sc-eng-c,2017,1.3
Colorado,CO,sc-mid,2017,2.0
Colorado,CO,sm-em,2017,1.4
Colorado,CO,sm-grad,2017,4.2
Colorado,CO,sm-hr,2017,1.4
Colorado,CO,sm-neet,2017,3.0
Colorado,CO,st-fc,2017,4.6
Colorado,CO,st-fc trust,2017,3.6
Colorado,CO,st-fcc,2017,3.3
Colorado,CO,st-vc,2017,2.5
Connecticut,CT,Civic Engagement,2017,9.0
Connecticut,CT,Community Life,2017,7.4
Connecticut,CT,Family Health,2017,7.0
Connecticut,CT,Future Generations,2017,0.3
Connecticut,CT,Social Cohesion,2017,5.0
Connecticut,CT,Social Mobility,2017,11.5
Connecticut,CT,Social Trust,2017,10.2
Connecticut,CT,Total,2017,50.4
Connecticut,CT,ce-ao,2017,1.9
Connecticut,CT,ce-vt,2017,3.0
Connecticut,CT,cl-cdd,2017,2.6
Connecticut,CT,cl-don,2017,1.1
Connecticut,CT,cl-mem,2017,0.1
Connecticut,CT,cl-np,2017,0.0
Connecticut,CT,cl-npo,2017,0.8
Connecticut,CT,cl-porg,2017,0.7
Connecticut,CT,cl-rel,2017,0.0
Connecticut,CT,cl-ta,2017,0.6
Connecticut,CT,cl-tfn,2017,2.2
Connecticut,CT,cl-vol,2017,1.8
Connecticut,CT,cv-pm,2017,4.0
Connecticut,CT,fg-act,2017,2.2
Connecticut,CT,fg-br,2017,-0.7
Connecticut,CT,fg-play,2017,-0.2
Connecticut,CT,fg-read,2017,3.6
Connecticut,CT,fg-sch,2017,0.6
Connecticut,CT,fg-yorg,2017,0.5
Connecticut,CT,fh-eat,2017,-0.3
Connecticut,CT,fh-ed,2017,1.4
Connecticut,CT,fh-ma,2017,1.1
Connecticut,CT,fh-read,2017,1.8
Connecticut,CT,fh-spf,2017,1.3
Connecticut,CT,fh-time,2017,0.3
Connecticut,CT,fh-tv,2017,1.2
Connecticut,CT,fh-uw,2017,1.4
Connecticut,CT,sc-born,2017,1.5
Connecticut,CT,sc-eng-a,2017,0.6
Connecticut,CT,sc-eng-c,2017,1.7
Connecticut,CT,sc-mid,2017,1.3
Connecticut,CT,sm-em,2017,2.1
Connecticut,CT,sm-grad,2017,3.9
Connecticut,CT,sm-hr,2017,2.5
Connecticut,CT,sm-neet,2017,3.0
Connecticut,CT,st-fc,2017,3.0
Connecticut,CT,st-fc trust,2017,1.8
Connecticut,CT,st-fcc,2017,2.0
Connecticut,CT,st-vc,2017,3.5
Delaware,DE,Civic Engagement,2017,7.2
Delaware,DE,Community Life,2017,13.6
Delaware,DE,Family Health,2017,7.1
Delaware,DE,Future Generations,2017,5.6
Delaware,DE,Social Cohesion,2017,6.9
Delaware,DE,Social Mobility,2017,8.0
Delaware,DE,Social Trust,2017,9.8
Delaware,DE,Total,2017,58.3
Delaware,DE,ce-ao,2017,2.0
Delaware,DE,ce-vt,2017,2.3
Delaware,DE,cl-cdd,2017,1.3
Delaware,DE,cl-don,2017,2.5
Delaware,DE,cl-mem,2017,1.3
Delaware,DE,cl-np,2017,0.2
Delaware,DE,cl-npo,2017,1.2
Delaware,DE,cl-porg,2017,0.7
Delaware,DE,cl-rel,2017,0.7
Delaware,DE,cl-ta,2017,3.0
Delaware,DE,cl-tfn,2017,2.4
Delaware,DE,cl-vol,2017,1.8
Delaware,DE,cv-pm,2017,2.9
Delaware,DE,fg-act,2017,2.2
Delaware,DE,fg-br,2017,0.8
Delaware,DE,fg-play,2017,-0.1
Delaware,DE,fg-read,2017,-0.2
Delaware,DE,fg-sch,2017,1.2
Delaware,DE,fg-yorg,2017,1.8
Delaware,DE,fh-eat,2017,1.2
Delaware,DE,fh-ed,2017,0.0
Delaware,DE,fh-ma,2017,1.1
Delaware,DE,fh-read,2017,1.3
Delaware,DE,fh-spf,2017,1.6
Delaware,DE,fh-time,2017,2.1
Delaware,DE,fh-tv,2017,1.2
Delaware,DE,fh-uw,2017,-0.2
Delaware,DE,sc-born,2017,0.0
Delaware,DE,sc-eng-a,2017,2.3
Delaware,DE,sc-eng-c,2017,2.1
Delaware,DE,sc-mid,2017,2.5
Delaware,DE,sm-em,2017,1.9
Delaware,DE,sm-grad,2017,1.8
Delaware,DE,sm-hr,2017,3.1
Delaware,DE,sm-neet,2017,1.1
Delaware,DE,st-fc,2017,4.1
Delaware,DE,st-fc trust,2017,2.7
Delaware,DE,st-fcc,2017,2.3
Delaware,DE,st-vc,2017,0.7
District of Columbia,DC,Community Life,2017,22.4
District of Columbia,DC,Family Health,2017,-0.2
District of Columbia,DC,Future Generations,2017,24.5
District of Columbia,DC,Social Mobility,2017,14.4
District of Columbia,DC,Social Trust,2017,-26.7
District of Columbia,DC,ce-ao,2017,19.3
District of Columbia,DC,ce-vt,2017,7.9
District of Columbia,DC,cl-cdd,2017,2.3
District of Columbia,DC,cl-don,2017,1.6
District of Columbia,DC,cl-mem,2017,2.6
District of Columbia,DC,cl-np,2017,2.2
District of Columbia,DC,cl-npo,2017,7.2
District of Columbia,DC,cl-porg,2017,7.3
District of Columbia,DC,cl-rel,2017,0.0
District of Columbia,DC,cl-ta,2017,-1.7
District of Columbia,DC,cl-tfn,2017,2.3
District of Columbia,DC,cl-vol,2017,3.2
District of Columbia,DC,fg-act,2017,0.4
District of Columbia,DC,fg-br,2017,2.9
District of Columbia,DC,fg-play,2017,2.9
District of Columbia,DC,fg-read,2017,1.1
District of Columbia,DC,fg-sch,2017,3.1
District of Columbia,DC,fg-yorg,2017,7.5
District of Columbia,DC,fh-eat,2017,2.5
District of Columbia,DC,fh-ed,2017,1.0
District of Columbia,DC,fh-ma,2017,-4.3
District of Columbia,DC,fh-read,2017,5.1
District of Columbia,DC,fh-spf,2017,-1.0
District of Columbia,DC,fh-time,2017,-3.2
District of Columbia,DC,fh-tv,2017,1.2
District of Columbia,DC,fh-uw,2017,-0.3
District of Columbia,DC,sc-born,2017,-1.6
District of Columbia,DC,sc-eng-a,2017,1.9
District of Columbia,DC,sc-eng-c,2017,0.6
District of Columbia,DC,sm-em,2017,7.6
District of Columbia,DC,sm-grad,2017,9.3
District of Columbia,DC,sm-hr,2017,-5.7
District of Columbia,DC,sm-neet,2017,3.2
District of Columbia,DC,st-fc,2017,-5.8
District of Columbia,DC,st-fc trust,2017,-6.3
District of Columbia,DC,st-fcc,2017,-7.9
District of Columbia,DC,st-vc,2017,-6.8
Florida,FL,Civic Engagement,2017,2.9
Florida,FL,Community Life,2017,4.9
Florida,FL,Family Health,2017,4.6
Florida,FL,Future Generations,2017,2.6
Florida,FL,Social Cohesion,2017,-1.0
Florida,FL,Social Mobility,2017,2.4
Florida,FL,Social Trust,2017,2.1
Florida,FL,Total,2017,18.4
Florida,FL,ce-ao,2017,2.4
Florida,FL,ce-vt,2017,1.0
Florida,FL,cl-cdd,2017,0.1
Florida,FL,cl-don,2017,-0.5
Florida,FL,cl-mem,2017,1.2
Florida,FL,cl-np,2017,0.6
Florida,FL,cl-npo,2017,0.7
Florida,FL,cl-porg,2017,0.8
Florida,FL,cl-rel,2017,0.8
Florida,FL,cl-ta,2017,0.7
Florida,FL,cl-tfn,2017,1.0
Florida,FL,cl-vol,2017,0.2
Florida,FL,cv-pm,2017,-0.6
Florida,FL,fg-act,2017,1.4
Florida,FL,fg-br,2017,0.2
Florida,FL,fg-play,2017,1.5
Florida,FL,fg-read,2017,0.7
Florida,FL,fg-sch,2017,-0.6
Florida,FL,fg-yorg,2017,0.6
Florida,FL,fh-eat,2017,1.7
Florida,FL,fh-ed,2017,0.3
Florida,FL,fh-ma,2017,0.6
Florida,FL,fh-read,2017,0.0
Florida,FL,fh-spf,2017,1.2
Florida,FL,fh-time,2017,0.9
Florida,FL,fh-tv,2017,1.2
Florida,FL,fh-uw,2017,-0.1
Florida,FL,sc-born,2017,-1.5
Florida,FL,sc-eng-a,2017,-1.0
Florida,FL,sc-eng-c,2017,0.1
Florida,FL,sc-mid,2017,1.4
Florida,FL,sm-em,2017,-0.2
Florida,FL,sm-grad,2017,1.0
Florida,FL,sm-hr,2017,0.6
Florida,FL,sm-neet,2017,0.9
Florida,FL,st-fc,2017,-1.9
Florida,FL,st-fc trust,2017,1.2
Florida,FL,st-fcc,2017,1.7
Florida,FL,st-vc,2017,1.1
Georgia,GA,Civic Engagement,2017,4.1
Georgia,GA,Community Life,2017,5.0
Georgia,GA,Family Health,2017,3.6
Georgia,GA,Future Generations,2017,8.2
Georgia,GA,Social Cohesion,2017,6.3
Georgia,GA,Social Mobility,2017,1.9
Georgia,GA,Social Trust,2017,6.6
Georgia,GA,Total,2017,35.8
Georgia,GA,ce-ao,2017,2.1
Georgia,GA,ce-vt,2017,1.4
Georgia,GA,cl-cdd,2017,1.6
Georgia,GA,cl-don,2017,0.0
Georgia,GA,cl-mem,2017,0.0
Georgia,GA,cl-np,2017,1.3
Georgia,GA,cl-npo,2017,0.7
Georgia,GA,cl-porg,2017,0.7
Georgia,GA,cl-rel,2017,1.7
Georgia,GA,cl-ta,2017,0.7
Georgia,GA,cl-tfn,2017,0.4
Georgia,GA,cl-vol,2017,0.8
Georgia,GA,cv-pm,2017,0.7
Georgia,GA,fg-act,2017,2.3
Georgia,GA,fg-br,2017,1.7
Georgia,GA,fg-play,2017,0.2
Georgia,GA,fg-read,2017,1.5
Georgia,GA,fg-sch,2017,1.5
Georgia,GA,fg-yorg,2017,2.0
Georgia,GA,fh-eat,2017,0.7
Georgia,GA,fh-ed,2017,0.2
Georgia,GA,fh-ma,2017,1.0
Georgia,GA,fh-read,2017,-0.4
Georgia,GA,fh-spf,2017,1.3
Georgia,GA,fh-time,2017,0.7
Georgia,GA,fh-tv,2017,1.2
Georgia,GA,fh-uw,2017,0.2
Georgia,GA,sc-born,2017,1.4
Georgia,GA,sc-eng-a,2017,1.7
Georgia,GA,sc-eng-c,2017,1.9
Georgia,GA,sc-mid,2017,1.3
Georgia,GA,sm-em,2017,0.7
Georgia,GA,sm-grad,2017,1.5
Georgia,GA,sm-hr,2017,0.5
Georgia,GA,sm-neet,2017,-0.8
Georgia,GA,st-fc,2017,1.8
Georgia,GA,st-fc trust,2017,1.3
Georgia,GA,st-fcc,2017,1.5
Georgia,GA,st-vc,2017,1.9
Hawaii,HI,Civic Engagement,2017,-1.7
Hawaii,HI,Community Life,2017,5.9
Hawaii,HI,Family Health,2017,14.3
Hawaii,HI,Future Generations,2017,6.3
Hawaii,HI,Social Cohesion,2017,1.0
Hawaii,HI,Social Mobility,2017,5.0
Hawaii,HI,Social Trust,2017,11.0
Hawaii,HI,Total,2017,41.9
Hawaii,HI,ce-ao,2017,2.1
Hawaii,HI,ce-vt,2017,-4.6
Hawaii,HI,cl-cdd,2017,0.8
Hawaii,HI,cl-don,2017,0.7
Hawaii,HI,cl-mem,2017,0.4
Hawaii,HI,cl-np,2017,0.1
Hawaii,HI,cl-npo,2017,0.8
Hawaii,HI,cl-porg,2017,0.7
Hawaii,HI,cl-rel,2017,0.0
Hawaii,HI,cl-ta,2017,1.3
Hawaii,HI,cl-tfn,2017,0.9
Hawaii,HI,cl-vol,2017,1.1
Hawaii,HI,cv-pm,2017,0.8
Hawaii,HI,fg-act,2017,-1.2
Hawaii,HI,fg-br,2017,1.7
Hawaii,HI,fg-play,2017,2.2
Hawaii,HI,fg-read,2017,0.5
Hawaii,HI,fg-sch,2017,-0.6
Hawaii,HI,fg-yorg,2017,0.8
Hawaii,HI,fh-eat,2017,3.0
Hawaii,HI,fh-ed,2017,-0.1
Hawaii,HI,fh-ma,2017,2.0
Hawaii,HI,fh-read,2017,0.8
Hawaii,HI,fh-spf,2017,4.9
Hawaii,HI,fh-time,2017,2.6
Hawaii,HI,fh-tv,2017,1.2
Hawaii,HI,fh-uw,2017,1.1
Hawaii,HI,sc-born,2017,1.1
Hawaii,HI,sc-eng-a,2017,-1.3
Hawaii,HI,sc-eng-c,2017,-1.6
Hawaii,HI,sc-mid,2017,2.8
Hawaii,HI,sm-em,2017,1.4
Hawaii,HI,sm-grad,2017,1.9
Hawaii,HI,sm-hr,2017,-0.6
Hawaii,HI,sm-neet,2017,2.4
Hawaii,HI,st-fc,2017,3.1
Hawaii,HI,st-fc trust,2017,2.8
Hawaii,HI,st-fcc,2017,2.3
Hawaii,HI,st-vc,2017,2.8
Idaho,ID,Civic Engagement,2017,5.1
Idaho,ID,Community Life,2017,12.0
Idaho,ID,Family Health,2017,10.9
Idaho,ID,Future Generations,2017,5.0
Idaho,ID,Social Cohesion,2017,7.1
Idaho,ID,Social Mobility,2017,6.0
Idaho,ID,Social Trust,2017,12.0
Idaho,ID,Total,2017,58.2
Idaho,ID,ce-ao,2017,2.0
Idaho,ID,ce-vt,2017,2.2
Idaho,ID,cl-cdd,2017,0.8
Idaho,ID,cl-don,2017,1.5
Idaho,ID,cl-mem,2017,2.3
Idaho,ID,cl-np,2017,0.2
Idaho,ID,cl-npo,2017,0.5
Idaho,ID,cl-porg,2017,0.7
Idaho,ID,cl-rel,2017,0.8
Idaho,ID,cl-ta,2017,2.0
Idaho,ID,cl-tfn,2017,1.3
Idaho,ID,cl-vol,2017,2.8
Idaho,ID,cv-pm,2017,0.9
Idaho,ID,fg-act,2017,1.7
Idaho,ID,fg-br,2017,2.5
Idaho,ID,fg-play,2017,0.6
Idaho,ID,fg-read,2017,1.3
Idaho,ID,fg-sch,2017,-0.6
Idaho,ID,fg-yorg,2017,0.9
Idaho,ID,fh-eat,2017,2.0
Idaho,ID,fh-ed,2017,1.7
Idaho,ID,fh-ma,2017,2.4
Idaho,ID,fh-read,2017,-0.1
Idaho,ID,fh-spf,2017,0.9
Idaho,ID,fh-time,2017,1.3
Idaho,ID,fh-tv,2017,1.0
Idaho,ID,fh-uw,2017,2.7
Idaho,ID,sc-born,2017,0.3
Idaho,ID,sc-eng-a,2017,2.5
Idaho,ID,sc-eng-c,2017,2.3
Idaho,ID,sc-mid,2017,2.0
Idaho,ID,sm-em,2017,1.1
Idaho,ID,sm-grad,2017,0.3
Idaho,ID,sm-hr,2017,2.7
Idaho,ID,sm-neet,2017,1.9
Idaho,ID,st-fc,2017,3.0
Idaho,ID,st-fc trust,2017,2.9
Idaho,ID,st-fcc,2017,2.6
Idaho,ID,st-vc,2017,3.5
Illinois,IL,Civic Engagement,2017,6.0
Illinois,IL,Community Life,2017,9.4
Illinois,IL,Family Health,2017,6.0
Illinois,IL,Future Generations,2017,7.9
Illinois,IL,Social Cohesion,2017,5.4
Illinois,IL,Social Mobility,2017,6.0
Illinois,IL,Social Trust,2017,6.2
Illinois,IL,Total,2017,46.9
Illinois,IL,ce-ao,2017,2.0
Illinois,IL,ce-vt,2017,3.0
Illinois,IL,cl-cdd,2017,1.3
Illinois,IL,cl-don,2017,1.4
Illinois,IL,cl-mem,2017,0.8
Illinois,IL,cl-np,2017,1.0
Illinois,IL,cl-npo,2017,1.0
Illinois,IL,cl-porg,2017,1.0
Illinois,IL,cl-rel,2017,0.7
Illinois,IL,cl-ta,2017,0.8
Illinois,IL,cl-tfn,2017,2.6
Illinois,IL,cl-vol,2017,1.1
Illinois,IL,cv-pm,2017,1.0
Illinois,IL,fg-act,2017,2.6
Illinois,IL,fg-br,2017,1.2
Illinois,IL,fg-play,2017,2.5
Illinois,IL,fg-read,2017,1.6
Illinois,IL,fg-sch,2017,1.0
Illinois,IL,fg-yorg,2017,0.5
Illinois,IL,fh-eat,2017,0.4
Illinois,IL,fh-ed,2017,0.9
Illinois,IL,fh-ma,2017,1.0
Illinois,IL,fh-read,2017,0.9
Illinois,IL,fh-spf,2017,1.3
Illinois,IL,fh-time,2017,0.5
Illinois,IL,fh-tv,2017,1.2
Illinois,IL,fh-uw,2017,0.9
Illinois,IL,sc-born,2017,3.3
Illinois,IL,sc-eng-a,2017,0.2
Illinois,IL,sc-eng-c,2017,0.6
Illinois,IL,sc-mid,2017,1.2
Illinois,IL,sm-em,2017,0.2
Illinois,IL,sm-grad,2017,2.4
Illinois,IL,sm-hr,2017,1.9
Illinois,IL,sm-neet,2017,1.5
Illinois,IL,st-fc,2017,1.5
Illinois,IL,st-fc trust,2017,1.1
Illinois,IL,st-fcc,2017,1.8
Illinois,IL,st-vc,2017,1.9
Indiana,IN,Civic Engagement,2017,4.1
Indiana,IN,Community Life,2017,8.8
Indiana,IN,Family Health,2017,5.5
Indiana,IN,Future Generations,2017,5.5
Indiana,IN,Social Cohesion,2017,11.0
Indiana,IN,Social Mobility,2017,5.1
Indiana,IN,Social Trust,2017,9.7
Indiana,IN,Total,2017,49.7
Indiana,IN,ce-ao,2017,1.9
Indiana,IN,ce-vt,2017,0.5
Indiana,IN,cl-cdd,2017,0.0
Indiana,IN,cl-don,2017,1.4
Indiana,IN,cl-mem,2017,0.2
Indiana,IN,cl-np,2017,1.2
Indiana,IN,cl-npo,2017,0.8
Indiana,IN,cl-porg,2017,0.7
Indiana,IN,cl-rel,2017,1.1
Indiana,IN,cl-ta,2017,1.1
Indiana,IN,cl-tfn,2017,1.2
Indiana,IN,cl-vol,2017,2.3
Indiana,IN,cv-pm,2017,1.7
Indiana,IN,fg-act,2017,1.5
Indiana,IN,fg-br,2017,1.6
Indiana,IN,fg-play,2017,0.0
Indiana,IN,fg-read,2017,0.9
Indiana,IN,fg-sch,2017,0.3
Indiana,IN,fg-yorg,2017,1.7
Indiana,IN,fh-eat,2017,-0.4
Indiana,IN,fh-ed,2017,1.3
Indiana,IN,fh-ma,2017,1.1
Indiana,IN,fh-read,2017,1.3
Indiana,IN,fh-spf,2017,0.5
Indiana,IN,fh-time,2017,1.3
Indiana,IN,fh-tv,2017,1.2
Indiana,IN,fh-uw,2017,0.5
Indiana,IN,sc-born,2017,3.5
Indiana,IN,sc-eng-a,2017,2.9
Indiana,IN,sc-eng-c,2017,2.5
Indiana,IN,sc-mid,2017,2.1
Indiana,IN,sm-em,2017,0.8
Indiana,IN,sm-grad,2017,0.0
Indiana,IN,sm-hr,2017,2.8
Indiana,IN,sm-neet,2017,1.5
Indiana,IN,st-fc,2017,3.1
Indiana,IN,st-fc trust,2017,2.7
Indiana,IN,st-fcc,2017,2.0
Indiana,IN,st-vc,2017,1.9
Iowa,IA,Civic Engagement,2017,6.4
Iowa,IA,Community Life,2017,11.8
Iowa,IA,Family Health,2017,7.5
Iowa,IA,Future Generations,2017,7.4
Iowa,IA,Social Cohesion,2017,11.9
Iowa,IA,Social Mobility,2017,11.8
Iowa,IA,Social Trust,2017,11.3
Iowa,IA,Total,2017,68.0
Iowa,IA,ce-ao,2017,1.9
Iowa,IA,ce-vt,2017,2.9
Iowa,IA,cl-cdd,2017,0.9
Iowa,IA,cl-don,2017,1.2
Iowa,IA,cl-mem,2017,1.4
Iowa,IA,cl-np,2017,0.9
Iowa,IA,cl-npo,2017,1.0
Iowa,IA,cl-porg,2017,0.7
Iowa,IA,cl-rel,2017,0.9
Iowa,IA,cl-ta,2017,0.6
Iowa,IA,cl-tfn,2017,2.4
Iowa,IA,cl-vol,2017,3.5
Iowa,IA,cv-pm,2017,1.6
Iowa,IA,fg-act,2017,0.7
Iowa,IA,fg-br,2017,1.5
Iowa,IA,fg-play,2017,0.7
Iowa,IA,fg-read,2017,0.6
Iowa,IA,fg-sch,2017,2.1
Iowa,IA,fg-yorg,2017,0.6
Iowa,IA,fh-eat,2017,1.0
Iowa,IA,fh-ed,2017,1.9
Iowa,IA,fh-ma,2017,1.6
Iowa,IA,fh-read,2017,0.4
Iowa,IA,fh-spf,2017,0.2
Iowa,IA,fh-time,2017,0.9
Iowa,IA,fh-tv,2017,1.2
Iowa,IA,fh-uw,2017,1.6
Iowa,IA,sc-born,2017,3.9
Iowa,IA,sc-eng-a,2017,2.9
Iowa,IA,sc-eng-c,2017,2.6
Iowa,IA,sc-mid,2017,2.4
Iowa,IA,sm-em,2017,2.9
Iowa,IA,sm-grad,2017,0.6
Iowa,IA,sm-hr,2017,3.8
Iowa,IA,sm-neet,2017,4.5
Iowa,IA,st-fc,2017,3.2
Iowa,IA,st-fc trust,2017,2.4
Iowa,IA,st-fcc,2017,2.7
Iowa,IA,st-vc,2017,2.9
Kansas,KS,Civic Engagement,2017,5.6
Kansas,KS,Community Life,2017,12.6
Kansas,KS,Family Health,2017,9.1
Kansas,KS,Future Generations,2017,7.9
Kansas,KS,Social Cohesion,2017,8.6
Kansas,KS,Social Mobility,2017,8.7
Kansas,KS,Social Trust,2017,8.6
Kansas,KS,Total,2017,61.0
Kansas,KS,ce-ao,2017,2.0
Kansas,KS,ce-vt,2017,1.9
Kansas,KS,cl-cdd,2017,0.5
Kansas,KS,cl-don,2017,3.1
Kansas,KS,cl-mem,2017,1.3
Kansas,KS,cl-np,2017,0.5
Kansas,KS,cl-npo,2017,0.6
Kansas,KS,cl-porg,2017,0.8
Kansas,KS,cl-rel,2017,1.1
Kansas,KS,cl-ta,2017,1.4
Kansas,KS,cl-tfn,2017,1.8
Kansas,KS,cl-vol,2017,2.6
Kansas,KS,cv-pm,2017,1.7
Kansas,KS,fg-act,2017,2.2
Kansas,KS,fg-br,2017,2.2
Kansas,KS,fg-play,2017,0.7
Kansas,KS,fg-read,2017,1.7
Kansas,KS,fg-sch,2017,1.8
Kansas,KS,fg-yorg,2017,0.5
Kansas,KS,fh-eat,2017,2.3
Kansas,KS,fh-ed,2017,0.6
Kansas,KS,fh-ma,2017,1.6
Kansas,KS,fh-read,2017,0.8
Kansas,KS,fh-spf,2017,0.4
Kansas,KS,fh-time,2017,1.8
Kansas,KS,fh-tv,2017,1.2
Kansas,KS,fh-uw,2017,1.6
Kansas,KS,sc-born,2017,2.0
Kansas,KS,sc-eng-a,2017,2.3
Kansas,KS,sc-eng-c,2017,2.3
Kansas,KS,sc-mid,2017,2.1
Kansas,KS,sm-em,2017,1.3
Kansas,KS,sm-grad,2017,2.0
Kansas,KS,sm-hr,2017,2.5
Kansas,KS,sm-neet,2017,2.9
Kansas,KS,st-fc,2017,2.2
Kansas,KS,st-fc trust,2017,1.6
Kansas,KS,st-fcc,2017,3.0
Kansas,KS,st-vc,2017,1.8
Kentucky,KY,Civic Engagement,2017,2.5
Kentucky,KY,Community Life,2017,7.4
Kentucky,KY,Family Health,2017,5.3
Kentucky,KY,Future Generations,2017,4.8
Kentucky,KY,Social Cohesion,2017,11.5
Kentucky,KY,Social Mobility,2017,4.4
Kentucky,KY,Social Trust,2017,7.9
Kentucky,KY,Total,2017,43.9
Kentucky,KY,ce-ao,2017,1.9
Kentucky,KY,ce-vt,2017,-0.1
Kentucky,KY,cl-cdd,2017,0.5
Kentucky,KY,cl-don,2017,0.8
Kentucky,KY,cl-mem,2017,-0.3
Kentucky,KY,cl-np,2017,0.7
Kentucky,KY,cl-npo,2017,0.6
Kentucky,KY,cl-porg,2017,0.8
Kentucky,KY,cl-rel,2017,1.3
Kentucky,KY,cl-ta,2017,1.2
Kentucky,KY,cl-tfn,2017,1.8
Kentucky,KY,cl-vol,2017,1.1
Kentucky,KY,cv-pm,2017,0.7
Kentucky,KY,fg-act,2017,2.3
Kentucky,KY,fg-br,2017,1.5
Kentucky,KY,fg-play,2017,0.3
Kentucky,KY,fg-read,2017,0.8
Kentucky,KY,fg-sch,2017,1.0
Kentucky,KY,fg-yorg,2017,0.4
Kentucky,KY,fh-eat,2017,0.2
Kentucky,KY,fh-ed,2017,-0.2
Kentucky,KY,fh-ma,2017,1.1
Kentucky,KY,fh-read,2017,0.9
Kentucky,KY,fh-spf,2017,0.5
Kentucky,KY,fh-time,2017,2.2
Kentucky,KY,fh-tv,2017,1.2
Kentucky,KY,fh-uw,2017,0.7
Kentucky,KY,sc-born,2017,3.7
Kentucky,KY,sc-eng-a,2017,3.4
Kentucky,KY,sc-eng-c,2017,3.1
Kentucky,KY,sc-mid,2017,1.3
Kentucky,KY,sm-em,2017,2.7
Kentucky,KY,sm-grad,2017,-0.5
Kentucky,KY,sm-hr,2017,1.9
Kentucky,KY,sm-neet,2017,0.2
Kentucky,KY,st-fc,2017,1.7
Kentucky,KY,st-fc trust,2017,1.2
Kentucky,KY,st-fcc,2017,1.5
Kentucky,KY,st-vc,2017,3.5
Louisiana,LA,Civic Engagement,2017,4.6
Louisiana,LA,Community Life,2017,5.6
Louisiana,LA,Family Health,2017,0.8
Louisiana,LA,Future Generations,2017,9.3
Louisiana,LA,Social Cohesion,2017,11.9
Louisiana,LA,Social Mobility,2017,2.0
Louisiana,LA,Social Trust,2017,-1.1
Louisiana,LA,Total,2017,33.2
Louisiana,LA,ce-ao,2017,2.1
Louisiana,LA,ce-vt,2017,2.0
Louisiana,LA,cl-cdd,2017,0.0
Louisiana,LA,cl-don,2017,-0.1
Louisiana,LA,cl-mem,2017,0.2
Louisiana,LA,cl-np,2017,0.1
Louisiana,LA,cl-npo,2017,0.6
Louisiana,LA,cl-porg,2017,0.8
Louisiana,LA,cl-rel,2017,2.1
Louisiana,LA,cl-ta,2017,0.9
Louisiana,LA,cl-tfn,2017,0.3
Louisiana,LA,cl-vol,2017,0.7
Louisiana,LA,cv-pm,2017,0.5
Louisiana,LA,fg-act,2017,-0.2
Louisiana,LA,fg-br,2017,2.5
Louisiana,LA,fg-play,2017,2.4
Louisiana,LA,fg-read,2017,-0.2
Louisiana,LA,fg-sch,2017,1.1
Louisiana,LA,fg-yorg,2017,0.2
Louisiana,LA,fh-eat,2017,1.6
Louisiana,LA,fh-ed,2017,-2.0
Louisiana,LA,fh-ma,2017,-0.2
Louisiana,LA,fh-read,2017,0.7
Louisiana,LA,fh-spf,2017,0.3
Louisiana,LA,fh-time,2017,1.4
Louisiana,LA,fh-tv,2017,1.2
Louisiana,LA,fh-uw,2017,-1.0
Louisiana,LA,sc-born,2017,5.0
Louisiana,LA,sc-eng-a,2017,3.0
Louisiana,LA,sc-eng-c,2017,3.5
Louisiana,LA,sc-mid,2017,0.4
Louisiana,LA,sm-em,2017,2.6
Louisiana,LA,sm-grad,2017,-0.5
Louisiana,LA,sm-hr,2017,1.5
Louisiana,LA,sm-neet,2017,-1.6
Louisiana,LA,st-fc,2017,-0.3
Louisiana,LA,st-fc trust,2017,-0.7
Louisiana,LA,st-fcc,2017,-0.4
Louisiana,LA,st-vc,2017,0.4
Maine,ME,Civic Engagement,2017,15.6
Maine,ME,Community Life,2017,6.8
Maine,ME,Family Health,2017,10.9
Maine,ME,Future Generations,2017,0.8
Maine,ME,Social Cohesion,2017,12.4
Maine,ME,Social Mobility,2017,10.2
Maine,ME,Social Trust,2017,12.3
Maine,ME,Total,2017,69.0
Maine,ME,ce-ao,2017,2.0
Maine,ME,ce-vt,2017,7.1
Maine,ME,cl-cdd,2017,0.5
Maine,ME,cl-don,2017,1.5
Maine,ME,cl-mem,2017,1.8
Maine,ME,cl-np,2017,0.1
Maine,ME,cl-npo,2017,0.7
Maine,ME,cl-porg,2017,0.7
Maine,ME,cl-rel,2017,-0.7
Maine,ME,cl-ta,2017,0.8
Maine,ME,cl-tfn,2017,-1.0
Maine,ME,cl-vol,2017,3.0
Maine,ME,cv-pm,2017,6.5
Maine,ME,fg-act,2017,4.6
Maine,ME,fg-br,2017,-1.1
Maine,ME,fg-play,2017,-0.1
Maine,ME,fg-read,2017,2.1
Maine,ME,fg-sch,2017,0.8
Maine,ME,fg-yorg,2017,0.9
Maine,ME,fh-eat,2017,1.1
Maine,ME,fh-ed,2017,2.2
Maine,ME,fh-ma,2017,1.2
Maine,ME,fh-read,2017,3.6
Maine,ME,fh-spf,2017,0.6
Maine,ME,fh-time,2017,1.2
Maine,ME,fh-tv,2017,1.2
Maine,ME,fh-uw,2017,1.1
Maine,ME,sc-born,2017,2.8
Maine,ME,sc-eng-a,2017,3.6
Maine,ME,sc-eng-c,2017,3.9
Maine,ME,sc-mid,2017,2.1
Maine,ME,sm-em,2017,1.4
Maine,ME,sm-grad,2017,1.5
Maine,ME,sm-hr,2017,4.2
Maine,ME,sm-neet,2017,3.1
Maine,ME,st-fc,2017,2.9
Maine,ME,st-fc trust,2017,2.8
Maine,ME,st-fcc,2017,2.2
Maine,ME,st-vc,2017,4.4
Maryland,MD,Civic Engagement,2017,9.5
Maryland,MD,Community Life,2017,9.8
Maryland,MD,Family Health,2017,6.7
Maryland,MD,Future Generations,2017,6.4
Maryland,MD,Social Cohesion,2017,5.1
Maryland,MD,Social Mobility,2017,9.9
Maryland,MD,Social Trust,2017,5.0
Maryland,MD,Total,2017,52.4
Maryland,MD,ce-ao,2017,2.0
Maryland,MD,ce-vt,2017,3.9
Maryland,MD,cl-cdd,2017,3.2
Maryland,MD,cl-don,2017,2.0
Maryland,MD,cl-mem,2017,1.3
Maryland,MD,cl-np,2017,0.4
Maryland,MD,cl-npo,2017,0.9
Maryland,MD,cl-porg,2017,0.9
Maryland,MD,cl-rel,2017,0.3
Maryland,MD,cl-ta,2017,0.2
Maryland,MD,cl-tfn,2017,1.7
Maryland,MD,cl-vol,2017,2.6
Maryland,MD,cv-pm,2017,3.6
Maryland,MD,fg-act,2017,0.4
Maryland,MD,fg-br,2017,1.2
Maryland,MD,fg-play,2017,1.8
Maryland,MD,fg-read,2017,3.0
Maryland,MD,fg-sch,2017,0.7
Maryland,MD,fg-yorg,2017,0.5
Maryland,MD,fh-eat,2017,-0.3
Maryland,MD,fh-ed,2017,0.9
Maryland,MD,fh-ma,2017,1.0
Maryland,MD,fh-read,2017,1.8
Maryland,MD,fh-spf,2017,2.0
Maryland,MD,fh-time,2017,0.4
Maryland,MD,fh-tv,2017,1.2
Maryland,MD,fh-uw,2017,1.0
Maryland,MD,sc-born,2017,0.2
Maryland,MD,sc-eng-a,2017,1.4
Maryland,MD,sc-eng-c,2017,1.6
Maryland,MD,sc-mid,2017,2.0
Maryland,MD,sm-em,2017,1.9
Maryland,MD,sm-grad,2017,4.1
Maryland,MD,sm-hr,2017,2.0
Maryland,MD,sm-neet,2017,2.0
Maryland,MD,st-fc,2017,2.0
Maryland,MD,st-fc trust,2017,2.0
Maryland,MD,st-fcc,2017,-0.1
Maryland,MD,st-vc,2017,1.1
Massachusetts,MA,Civic Engagement,2017,9.1
Massachusetts,MA,Community Life,2017,8.3
Massachusetts,MA,Family Health,2017,6.4
Massachusetts,MA,Future Generations,2017,1.9
Massachusetts,MA,Social Cohesion,2017,4.7
Massachusetts,MA,Social Mobility,2017,13.8
Massachusetts,MA,Social Trust,2017,10.8
Massachusetts,MA,Total,2017,55.0
Massachusetts,MA,ce-ao,2017,2.0
Massachusetts,MA,ce-vt,2017,4.4
Massachusetts,MA,cl-cdd,2017,2.0
Massachusetts,MA,cl-don,2017,1.9
Massachusetts,MA,cl-mem,2017,0.9
Massachusetts,MA,cl-np,2017,0.4
Massachusetts,MA,cl-npo,2017,1.1
Massachusetts,MA,cl-porg,2017,0.8
Massachusetts,MA,cl-rel,2017,-0.6
Massachusetts,MA,cl-ta,2017,0.5
Massachusetts,MA,cl-tfn,2017,1.8
Massachusetts,MA,cl-vol,2017,1.9
Massachusetts,MA,cv-pm,2017,2.7
Massachusetts,MA,fg-act,2017,0.5
Massachusetts,MA,fg-br,2017,-0.2
Massachusetts,MA,fg-play,2017,-0.6
Massachusetts,MA,fg-read,2017,1.6
Massachusetts,MA,fg-sch,2017,0.5
Massachusetts,MA,fg-yorg,2017,1.6
Massachusetts,MA,fh-eat,2017,-1.5
Massachusetts,MA,fh-ed,2017,1.3
Massachusetts,MA,fh-ma,2017,0.7
Massachusetts,MA,fh-read,2017,1.4
Massachusetts,MA,fh-spf,2017,1.5
Massachusetts,MA,fh-time,2017,1.0
Massachusetts,MA,fh-tv,2017,1.2
Massachusetts,MA,fh-uw,2017,2.0
Massachusetts,MA,sc-born,2017,2.5
Massachusetts,MA,sc-eng-a,2017,0.3
Massachusetts,MA,sc-eng-c,2017,0.9
Massachusetts,MA,sc-mid,2017,1.1
Massachusetts,MA,sm-em,2017,3.5
Massachusetts,MA,sm-grad,2017,4.8
Massachusetts,MA,sm-hr,2017,1.4
Massachusetts,MA,sm-neet,2017,4.2
Massachusetts,MA,st-fc,2017,3.8
Massachusetts,MA,st-fc trust,2017,3.2
Massachusetts,MA,st-fcc,2017,1.9
Massachusetts,MA,st-vc,2017,1.8
Michigan,MI,Civic Engagement,2017,7.5
Michigan,MI,Community Life,2017,6.2
Michigan,MI,Family Health,2017,4.9
Michigan,MI,Future Generations,2017,3.0
Michigan,MI,Social Cohesion,2017,12.1
Michigan,MI,Social Mobility,2017,5.1
Michigan,MI,Social Trust,2017,8.9
Michigan,MI,Total,2017,47.7
Michigan,MI,ce-ao,2017,1.9
Michigan,MI,ce-vt,2017,3.2
Michigan,MI,cl-cdd,2017,0.7
Michigan,MI,cl-don,2017,0.5
Michigan,MI,cl-mem,2017,0.4
Michigan,MI,cl-np,2017,1.5
Michigan,MI,cl-npo,2017,0.8
Michigan,MI,cl-porg,2017,0.7
Michigan,MI,cl-rel,2017,0.6
Michigan,MI,cl-ta,2017,0.9
Michigan,MI,cl-tfn,2017,1.0
Michigan,MI,cl-vol,2017,1.3
Michigan,MI,cv-pm,2017,2.3
Michigan,MI,fg-act,2017,1.3
Michigan,MI,fg-br,2017,0.5
Michigan,MI,fg-play,2017,0.6
Michigan,MI,fg-read,2017,2.2
Michigan,MI,fg-sch,2017,0.7
Michigan,MI,fg-yorg,2017,0.2
Michigan,MI,fh-eat,2017,0.4
Michigan,MI,fh-ed,2017,0.5
Michigan,MI,fh-ma,2017,0.8
Michigan,MI,fh-read,2017,0.7
Michigan,MI,fh-spf,2017,0.8
Michigan,MI,fh-time,2017,0.8
Michigan,MI,fh-tv,2017,1.2
Michigan,MI,fh-uw,2017,0.7
Michigan,MI,sc-born,2017,4.8
Michigan,MI,sc-eng-a,2017,2.8
Michigan,MI,sc-eng-c,2017,2.8
Michigan,MI,sc-mid,2017,1.6
Michigan,MI,sm-em,2017,-0.3
Michigan,MI,sm-grad,2017,0.8
Michigan,MI,sm-hr,2017,3.6
Michigan,MI,sm-neet,2017,0.9
Michigan,MI,st-fc,2017,2.1
Michigan,MI,st-fc trust,2017,2.6
Michigan,MI,st-fcc,2017,2.6
Michigan,MI,st-vc,2017,1.5
Minnesota,MN,Civic Engagement,2017,12.8
Minnesota,MN,Community Life,2017,13.4
Minnesota,MN,Family Health,2017,8.4
Minnesota,MN,Future Generations,2017,8.8
Minnesota,MN,Social Cohesion,2017,9.4
Minnesota,MN,Social Mobility,2017,14.0
Minnesota,MN,Social Trust,2017,12.6
Minnesota,MN,Total,2017,79.4
Minnesota,MN,ce-ao,2017,2.0
Minnesota,MN,ce-vt,2017,5.3
Minnesota,MN,cl-cdd,2017,1.8
Minnesota,MN,cl-don,2017,3.0
Minnesota,MN,cl-mem,2017,1.2
Minnesota,MN,cl-np,2017,1.0
Minnesota,MN,cl-npo,2017,0.9
Minnesota,MN,cl-porg,2017,0.8
Minnesota,MN,cl-rel,2017,0.7
Minnesota,MN,cl-ta,2017,1.3
Minnesota,MN,cl-tfn,2017,1.4
Minnesota,MN,cl-vol,2017,4.1
Minnesota,MN,cv-pm,2017,5.5
Minnesota,MN,fg-act,2017,1.8
Minnesota,MN,fg-br,2017,1.6
Minnesota,MN,fg-play,2017,2.2
Minnesota,MN,fg-read,2017,2.2
Minnesota,MN,fg-sch,2017,1.3
Minnesota,MN,fg-yorg,2017,0.8
Minnesota,MN,fh-eat,2017,-0.8
Minnesota,MN,fh-ed,2017,1.8
Minnesota,MN,fh-ma,2017,1.7
Minnesota,MN,fh-read,2017,1.8
Minnesota,MN,fh-spf,2017,0.6
Minnesota,MN,fh-time,2017,1.1
Minnesota,MN,fh-tv,2017,1.2
Minnesota,MN,fh-uw,2017,2.1
Minnesota,MN,sc-born,2017,3.4
Minnesota,MN,sc-eng-a,2017,2.4
Minnesota,MN,sc-eng-c,2017,1.3
Minnesota,MN,sc-mid,2017,2.4
Minnesota,MN,sm-em,2017,2.5
Minnesota,MN,sm-grad,2017,2.9
Minnesota,MN,sm-hr,2017,4.0
Minnesota,MN,sm-neet,2017,4.7
Minnesota,MN,st-fc,2017,3.6
Minnesota,MN,st-fc trust,2017,2.8
Minnesota,MN,st-fcc,2017,3.0
Minnesota,MN,st-vc,2017,3.3
Mississippi,MS,Civic Engagement,2017,6.6
Mississippi,MS,Community Life,2017,6.5
Mississippi,MS,Family Health,2017,2.8
Mississippi,MS,Future Generations,2017,5.6
Mississippi,MS,Social Cohesion,2017,12.5
Mississippi,MS,Social Mobility,2017,1.6
Mississippi,MS,Social Trust,2017,7.8
Mississippi,MS,Total,2017,43.4
Mississippi,MS,ce-ao,2017,1.9
Mississippi,MS,ce-vt,2017,4.8
Mississippi,MS,cl-cdd,2017,0.3
Mississippi,MS,cl-don,2017,0.1
Mississippi,MS,cl-mem,2017,0.2
Mississippi,MS,cl-np,2017,0.9
Mississippi,MS,cl-npo,2017,0.6
Mississippi,MS,cl-porg,2017,0.7
Mississippi,MS,cl-rel,2017,2.5
Mississippi,MS,cl-ta,2017,1.5
Mississippi,MS,cl-tfn,2017,0.6
Mississippi,MS,cl-vol,2017,0.4
Mississippi,MS,cv-pm,2017,-0.2
Mississippi,MS,fg-act,2017,1.0
Mississippi,MS,fg-br,2017,1.7
Mississippi,MS,fg-play,2017,0.6
Mississippi,MS,fg-read,2017,1.2
Mississippi,MS,fg-sch,2017,1.3
Mississippi,MS,fg-yorg,2017,0.1
Mississippi,MS,fh-eat,2017,1.7
Mississippi,MS,fh-ed,2017,-0.2
Mississippi,MS,fh-ma,2017,0.1
Mississippi,MS,fh-read,2017,0.1
Mississippi,MS,fh-spf,2017,0.8
Mississippi,MS,fh-time,2017,1.5
Mississippi,MS,fh-tv,2017,1.2
Mississippi,MS,fh-uw,2017,-1.1
Mississippi,MS,sc-born,2017,4.0
Mississippi,MS,sc-eng-a,2017,3.6
Mississippi,MS,sc-eng-c,2017,3.9
Mississippi,MS,sc-mid,2017,1.0
Mississippi,MS,sm-em,2017,2.6
Mississippi,MS,sm-grad,2017,-1.2
Mississippi,MS,sm-hr,2017,1.8
Mississippi,MS,sm-neet,2017,-1.6
Mississippi,MS,st-fc,2017,1.7
Mississippi,MS,st-fc trust,2017,2.5
Mississippi,MS,st-fcc,2017,0.6
Mississippi,MS,st-vc,2017,3.0
Missouri,MO,Civic Engagement,2017,6.0
Missouri,MO,Community Life,2017,8.7
Missouri,MO,Family Health,2017,7.0
Missouri,MO,Future Generations,2017,9.4
Missouri,MO,Social Cohesion,2017,11.7
Missouri,MO,Social Mobility,2017,7.5
Missouri,MO,Social Trust,2017,0.8
Missouri,MO,Total,2017,51.2
Missouri,MO,ce-ao,2017,2.3
Missouri,MO,ce-vt,2017,3.5
Missouri,MO,cl-cdd,2017,0.5
Missouri,MO,cl-don,2017,1.5
Missouri,MO,cl-mem,2017,0.9
Missouri,MO,cl-np,2017,1.1
Missouri,MO,cl-npo,2017,0.9
Missouri,MO,cl-porg,2017,0.8
Missouri,MO,cl-rel,2017,1.1
Missouri,MO,cl-ta,2017,1.1
Missouri,MO,cl-tfn,2017,0.7
Missouri,MO,cl-vol,2017,1.8
Missouri,MO,cv-pm,2017,0.3
Missouri,MO,fg-act,2017,1.8
Missouri,MO,fg-br,2017,1.3
Missouri,MO,fg-play,2017,0.9
Missouri,MO,fg-read,2017,1.3
Missouri,MO,fg-sch,2017,0.9
Missouri,MO,fg-yorg,2017,3.2
Missouri,MO,fh-eat,2017,0.6
Missouri,MO,fh-ed,2017,0.9
Missouri,MO,fh-ma,2017,1.0
Missouri,MO,fh-read,2017,0.8
Missouri,MO,fh-spf,2017,0.5
Missouri,MO,fh-time,2017,2.4
Missouri,MO,fh-tv,2017,1.2
Missouri,MO,fh-uw,2017,0.9
Missouri,MO,sc-born,2017,3.2
Missouri,MO,sc-eng-a,2017,3.4
Missouri,MO,sc-eng-c,2017,3.3
Missouri,MO,sc-mid,2017,1.9
Missouri,MO,sm-em,2017,2.3
Missouri,MO,sm-grad,2017,0.9
Missouri,MO,sm-hr,2017,2.2
Missouri,MO,sm-neet,2017,2.0
Missouri,MO,st-fc,2017,-0.9
Missouri,MO,st-fc trust,2017,-1.2
Missouri,MO,st-fcc,2017,2.3
Missouri,MO,st-vc,2017,0.8
Montana,MT,Civic Engagement,2017,11.0
Montana,MT,Community Life,2017,10.1
Montana,MT,Family Health,2017,10.9
Montana,MT,Future Generations,2017,7.2
Montana,MT,Social Cohesion,2017,11.5
Montana,MT,Social Mobility,2017,8.8
Montana,MT,Social Trust,2017,-2.1
Montana,MT,Total,2017,57.3
Montana,MT,ce-ao,2017,2.0
Montana,MT,ce-vt,2017,4.0
Montana,MT,cl-cdd,2017,0.6
Montana,MT,cl-don,2017,1.2
Montana,MT,cl-mem,2017,2.0
Montana,MT,cl-np,2017,1.5
Montana,MT,cl-npo,2017,0.7
Montana,MT,cl-porg,2017,0.7
Montana,MT,cl-rel,2017,0.3
Montana,MT,cl-ta,2017,-0.2
Montana,MT,cl-tfn,2017,2.3
Montana,MT,cl-vol,2017,3.0
Montana,MT,cv-pm,2017,4.9
Montana,MT,fg-act,2017,0.7
Montana,MT,fg-br,2017,1.1
Montana,MT,fg-play,2017,0.7
Montana,MT,fg-read,2017,-0.2
Montana,MT,fg-sch,2017,1.1
Montana,MT,fg-yorg,2017,1.9
Montana,MT,fh-eat,2017,2.2
Montana,MT,fh-ed,2017,2.0
Montana,MT,fh-ma,2017,1.2
Montana,MT,fh-read,2017,2.1
Montana,MT,fh-spf,2017,-0.3
Montana,MT,fh-time,2017,2.1
Montana,MT,fh-tv,2017,1.0
Montana,MT,fh-uw,2017,1.5
Montana,MT,sc-born,2017,1.3
Montana,MT,sc-eng-a,2017,3.9
Montana,MT,sc-eng-c,2017,4.2
Montana,MT,sc-mid,2017,2.1
Montana,MT,sm-em,2017,4.7
Montana,MT,sm-grad,2017,1.7
Montana,MT,sm-hr,2017,2.4
Montana,MT,sm-neet,2017,0.0
Montana,MT,st-fc,2017,1.1
Montana,MT,st-fc trust,2017,-1.7
Montana,MT,st-fcc,2017,-3.7
Montana,MT,st-vc,2017,2.2
Nebraska,NE,Civic Engagement,2017,9.2
Nebraska,NE,Community Life,2017,11.7
Nebraska,NE,Family Health,2017,8.1
Nebraska,NE,Future Generations,2017,10.2
Nebraska,NE,Social Cohesion,2017,8.6
Nebraska,NE,Social Mobility,2017,12.1
Nebraska,NE,Social Trust,2017,8.2
Nebraska,NE,Total,2017,68.1
Nebraska,NE,ce-ao,2017,1.9
Nebraska,NE,ce-vt,2017,4.4
Nebraska,NE,cl-cdd,2017,0.8
Nebraska,NE,cl-don,2017,2.0
Nebraska,NE,cl-mem,2017,2.2
Nebraska,NE,cl-np,2017,0.5
Nebraska,NE,cl-npo,2017,0.8
Nebraska,NE,cl-porg,2017,0.7
Nebraska,NE,cl-rel,2017,1.3
Nebraska,NE,cl-ta,2017,1.6
Nebraska,NE,cl-tfn,2017,-0.4
Nebraska,NE,cl-vol,2017,3.2
Nebraska,NE,cv-pm,2017,2.9
Nebraska,NE,fg-act,2017,2.2
Nebraska,NE,fg-br,2017,2.7
Nebraska,NE,fg-play,2017,0.8
Nebraska,NE,fg-read,2017,2.4
Nebraska,NE,fg-sch,2017,1.9
Nebraska,NE,fg-yorg,2017,1.4
Nebraska,NE,fh-eat,2017,0.4
Nebraska,NE,fh-ed,2017,2.2
Nebraska,NE,fh-ma,2017,1.4
Nebraska,NE,fh-read,2017,0.5
Nebraska,NE,fh-spf,2017,0.2
Nebraska,NE,fh-time,2017,1.4
Nebraska,NE,fh-tv,2017,1.2
Nebraska,NE,fh-uw,2017,1.9
Nebraska,NE,sc-born,2017,3.0
Nebraska,NE,sc-eng-a,2017,2.1
Nebraska,NE,sc-eng-c,2017,1.1
Nebraska,NE,sc-mid,2017,2.5
Nebraska,NE,sm-em,2017,3.3
Nebraska,NE,sm-grad,2017,1.5
Nebraska,NE,sm-hr,2017,2.5
Nebraska,NE,sm-neet,2017,4.8
Nebraska,NE,st-fc,2017,-0.3
Nebraska,NE,st-fc trust,2017,3.1
Nebraska,NE,st-fcc,2017,2.5
Nebraska,NE,st-vc,2017,3.0
Nevada,NV,Civic Engagement,2017,4.3
Nevada,NV,Community Life,2017,5.0
Nevada,NV,Family Health,2017,1.6
Nevada,NV,Future Generations,2017,9.0
Nevada,NV,Social Cohesion,2017,-1.7
Nevada,NV,Social Mobility,2017,-4.9
Nevada,NV,Social Trust,2017,5.2
Nevada,NV,Total,2017,18.4
Nevada,NV,ce-ao,2017,1.9
Nevada,NV,ce-vt,2017,1.5
Nevada,NV,cl-cdd,2017,0.4
Nevada,NV,cl-don,2017,-0.1
Nevada,NV,cl-mem,2017,-0.7
Nevada,NV,cl-np,2017,-0.1
Nevada,NV,cl-npo,2017,0.6
Nevada,NV,cl-porg,2017,0.7
Nevada,NV,cl-rel,2017,0.3
Nevada,NV,cl-ta,2017,1.5
Nevada,NV,cl-tfn,2017,2.2
Nevada,NV,cl-vol,2017,0.5
Nevada,NV,cv-pm,2017,0.9
Nevada,NV,fg-act,2017,2.6
Nevada,NV,fg-br,2017,1.5
Nevada,NV,fg-play,2017,4.2
Nevada,NV,fg-read,2017,1.9
Nevada,NV,fg-sch,2017,-0.2
Nevada,NV,fg-yorg,2017,0.4
Nevada,NV,fh-eat,2017,1.0
Nevada,NV,fh-ed,2017,-1.1
Nevada,NV,fh-ma,2017,0.0
Nevada,NV,fh-read,2017,0.1
Nevada,NV,fh-spf,2017,1.2
Nevada,NV,fh-time,2017,0.6
Nevada,NV,fh-tv,2017,1.0
Nevada,NV,fh-uw,2017,-0.4
Nevada,NV,sc-born,2017,-3.1
Nevada,NV,sc-eng-a,2017,-1.2
Nevada,NV,sc-eng-c,2017,0.2
Nevada,NV,sc-mid,2017,2.4
Nevada,NV,sm-em,2017,-2.6
Nevada,NV,sm-grad,2017,-0.4
Nevada,NV,sm-hr,2017,-2.2
Nevada,NV,sm-neet,2017,0.3
Nevada,NV,st-fc,2017,1.0
Nevada,NV,st-fc trust,2017,2.4
Nevada,NV,st-fcc,2017,2.9
Nevada,NV,st-vc,2017,-1.2
New Hampshire,NH,Civic Engagement,2017,14.9
New Hampshire,NH,Community Life,2017,11.6
New Hampshire,NH,Family Health,2017,10.5
New Hampshire,NH,Future Generations,2017,1.0
New Hampshire,NH,Social Cohesion,2017,8.8
New Hampshire,NH,Social Mobility,2017,13.9
New Hampshire,NH,Social Trust,2017,12.0
New Hampshire,NH,Total,2017,72.7
New Hampshire,NH,ce-ao,2017,2.0
New Hampshire,NH,ce-vt,2017,5.4
New Hampshire,NH,cl-cdd,2017,1.0
New Hampshire,NH,cl-don,2017,3.1
New Hampshire,NH,cl-mem,2017,1.1
New Hampshire,NH,cl-np,2017,0.0
New Hampshire,NH,cl-npo,2017,0.7
New Hampshire,NH,cl-porg,2017,0.7
New Hampshire,NH,cl-rel,2017,-0.7
New Hampshire,NH,cl-ta,2017,1.1
New Hampshire,NH,cl-tfn,2017,3.1
New Hampshire,NH,cl-vol,2017,2.5
New Hampshire,NH,cv-pm,2017,7.5
New Hampshire,NH,fg-act,2017,0.0
New Hampshire,NH,fg-br,2017,-1.2
New Hampshire,NH,fg-play,2017,-0.4
New Hampshire,NH,fg-read,2017,1.2
New Hampshire,NH,fg-sch,2017,0.7
New Hampshire,NH,fg-yorg,2017,1.7
New Hampshire,NH,fh-eat,2017,-0.3
New Hampshire,NH,fh-ed,2017,2.8
New Hampshire,NH,fh-ma,2017,1.9
New Hampshire,NH,fh-read,2017,1.1
New Hampshire,NH,fh-spf,2017,1.4
New Hampshire,NH,fh-time,2017,1.5
New Hampshire,NH,fh-tv,2017,1.2
New Hampshire,NH,fh-uw,2017,2.0
New Hampshire,NH,sc-born,2017,-0.6
New Hampshire,NH,sc-eng-a,2017,3.2
New Hampshire,NH,sc-eng-c,2017,3.5
New Hampshire,NH,sc-mid,2017,2.6
New Hampshire,NH,sm-em,2017,1.8
New Hampshire,NH,sm-grad,2017,3.1
New Hampshire,NH,sm-hr,2017,4.1
New Hampshire,NH,sm-neet,2017,4.9
New Hampshire,NH,st-fc,2017,2.0
New Hampshire,NH,st-fc trust,2017,3.0
New Hampshire,NH,st-fcc,2017,3.5
New Hampshire,NH,st-vc,2017,3.7
New Jersey,NJ,Civic Engagement,2017,4.2
New Jersey,NJ,Community Life,2017,6.5
New Jersey,NJ,Family Health,2017,6.6
New Jersey,NJ,Future Generations,2017,4.4
New Jersey,NJ,Social Cohesion,2017,1.2
New Jersey,NJ,Social Mobility,2017,9.0
New Jersey,NJ,Social Trust,2017,9.9
New Jersey,NJ,Total,2017,41.8
New Jersey,NJ,ce-ao,2017,1.9
New Jersey,NJ,ce-vt,2017,2.0
New Jersey,NJ,cl-cdd,2017,2.7
New Jersey,NJ,cl-don,2017,1.6
New Jersey,NJ,cl-mem,2017,0.5
New Jersey,NJ,cl-np,2017,0.7
New Jersey,NJ,cl-npo,2017,0.7
New Jersey,NJ,cl-porg,2017,0.8
New Jersey,NJ,cl-rel,2017,0.8
New Jersey,NJ,cl-ta,2017,0.5
New Jersey,NJ,cl-tfn,2017,0.9
New Jersey,NJ,cl-vol,2017,0.8
New Jersey,NJ,cv-pm,2017,0.3
New Jersey,NJ,fg-act,2017,1.9
New Jersey,NJ,fg-br,2017,0.6
New Jersey,NJ,fg-play,2017,-0.3
New Jersey,NJ,fg-read,2017,1.6
New Jersey,NJ,fg-sch,2017,2.3
New Jersey,NJ,fg-yorg,2017,0.3
New Jersey,NJ,fh-eat,2017,-0.1
New Jersey,NJ,fh-ed,2017,-0.4
New Jersey,NJ,fh-ma,2017,1.8
New Jersey,NJ,fh-read,2017,0.3
New Jersey,NJ,fh-spf,2017,2.6
New Jersey,NJ,fh-time,2017,0.6
New Jersey,NJ,fh-tv,2017,1.2
New Jersey,NJ,fh-uw,2017,1.8
New Jersey,NJ,sc-born,2017,1.0
New Jersey,NJ,sc-eng-a,2017,-1.3
New Jersey,NJ,sc-eng-c,2017,0.5
New Jersey,NJ,sc-mid,2017,1.0
New Jersey,NJ,sm-em,2017,2.4
New Jersey,NJ,sm-grad,2017,3.7
New Jersey,NJ,sm-hr,2017,1.4
New Jersey,NJ,sm-neet,2017,1.5
New Jersey,NJ,st-fc,2017,2.8
New Jersey,NJ,st-fc trust,2017,2.2
New Jersey,NJ,st-fcc,2017,1.7
New Jersey,NJ,st-vc,2017,3.1
New Mexico,NM,Civic Engagement,2017,3.8
New Mexico,NM,Community Life,2017,5.3
New Mexico,NM,Family Health,2017,6.1
New Mexico,NM,Future Generations,2017,11.0
New Mexico,NM,Social Cohesion,2017,2.7
New Mexico,NM,Social Mobility,2017,2.3
New Mexico,NM,Social Trust,2017,3.9
New Mexico,NM,Total,2017,35.2
New Mexico,NM,ce-ao,2017,2.0
New Mexico,NM,ce-vt,2017,-1.1
New Mexico,NM,cl-cdd,2017,-0.1
New Mexico,NM,cl-don,2017,-0.3
New Mexico,NM,cl-mem,2017,-0.4
New Mexico,NM,cl-np,2017,0.6
New Mexico,NM,cl-npo,2017,0.6
New Mexico,NM,cl-porg,2017,0.7
New Mexico,NM,cl-rel,2017,0.9
New Mexico,NM,cl-ta,2017,0.8
New Mexico,NM,cl-tfn,2017,2.0
New Mexico,NM,cl-vol,2017,0.9
New Mexico,NM,cv-pm,2017,2.9
New Mexico,NM,fg-act,2017,-0.9
New Mexico,NM,fg-br,2017,1.3
New Mexico,NM,fg-play,2017,2.8
New Mexico,NM,fg-read,2017,1.6
New Mexico,NM,fg-sch,2017,2.6
New Mexico,NM,fg-yorg,2017,0.6
New Mexico,NM,fh-eat,2017,3.8
New Mexico,NM,fh-ed,2017,0.5
New Mexico,NM,fh-ma,2017,0.3
New Mexico,NM,fh-read,2017,1.1
New Mexico,NM,fh-spf,2017,0.5
New Mexico,NM,fh-time,2017,0.7
New Mexico,NM,fh-tv,2017,1.0
New Mexico,NM,fh-uw,2017,-0.9
New Mexico,NM,sc-born,2017,1.2
New Mexico,NM,sc-eng-a,2017,0.3
New Mexico,NM,sc-eng-c,2017,0.2
New Mexico,NM,sc-mid,2017,1.0
New Mexico,NM,sm-em,2017,1.7
New Mexico,NM,sm-grad,2017,0.5
New Mexico,NM,sm-hr,2017,2.3
New Mexico,NM,sm-neet,2017,-2.1
New Mexico,NM,st-fc,2017,3.1
New Mexico,NM,st-fc trust,2017,0.2
New Mexico,NM,st-fcc,2017,1.4
New Mexico,NM,st-vc,2017,-0.8
New York,NY,Civic Engagement,2017,3.7
New York,NY,Community Life,2017,6.0
New York,NY,Family Health,2017,7.2
New York,NY,Future Generations,2017,9.5
New York,NY,Social Cohesion,2017,-0.7
New York,NY,Social Mobility,2017,6.3
New York,NY,Social Trust,2017,6.6
New York,NY,Total,2017,38.6
New York,NY,ce-ao,2017,2.5
New York,NY,ce-vt,2017,0.0
New York,NY,cl-cdd,2017,1.7
New York,NY,cl-don,2017,0.4
New York,NY,cl-mem,2017,0.7
New York,NY,cl-np,2017,1.7
New York,NY,cl-npo,2017,1.2
New York,NY,cl-porg,2017,0.8
New York,NY,cl-rel,2017,0.1
New York,NY,cl-ta,2017,0.5
New York,NY,cl-tfn,2017,1.8
New York,NY,cl-vol,2017,0.6
New York,NY,cv-pm,2017,1.1
New York,NY,fg-act,2017,0.8
New York,NY,fg-br,2017,1.0
New York,NY,fg-play,2017,0.9
New York,NY,fg-read,2017,0.8
New York,NY,fg-sch,2017,3.2
New York,NY,fg-yorg,2017,1.2
New York,NY,fh-eat,2017,1.1
New York,NY,fh-ed,2017,1.2
New York,NY,fh-ma,2017,0.0
New York,NY,fh-read,2017,1.6
New York,NY,fh-spf,2017,2.0
New York,NY,fh-time,2017,0.2
New York,NY,fh-tv,2017,1.2
New York,NY,fh-uw,2017,1.2
New York,NY,sc-born,2017,2.7
New York,NY,sc-eng-a,2017,-1.7
New York,NY,sc-eng-c,2017,-2.1
New York,NY,sc-mid,2017,0.4
New York,NY,sm-em,2017,3.2
New York,NY,sm-grad,2017,3.0
New York,NY,sm-hr,2017,-1.6
New York,NY,sm-neet,2017,1.7
New York,NY,st-fc,2017,0.6
New York,NY,st-fc trust,2017,1.9
New York,NY,st-fcc,2017,2.2
New York,NY,st-vc,2017,1.9
North Carolina,NC,Civic Engagement,2017,7.0
North Carolina,NC,Community Life,2017,9.3
North Carolina,NC,Family Health,2017,5.7
North Carolina,NC,Future Generations,2017,2.9
North Carolina,NC,Social Cohesion,2017,6.9
North Carolina,NC,Social Mobility,2017,4.7
North Carolina,NC,Social Trust,2017,9.2
North Carolina,NC,Total,2017,45.7
North Carolina,NC,ce-ao,2017,2.1
North Carolina,NC,ce-vt,2017,4.7
North Carolina,NC,cl-cdd,2017,1.1
North Carolina,NC,cl-don,2017,1.4
North Carolina,NC,cl-mem,2017,1.4
North Carolina,NC,cl-np,2017,1.1
North Carolina,NC,cl-npo,2017,0.7
North Carolina,NC,cl-porg,2017,0.8
North Carolina,NC,cl-rel,2017,1.3
North Carolina,NC,cl-ta,2017,0.6
North Carolina,NC,cl-tfn,2017,0.8
North Carolina,NC,cl-vol,2017,2.3
North Carolina,NC,cv-pm,2017,0.1
North Carolina,NC,fg-act,2017,0.9
North Carolina,NC,fg-br,2017,1.0
North Carolina,NC,fg-play,2017,0.7
North Carolina,NC,fg-read,2017,1.2
North Carolina,NC,fg-sch,2017,-0.1
North Carolina,NC,fg-yorg,2017,0.4
North Carolina,NC,fh-eat,2017,0.5
North Carolina,NC,fh-ed,2017,0.9
North Carolina,NC,fh-ma,2017,0.9
North Carolina,NC,fh-read,2017,1.2
North Carolina,NC,fh-spf,2017,0.6
North Carolina,NC,fh-time,2017,0.8
North Carolina,NC,fh-tv,2017,1.2
North Carolina,NC,fh-uw,2017,0.8
North Carolina,NC,sc-born,2017,1.8
North Carolina,NC,sc-eng-a,2017,2.2
North Carolina,NC,sc-eng-c,2017,1.6
North Carolina,NC,sc-mid,2017,1.3
North Carolina,NC,sm-em,2017,1.3
North Carolina,NC,sm-grad,2017,1.3
North Carolina,NC,sm-hr,2017,1.2
North Carolina,NC,sm-neet,2017,0.8
North Carolina,NC,st-fc,2017,2.7
North Carolina,NC,st-fc trust,2017,1.7
North Carolina,NC,st-fcc,2017,2.6
North Carolina,NC,st-vc,2017,2.3
North Dakota,ND,Civic Engagement,2017,8.1
North Dakota,ND,Community Life,2017,11.4
North Dakota,ND,Family Health,2017,7.3
North Dakota,ND,Future Generations,2017,17.6
North Dakota,ND,Social Cohesion,2017,12.2
North Dakota,ND,Social Mobility,2017,12.6
North Dakota,ND,Social Trust,2017,10.3
North Dakota,ND,Total,2017,79.4
North Dakota,ND,ce-ao,2017,1.9
North Dakota,ND,ce-vt,2017,3.2
North Dakota,ND,cl-cdd,2017,-0.7
North Dakota,ND,cl-don,2017,2.7
North Dakota,ND,cl-mem,2017,1.5
North Dakota,ND,cl-np,2017,0.4
North Dakota,ND,cl-npo,2017,0.6
North Dakota,ND,cl-porg,2017,0.7
North Dakota,ND,cl-rel,2017,0.6
North Dakota,ND,cl-ta,2017,1.3
North Dakota,ND,cl-tfn,2017,1.3
North Dakota,ND,cl-vol,2017,2.8
North Dakota,ND,cv-pm,2017,3.0
North Dakota,ND,fg-act,2017,-0.4
North Dakota,ND,fg-br,2017,3.5
North Dakota,ND,fg-play,2017,5.5
North Dakota,ND,fg-read,2017,1.3
North Dakota,ND,fg-sch,2017,2.2
North Dakota,ND,fg-yorg,2017,0.6
North Dakota,ND,fh-eat,2017,1.1
North Dakota,ND,fh-ed,2017,2.1
North Dakota,ND,fh-ma,2017,0.8
North Dakota,ND,fh-read,2017,0.9
North Dakota,ND,fh-spf,2017,0.0
North Dakota,ND,fh-time,2017,0.2
North Dakota,ND,fh-tv,2017,1.2
North Dakota,ND,fh-uw,2017,2.2
North Dakota,ND,sc-born,2017,2.8
North Dakota,ND,sc-eng-a,2017,3.6
North Dakota,ND,sc-eng-c,2017,3.9
North Dakota,ND,sc-mid,2017,1.9
North Dakota,ND,sm-em,2017,5.0
North Dakota,ND,sm-grad,2017,1.2
North Dakota,ND,sm-hr,2017,1.7
North Dakota,ND,sm-neet,2017,4.7
North Dakota,ND,st-fc,2017,0.3
North Dakota,ND,st-fc trust,2017,3.6
North Dakota,ND,st-fcc,2017,3.2
North Dakota,ND,st-vc,2017,3.1
Ohio,OH,Civic Engagement,2017,5.5
Ohio,OH,Community Life,2017,10.1
Ohio,OH,Family Health,2017,4.1
Ohio,OH,Future Generations,2017,5.7
Ohio,OH,Social Cohesion,2017,12.4
Ohio,OH,Social Mobility,2017,5.3
Ohio,OH,Social Trust,2017,10.9
Ohio,OH,Total,2017,54.0
Ohio,OH,ce-ao,2017,2.0
Ohio,OH,ce-vt,2017,2.9
Ohio,OH,cl-cdd,2017,0.4
Ohio,OH,cl-don,2017,2.1
Ohio,OH,cl-mem,2017,0.6
Ohio,OH,cl-np,2017,1.1
Ohio,OH,cl-npo,2017,0.8
Ohio,OH,cl-porg,2017,0.8
Ohio,OH,cl-rel,2017,1.2
Ohio,OH,cl-ta,2017,0.6
Ohio,OH,cl-tfn,2017,1.9
Ohio,OH,cl-vol,2017,2.0
Ohio,OH,cv-pm,2017,0.6
Ohio,OH,fg-act,2017,1.8
Ohio,OH,fg-br,2017,1.0
Ohio,OH,fg-play,2017,0.7
Ohio,OH,fg-read,2017,0.9
Ohio,OH,fg-sch,2017,1.5
Ohio,OH,fg-yorg,2017,0.6
Ohio,OH,fh-eat,2017,0.3
Ohio,OH,fh-ed,2017,0.4
Ohio,OH,fh-ma,2017,0.6
Ohio,OH,fh-read,2017,0.8
Ohio,OH,fh-spf,2017,0.4
Ohio,OH,fh-time,2017,1.2
Ohio,OH,fh-tv,2017,1.2
Ohio,OH,fh-uw,2017,0.4
Ohio,OH,sc-born,2017,4.6
Ohio,OH,sc-eng-a,2017,3.3
Ohio,OH,sc-eng-c,2017,3.1
Ohio,OH,sc-mid,2017,1.6
Ohio,OH,sm-em,2017,0.6
Ohio,OH,sm-grad,2017,0.6
Ohio,OH,sm-hr,2017,2.1
Ohio,OH,sm-neet,2017,2.0
Ohio,OH,st-fc,2017,3.0
Ohio,OH,st-fc trust,2017,2.8
Ohio,OH,st-fcc,2017,2.4
Ohio,OH,st-vc,2017,2.7
Oklahoma,OK,Civic Engagement,2017,3.6
Oklahoma,OK,Community Life,2017,8.2
Oklahoma,OK,Family Health,2017,5.8
Oklahoma,OK,Future Generations,2017,7.0
Oklahoma,OK,Social Cohesion,2017,9.0
Oklahoma,OK,Social Mobility,2017,4.2
Oklahoma,OK,Social Trust,2017,5.3
Oklahoma,OK,Total,2017,43.1
Oklahoma,OK,ce-ao,2017,2.0
Oklahoma,OK,ce-vt,2017,-0.3
Oklahoma,OK,cl-cdd,2017,0.2
Oklahoma,OK,cl-don,2017,1.2
Oklahoma,OK,cl-mem,2017,0.3
Oklahoma,OK,cl-np,2017,1.1
Oklahoma,OK,cl-npo,2017,0.8
Oklahoma,OK,cl-porg,2017,0.7
Oklahoma,OK,cl-rel,2017,1.8
Oklahoma,OK,cl-ta,2017,1.2
Oklahoma,OK,cl-tfn,2017,0.2
Oklahoma,OK,cl-vol,2017,1.8
Oklahoma,OK,cv-pm,2017,1.9
Oklahoma,OK,fg-act,2017,0.3
Oklahoma,OK,fg-br,2017,2.3
Oklahoma,OK,fg-play,2017,1.1
Oklahoma,OK,fg-read,2017,-0.1
Oklahoma,OK,fg-sch,2017,0.5
Oklahoma,OK,fg-yorg,2017,0.7
Oklahoma,OK,fh-eat,2017,1.1
Oklahoma,OK,fh-ed,2017,0.8
Oklahoma,OK,fh-ma,2017,1.1
Oklahoma,OK,fh-read,2017,0.3
Oklahoma,OK,fh-spf,2017,0.6
Oklahoma,OK,fh-time,2017,1.2
Oklahoma,OK,fh-tv,2017,1.2
Oklahoma,OK,fh-uw,2017,0.6
Oklahoma,OK,sc-born,2017,2.3
Oklahoma,OK,sc-eng-a,2017,2.5
Oklahoma,OK,sc-eng-c,2017,2.5
Oklahoma,OK,sc-mid,2017,1.8
Oklahoma,OK,sm-em,2017,1.9
Oklahoma,OK,sm-grad,2017,-0.1
Oklahoma,OK,sm-hr,2017,1.7
Oklahoma,OK,sm-neet,2017,0.7
Oklahoma,OK,st-fc,2017,2.5
Oklahoma,OK,st-fc trust,2017,0.9
Oklahoma,OK,st-fcc,2017,0.4
Oklahoma,OK,st-vc,2017,1.5
Oregon,OR,Civic Engagement,2017,10.9
Oregon,OR,Community Life,2017,12.4
Oregon,OR,Family Health,2017,8.1
Oregon,OR,Future Generations,2017,6.6
Oregon,OR,Social Cohesion,2017,4.1
Oregon,OR,Social Mobility,2017,4.9
Oregon,OR,Social Trust,2017,13.2
Oregon,OR,Total,2017,60.3
Oregon,OR,ce-ao,2017,2.1
Oregon,OR,ce-vt,2017,4.2
Oregon,OR,cl-cdd,2017,1.7
Oregon,OR,cl-don,2017,2.6
Oregon,OR,cl-mem,2017,2.8
Oregon,OR,cl-np,2017,0.5
Oregon,OR,cl-npo,2017,0.7
Oregon,OR,cl-porg,2017,0.8
Oregon,OR,cl-rel,2017,0.1
Oregon,OR,cl-ta,2017,1.1
Oregon,OR,cl-tfn,2017,0.6
Oregon,OR,cl-vol,2017,3.8
Oregon,OR,cv-pm,2017,4.7
Oregon,OR,fg-act,2017,2.5
Oregon,OR,fg-br,2017,0.4
Oregon,OR,fg-play,2017,2.1
Oregon,OR,fg-read,2017,3.4
Oregon,OR,fg-sch,2017,0.5
Oregon,OR,fg-yorg,2017,1.4
Oregon,OR,fh-eat,2017,0.7
Oregon,OR,fh-ed,2017,1.5
Oregon,OR,fh-ma,2017,1.1
Oregon,OR,fh-read,2017,1.0
Oregon,OR,fh-spf,2017,1.2
Oregon,OR,fh-time,2017,1.3
Oregon,OR,fh-tv,2017,1.2
Oregon,OR,fh-uw,2017,1.5
Oregon,OR,sc-born,2017,0.0
Oregon,OR,sc-eng-a,2017,1.7
Oregon,OR,sc-eng-c,2017,0.7
Oregon,OR,sc-mid,2017,1.7
Oregon,OR,sm-em,2017,0.5
Oregon,OR,sm-grad,2017,2.1
Oregon,OR,sm-hr,2017,0.5
Oregon,OR,sm-neet,2017,1.8
Oregon,OR,st-fc,2017,3.7
Oregon,OR,st-fc trust,2017,3.5
Oregon,OR,st-fcc,2017,3.0
Oregon,OR,st-vc,2017,3.0
Pennsylvania,PA,Civic Engagement,2017,5.3
Pennsylvania,PA,Community Life,2017,8.6
Pennsylvania,PA,Family Health,2017,6.8
Pennsylvania,PA,Future Generations,2017,2.7
Pennsylvania,PA,Social Cohesion,2017,10.4
Pennsylvania,PA,Social Mobility,2017,9.2
Pennsylvania,PA,Social Trust,2017,7.9
Pennsylvania,PA,Total,2017,50.8
Pennsylvania,PA,ce-ao,2017,2.0
Pennsylvania,PA,ce-vt,2017,2.5
Pennsylvania,PA,cl-cdd,2017,0.8
Pennsylvania,PA,cl-don,2017,2.2
Pennsylvania,PA,cl-mem,2017,0.9
Pennsylvania,PA,cl-np,2017,2.2
Pennsylvania,PA,cl-npo,2017,0.9
Pennsylvania,PA,cl-porg,2017,0.8
Pennsylvania,PA,cl-rel,2017,0.7
Pennsylvania,PA,cl-ta,2017,0.5
Pennsylvania,PA,cl-tfn,2017,0.3
Pennsylvania,PA,cl-vol,2017,2.2
Pennsylvania,PA,cv-pm,2017,0.9
Pennsylvania,PA,fg-act,2017,1.1
Pennsylvania,PA,fg-br,2017,0.2
Pennsylvania,PA,fg-play,2017,-0.2
Pennsylvania,PA,fg-read,2017,1.8
Pennsylvania,PA,fg-sch,2017,1.3
Pennsylvania,PA,fg-yorg,2017,0.6
Pennsylvania,PA,fh-eat,2017,0.7
Pennsylvania,PA,fh-ed,2017,0.8
Pennsylvania,PA,fh-ma,2017,1.0
Pennsylvania,PA,fh-read,2017,1.0
Pennsylvania,PA,fh-spf,2017,1.1
Pennsylvania,PA,fh-time,2017,1.4
Pennsylvania,PA,fh-tv,2017,1.2
Pennsylvania,PA,fh-uw,2017,0.8
Pennsylvania,PA,sc-born,2017,4.2
Pennsylvania,PA,sc-eng-a,2017,2.5
Pennsylvania,PA,sc-eng-c,2017,2.2
Pennsylvania,PA,sc-mid,2017,1.5
Pennsylvania,PA,sm-em,2017,2.9
Pennsylvania,PA,sm-grad,2017,1.4
Pennsylvania,PA,sm-hr,2017,3.3
Pennsylvania,PA,sm-neet,2017,1.7
Pennsylvania,PA,st-fc,2017,1.7
Pennsylvania,PA,st-fc trust,2017,2.0
Pennsylvania,PA,st-fcc,2017,1.6
Pennsylvania,PA,st-vc,2017,2.6
Rhode Island,RI,Civic Engagement,2017,5.9
Rhode Island,RI,Community Life,2017,5.9
Rhode Island,RI,Family Health,2017,6.5
Rhode Island,RI,Future Generations,2017,3.5
Rhode Island,RI,Social Cohesion,2017,5.3
Rhode Island,RI,Social Mobility,2017,9.4
Rhode Island,RI,Social Trust,2017,9.0
Rhode Island,RI,Total,2017,45.6
Rhode Island,RI,ce-ao,2017,2.0
Rhode Island,RI,ce-vt,2017,1.5
Rhode Island,RI,cl-cdd,2017,1.5
Rhode Island,RI,cl-don,2017,2.3
Rhode Island,RI,cl-mem,2017,-0.2
Rhode Island,RI,cl-np,2017,0.5
Rhode Island,RI,cl-npo,2017,1.0
Rhode Island,RI,cl-porg,2017,0.8
Rhode Island,RI,cl-rel,2017,0.9
Rhode Island,RI,cl-ta,2017,-1.3
Rhode Island,RI,cl-tfn,2017,0.7
Rhode Island,RI,cl-vol,2017,1.6
Rhode Island,RI,cv-pm,2017,2.4
Rhode Island,RI,fg-act,2017,0.7
Rhode Island,RI,fg-br,2017,-0.3
Rhode Island,RI,fg-play,2017,-0.2
Rhode Island,RI,fg-read,2017,0.8
Rhode Island,RI,fg-sch,2017,1.5
Rhode Island,RI,fg-yorg,2017,1.4
Rhode Island,RI,fh-eat,2017,0.5
Rhode Island,RI,fh-ed,2017,2.0
Rhode Island,RI,fh-ma,2017,-0.1
Rhode Island,RI,fh-read,2017,1.5
Rhode Island,RI,fh-spf,2017,0.7
Rhode Island,RI,fh-time,2017,1.6
Rhode Island,RI,fh-tv,2017,1.2
Rhode Island,RI,fh-uw,2017,0.3
Rhode Island,RI,sc-born,2017,1.7
Rhode Island,RI,sc-eng-a,2017,0.5
Rhode Island,RI,sc-eng-c,2017,1.7
Rhode Island,RI,sc-mid,2017,1.3
Rhode Island,RI,sm-em,2017,3.1
Rhode Island,RI,sm-grad,2017,2.3
Rhode Island,RI,sm-hr,2017,0.5
Rhode Island,RI,sm-neet,2017,3.5
Rhode Island,RI,st-fc,2017,2.3
Rhode Island,RI,st-fc trust,2017,2.6
Rhode Island,RI,st-fcc,2017,0.9
Rhode Island,RI,st-vc,2017,3.3
South Carolina,SC,Civic Engagement,2017,6.5
South Carolina,SC,Community Life,2017,9.3
South Carolina,SC,Family Health,2017,2.6
South Carolina,SC,Future Generations,2017,7.4
South Carolina,SC,Social Cohesion,2017,9.8
South Carolina,SC,Social Mobility,2017,3.8
South Carolina,SC,Social Trust,2017,7.7
South Carolina,SC,Total,2017,47.2
South Carolina,SC,ce-ao,2017,2.1
South Carolina,SC,ce-vt,2017,2.2
South Carolina,SC,cl-cdd,2017,0.9
South Carolina,SC,cl-don,2017,0.9
South Carolina,SC,cl-mem,2017,1.3
South Carolina,SC,cl-np,2017,1.0
South Carolina,SC,cl-npo,2017,0.6
South Carolina,SC,cl-porg,2017,0.7
South Carolina,SC,cl-rel,2017,2.3
South Carolina,SC,cl-ta,2017,0.3
South Carolina,SC,cl-tfn,2017,1.5
South Carolina,SC,cl-vol,2017,1.6
South Carolina,SC,cv-pm,2017,2.2
South Carolina,SC,fg-act,2017,0.2
South Carolina,SC,fg-br,2017,0.9
South Carolina,SC,fg-play,2017,1.4
South Carolina,SC,fg-read,2017,0.0
South Carolina,SC,fg-sch,2017,1.5
South Carolina,SC,fg-yorg,2017,1.2
South Carolina,SC,fh-eat,2017,-0.1
South Carolina,SC,fh-ed,2017,1.0
South Carolina,SC,fh-ma,2017,0.7
South Carolina,SC,fh-read,2017,0.1
South Carolina,SC,fh-spf,2017,0.6
South Carolina,SC,fh-time,2017,0.3
South Carolina,SC,fh-tv,2017,1.2
South Carolina,SC,fh-uw,2017,0.0
South Carolina,SC,sc-born,2017,1.8
South Carolina,SC,sc-eng-a,2017,3.1
South Carolina,SC,sc-eng-c,2017,3.1
South Carolina,SC,sc-mid,2017,1.8
South Carolina,SC,sm-em,2017,1.2
South Carolina,SC,sm-grad,2017,0.6
South Carolina,SC,sm-hr,2017,2.3
South Carolina,SC,sm-neet,2017,-0.2
South Carolina,SC,st-fc,2017,0.8
South Carolina,SC,st-fc trust,2017,3.3
South Carolina,SC,st-fcc,2017,2.9
South Carolina,SC,st-vc,2017,0.8
South Dakota,SD,Civic Engagement,2017,6.9
South Dakota,SD,Community Life,2017,10.5
South Dakota,SD,Family Health,2017,9.2
South Dakota,SD,Future Generations,2017,12.8
South Dakota,SD,Social Cohesion,2017,12.2
South Dakota,SD,Social Mobility,2017,11.6
South Dakota,SD,Social Trust,2017,1.1
South Dakota,SD,Total,2017,64.2
South Dakota,SD,ce-ao,2017,1.9
South Dakota,SD,ce-vt,2017,0.9
South Dakota,SD,cl-cdd,2017,-0.7
South Dakota,SD,cl-don,2017,1.0
South Dakota,SD,cl-mem,2017,1.4
South Dakota,SD,cl-np,2017,1.6
South Dakota,SD,cl-npo,2017,0.7
South Dakota,SD,cl-porg,2017,0.7
South Dakota,SD,cl-rel,2017,0.9
South Dakota,SD,cl-ta,2017,3.1
South Dakota,SD,cl-tfn,2017,0.2
South Dakota,SD,cl-vol,2017,2.6
South Dakota,SD,cv-pm,2017,4.1
South Dakota,SD,fg-act,2017,-1.2
South Dakota,SD,fg-br,2017,3.0
South Dakota,SD,fg-play,2017,3.0
South Dakota,SD,fg-read,2017,6.4
South Dakota,SD,fg-sch,2017,0.6
South Dakota,SD,fg-yorg,2017,2.0
South Dakota,SD,fh-eat,2017,0.1
South Dakota,SD,fh-ed,2017,1.9
South Dakota,SD,fh-ma,2017,1.5
South Dakota,SD,fh-read,2017,0.4
South Dakota,SD,fh-spf,2017,0.0
South Dakota,SD,fh-time,2017,3.9
South Dakota,SD,fh-tv,2017,1.2
South Dakota,SD,fh-uw,2017,1.3
South Dakota,SD,sc-born,2017,3.0
South Dakota,SD,sc-eng-a,2017,3.3
South Dakota,SD,sc-eng-c,2017,3.0
South Dakota,SD,sc-mid,2017,2.9
South Dakota,SD,sm-em,2017,6.1
South Dakota,SD,sm-grad,2017,0.8
South Dakota,SD,sm-hr,2017,3.1
South Dakota,SD,sm-neet,2017,1.5
South Dakota,SD,st-fc,2017,-1.3
South Dakota,SD,st-fc trust,2017,-0.9
South Dakota,SD,st-fcc,2017,1.3
South Dakota,SD,st-vc,2017,1.9
Tennessee,TN,Civic Engagement,2017,0.5
Tennessee,TN,Community Life,2017,11.0
Tennessee,TN,Family Health,2017,7.4
Tennessee,TN,Future Generations,2017,4.9
Tennessee,TN,Social Cohesion,2017,9.8
Tennessee,TN,Social Mobility,2017,4.5
Tennessee,TN,Social Trust,2017,4.8
Tennessee,TN,Total,2017,42.9
Tennessee,TN,ce-ao,2017,2.2
Tennessee,TN,ce-vt,2017,-1.5
Tennessee,TN,cl-cdd,2017,-0.2
Tennessee,TN,cl-don,2017,1.7
Tennessee,TN,cl-mem,2017,0.3
Tennessee,TN,cl-np,2017,1.7
Tennessee,TN,cl-npo,2017,0.6
Tennessee,TN,cl-porg,2017,0.8
Tennessee,TN,cl-rel,2017,2.7
Tennessee,TN,cl-ta,2017,1.3
Tennessee,TN,cl-tfn,2017,1.8
Tennessee,TN,cl-vol,2017,1.7
Tennessee,TN,cv-pm,2017,-0.2
Tennessee,TN,fg-act,2017,4.1
Tennessee,TN,fg-br,2017,1.3
Tennessee,TN,fg-play,2017,0.8
Tennessee,TN,fg-read,2017,0.3
Tennessee,TN,fg-sch,2017,-0.1
Tennessee,TN,fg-yorg,2017,1.3
Tennessee,TN,fh-eat,2017,1.7
Tennessee,TN,fh-ed,2017,0.9
Tennessee,TN,fh-ma,2017,1.0
Tennessee,TN,fh-read,2017,1.3
Tennessee,TN,fh-spf,2017,0.7
Tennessee,TN,fh-time,2017,1.3
Tennessee,TN,fh-tv,2017,1.2
Tennessee,TN,fh-uw,2017,0.4
Tennessee,TN,sc-born,2017,2.2
Tennessee,TN,sc-eng-a,2017,3.1
Tennessee,TN,sc-eng-c,2017,3.0
Tennessee,TN,sc-mid,2017,1.5
Tennessee,TN,sm-em,2017,1.2
Tennessee,TN,sm-grad,2017,0.2
Tennessee,TN,sm-hr,2017,1.7
Tennessee,TN,sm-neet,2017,1.3
Tennessee,TN,st-fc,2017,2.5
Tennessee,TN,st-fc trust,2017,1.6
Tennessee,TN,st-fcc,2017,1.1
Tennessee,TN,st-vc,2017,-0.4
Texas,TX,Civic Engagement,2017,2.2
Texas,TX,Community Life,2017,7.0
Texas,TX,Family Health,2017,6.9
Texas,TX,Future Generations,2017,9.1
Texas,TX,Social Cohesion,2017,-2.6
Texas,TX,Social Mobility,2017,3.8
Texas,TX,Social Trust,2017,5.5
Texas,TX,Total,2017,32.0
Texas,TX,ce-ao,2017,2.0
Texas,TX,ce-vt,2017,-0.8
Texas,TX,cl-cdd,2017,0.1
Texas,TX,cl-don,2017,0.5
Texas,TX,cl-mem,2017,0.3
Texas,TX,cl-np,2017,1.0
Texas,TX,cl-npo,2017,0.7
Texas,TX,cl-porg,2017,0.7
Texas,TX,cl-rel,2017,1.7
Texas,TX,cl-ta,2017,1.1
Texas,TX,cl-tfn,2017,0.7
Texas,TX,cl-vol,2017,1.2
Texas,TX,cv-pm,2017,1.1
Texas,TX,fg-act,2017,1.0
Texas,TX,fg-br,2017,3.2
Texas,TX,fg-play,2017,0.3
Texas,TX,fg-read,2017,0.6
Texas,TX,fg-sch,2017,1.3
Texas,TX,fg-yorg,2017,1.3
Texas,TX,fh-eat,2017,2.1
Texas,TX,fh-ed,2017,0.2
Texas,TX,fh-ma,2017,1.5
Texas,TX,fh-read,2017,-0.1
Texas,TX,fh-spf,2017,1.9
Texas,TX,fh-time,2017,0.7
Texas,TX,fh-tv,2017,1.2
Texas,TX,fh-uw,2017,0.8
Texas,TX,sc-born,2017,2.1
Texas,TX,sc-eng-a,2017,-2.0
Texas,TX,sc-eng-c,2017,-3.9
Texas,TX,sc-mid,2017,1.2
Texas,TX,sm-em,2017,1.6
Texas,TX,sm-grad,2017,1.0
Texas,TX,sm-hr,2017,0.8
Texas,TX,sm-neet,2017,0.4
Texas,TX,st-fc,2017,1.3
Texas,TX,st-fc trust,2017,1.6
Texas,TX,st-fcc,2017,1.0
Texas,TX,st-vc,2017,1.6
United States,US,Civic Engagement,2017,6.3
United States,US,Community Life,2017,8.0
United States,US,Family Health,2017,6.8
United States,US,Future Generations,2017,6.6
United States,US,Social Cohesion,2017,4.6
United States,US,Social Mobility,2017,5.7
United States,US,Social Trust,2017,7.1
United States,US,Total,2017,45.1
United States,US,ce-ao,2017,2.4
United States,US,ce-vt,2017,1.9
United States,US,cl-cdd,2017,0.8
United States,US,cl-don,2017,1.0
United States,US,cl-mem,2017,0.7
United States,US,cl-np,2017,0.9
United States,US,cl-npo,2017,0.9
United States,US,cl-porg,2017,0.9
United States,US,cl-rel,2017,0.9
United States,US,cl-ta,2017,0.9
United States,US,cl-tfn,2017,1.3
United States,US,cl-vol,2017,1.5
United States,US,cv-pm,2017,2.0
United States,US,fg-act,2017,1.3
United States,US,fg-br,2017,1.3
United States,US,fg-play,2017,0.9
United States,US,fg-read,2017,1.4
United States,US,fg-sch,2017,0.9
United States,US,fg-yorg,2017,1.2
United States,US,fh-eat,2017,1.0
United States,US,fh-ed,2017,0.8
United States,US,fh-ma,2017,1.0
United States,US,fh-read,2017,0.6
United States,US,fh-spf,2017,1.4
United States,US,fh-time,2017,1.0
United States,US,fh-tv,2017,1.2
United States,US,fh-uw,2017,0.9
United States,US,sc-born,2017,2.0
United States,US,sc-eng-a,2017,0.5
United States,US,sc-eng-c,2017,0.4
United States,US,sc-mid,2017,1.8
United States,US,sm-em,2017,1.6
United States,US,sm-grad,2017,1.7
United States,US,sm-hr,2017,1.1
United States,US,sm-neet,2017,1.4
United States,US,st-fc,2017,1.8
United States,US,st-fc trust,2017,1.7
United States,US,st-fcc,2017,1.6
United States,US,st-vc,2017,1.9
Utah,UT,Civic Engagement,2017,7.9
Utah,UT,Community Life,2017,18.8
Utah,UT,Family Health,2017,18.1
Utah,UT,Future Generations,2017,13.0
Utah,UT,Social Cohesion,2017,10.3
Utah,UT,Social Mobility,2017,10.8
Utah,UT,Social Trust,2017,14.0
Utah,UT,Total,2017,92.9
Utah,UT,ce-ao,2017,1.9
Utah,UT,ce-vt,2017,2.5
Utah,UT,cl-cdd,2017,2.0
Utah,UT,cl-don,2017,3.4
Utah,UT,cl-mem,2017,4.1
Utah,UT,cl-np,2017,0.0
Utah,UT,cl-npo,2017,0.6
Utah,UT,cl-porg,2017,0.7
Utah,UT,cl-rel,2017,3.0
Utah,UT,cl-ta,2017,2.1
Utah,UT,cl-tfn,2017,-0.2
Utah,UT,cl-vol,2017,5.1
Utah,UT,cv-pm,2017,3.5
Utah,UT,fg-act,2017,2.3
Utah,UT,fg-br,2017,7.7
Utah,UT,fg-play,2017,3.3
Utah,UT,fg-read,2017,1.9
Utah,UT,fg-sch,2017,1.1
Utah,UT,fg-yorg,2017,0.9
Utah,UT,fh-eat,2017,1.2
Utah,UT,fh-ed,2017,2.4
Utah,UT,fh-ma,2017,4.0
Utah,UT,fh-read,2017,1.4
Utah,UT,fh-spf,2017,3.4
Utah,UT,fh-time,2017,1.6
Utah,UT,fh-tv,2017,1.0
Utah,UT,fh-uw,2017,4.2
Utah,UT,sc-born,2017,2.6
Utah,UT,sc-eng-a,2017,1.9
Utah,UT,sc-eng-c,2017,2.6
Utah,UT,sc-mid,2017,3.2
Utah,UT,sm-em,2017,2.6
Utah,UT,sm-grad,2017,2.0
Utah,UT,sm-hr,2017,3.3
Utah,UT,sm-neet,2017,2.9
Utah,UT,st-fc,2017,2.7
Utah,UT,st-fc trust,2017,4.9
Utah,UT,st-fcc,2017,3.1
Utah,UT,st-vc,2017,3.3
Vermont,VT,Civic Engagement,2017,13.7
Vermont,VT,Community Life,2017,9.9
Vermont,VT,Family Health,2017,12.2
Vermont,VT,Future Generations,2017,2.9
Vermont,VT,Social Cohesion,2017,10.9
Vermont,VT,Social Mobility,2017,12.4
Vermont,VT,Social Trust,2017,7.6
Vermont,VT,Total,2017,69.6
Vermont,VT,ce-ao,2017,2.0
Vermont,VT,ce-vt,2017,2.4
Vermont,VT,cl-cdd,2017,0.3
Vermont,VT,cl-don,2017,1.2
Vermont,VT,cl-mem,2017,1.6
Vermont,VT,cl-np,2017,-0.1
Vermont,VT,cl-npo,2017,0.8
Vermont,VT,cl-porg,2017,0.8
Vermont,VT,cl-rel,2017,-0.9
Vermont,VT,cl-ta,2017,1.1
Vermont,VT,cl-tfn,2017,2.8
Vermont,VT,cl-vol,2017,2.5
Vermont,VT,cv-pm,2017,9.3
Vermont,VT,fg-act,2017,3.9
Vermont,VT,fg-br,2017,-1.1
Vermont,VT,fg-play,2017,0.3
Vermont,VT,fg-read,2017,1.6
Vermont,VT,fg-sch,2017,2.5
Vermont,VT,fg-yorg,2017,0.3
Vermont,VT,fh-eat,2017,1.7
Vermont,VT,fh-ed,2017,2.8
Vermont,VT,fh-ma,2017,1.1
Vermont,VT,fh-read,2017,3.6
Vermont,VT,fh-spf,2017,0.3
Vermont,VT,fh-time,2017,1.8
Vermont,VT,fh-tv,2017,1.2
Vermont,VT,fh-uw,2017,0.9
Vermont,VT,sc-born,2017,0.6
Vermont,VT,sc-eng-a,2017,3.7
Vermont,VT,sc-eng-c,2017,3.9
Vermont,VT,sc-mid,2017,2.8
Vermont,VT,sm-em,2017,0.4
Vermont,VT,sm-grad,2017,3.5
Vermont,VT,sm-hr,2017,3.7
Vermont,VT,sm-neet,2017,4.7
Vermont,VT,st-fc,2017,1.2
Vermont,VT,st-fc trust,2017,-0.7
Vermont,VT,st-fcc,2017,2.6
Vermont,VT,st-vc,2017,4.5
Virginia,VA,Civic Engagement,2017,11.9
Virginia,VA,Community Life,2017,8.4
Virginia,VA,Family Health,2017,7.7
Virginia,VA,Future Generations,2017,5.1
Virginia,VA,Social Cohesion,2017,5.8
Virginia,VA,Social Mobility,2017,8.5
Virginia,VA,Social Trust,2017,5.6
Virginia,VA,Total,2017,53.1
Virginia,VA,ce-ao,2017,2.4
Virginia,VA,ce-vt,2017,5.0
Virginia,VA,cl-cdd,2017,2.0
Virginia,VA,cl-don,2017,1.0
Virginia,VA,cl-mem,2017,0.2
Virginia,VA,cl-np,2017,1.3
Virginia,VA,cl-npo,2017,0.8
Virginia,VA,cl-porg,2017,1.0
Virginia,VA,cl-rel,2017,1.9
Virginia,VA,cl-ta,2017,0.8
Virginia,VA,cl-tfn,2017,0.5
Virginia,VA,cl-vol,2017,2.2
Virginia,VA,cv-pm,2017,4.5
Virginia,VA,fg-act,2017,1.6
Virginia,VA,fg-br,2017,1.3
Virginia,VA,fg-play,2017,0.8
Virginia,VA,fg-read,2017,3.7
Virginia,VA,fg-sch,2017,0.7
Virginia,VA,fg-yorg,2017,0.6
Virginia,VA,fh-eat,2017,0.5
Virginia,VA,fh-ed,2017,1.1
Virginia,VA,fh-ma,2017,1.4
Virginia,VA,fh-read,2017,1.3
Virginia,VA,fh-spf,2017,1.4
Virginia,VA,fh-time,2017,0.2
Virginia,VA,fh-tv,2017,1.2
Virginia,VA,fh-uw,2017,1.7
Virginia,VA,sc-born,2017,0.6
Virginia,VA,sc-eng-a,2017,1.7
Virginia,VA,sc-eng-c,2017,2.1
Virginia,VA,sc-mid,2017,1.4
Virginia,VA,sm-em,2017,0.6
Virginia,VA,sm-grad,2017,3.5
Virginia,VA,sm-hr,2017,1.6
Virginia,VA,sm-neet,2017,2.8
Virginia,VA,st-fc,2017,0.6
Virginia,VA,st-fc trust,2017,1.0
Virginia,VA,st-fcc,2017,0.3
Virginia,VA,st-vc,2017,3.7
Washington,WA,Civic Engagement,2017,11.0
Washington,WA,Community Life,2017,10.7
Washington,WA,Family Health,2017,11.2
Washington,WA,Future Generations,2017,5.8
Washington,WA,Social Cohesion,2017,3.2
Washington,WA,Social Mobility,2017,5.0
Washington,WA,Social Trust,2017,12.3
Washington,WA,Total,2017,59.3
Washington,WA,ce-ao,2017,2.0
Washington,WA,ce-vt,2017,4.1
Washington,WA,cl-cdd,2017,1.0
Washington,WA,cl-don,2017,1.5
Washington,WA,cl-mem,2017,1.4
Washington,WA,cl-np,2017,0.3
Washington,WA,cl-npo,2017,1.2
Washington,WA,cl-porg,2017,0.7
Washington,WA,cl-rel,2017,0.2
Washington,WA,cl-ta,2017,0.8
Washington,WA,cl-tfn,2017,2.4
Washington,WA,cl-vol,2017,2.5
Washington,WA,cv-pm,2017,4.9
Washington,WA,fg-act,2017,1.2
Washington,WA,fg-br,2017,1.3
Washington,WA,fg-play,2017,1.1
Washington,WA,fg-read,2017,2.3
Washington,WA,fg-sch,2017,0.4
Washington,WA,fg-yorg,2017,1.1
Washington,WA,fh-eat,2017,2.7
Washington,WA,fh-ed,2017,1.3
Washington,WA,fh-ma,2017,1.4
Washington,WA,fh-read,2017,1.5
Washington,WA,fh-spf,2017,1.4
Washington,WA,fh-time,2017,0.7
Washington,WA,fh-tv,2017,1.2
Washington,WA,fh-uw,2017,2.2
Washington,WA,sc-born,2017,0.2
Washington,WA,sc-eng-a,2017,1.0
Washington,WA,sc-eng-c,2017,0.1
Washington,WA,sc-mid,2017,2.0
Washington,WA,sm-em,2017,-0.2
Washington,WA,sm-grad,2017,2.7
Washington,WA,sm-hr,2017,1.0
Washington,WA,sm-neet,2017,1.5
Washington,WA,st-fc,2017,3.2
Washington,WA,st-fc trust,2017,3.2
Washington,WA,st-fcc,2017,3.0
Washington,WA,st-vc,2017,2.8
West Virginia,WV,Civic Engagement,2017,-0.2
West Virginia,WV,Community Life,2017,8.4
West Virginia,WV,Family Health,2017,8.1
West Virginia,WV,Future Generations,2017,5.1
West Virginia,WV,Social Cohesion,2017,13.6
West Virginia,WV,Social Mobility,2017,1.8
West Virginia,WV,Social Trust,2017,3.9
West Virginia,WV,Total,2017,40.7
West Virginia,WV,ce-ao,2017,1.9
West Virginia,WV,ce-vt,2017,-3.0
West Virginia,WV,cl-cdd,2017,-0.9
West Virginia,WV,cl-don,2017,0.4
West Virginia,WV,cl-mem,2017,1.5
West Virginia,WV,cl-np,2017,0.2
West Virginia,WV,cl-npo,2017,0.6
West Virginia,WV,cl-porg,2017,0.7
West Virginia,WV,cl-rel,2017,2.1
West Virginia,WV,cl-ta,2017,1.3
West Virginia,WV,cl-tfn,2017,0.7
West Virginia,WV,cl-vol,2017,1.1
West Virginia,WV,cv-pm,2017,0.8
West Virginia,WV,fg-act,2017,-0.6
West Virginia,WV,fg-br,2017,-0.1
West Virginia,WV,fg-play,2017,1.0
West Virginia,WV,fg-read,2017,-0.7
West Virginia,WV,fg-sch,2017,1.9
West Virginia,WV,fg-yorg,2017,0.5
West Virginia,WV,fh-eat,2017,0.9
West Virginia,WV,fh-ed,2017,1.4
West Virginia,WV,fh-ma,2017,1.0
West Virginia,WV,fh-read,2017,0.2
West Virginia,WV,fh-spf,2017,0.3
West Virginia,WV,fh-time,2017,4.2
West Virginia,WV,fh-tv,2017,1.2
West Virginia,WV,fh-uw,2017,0.1
West Virginia,WV,sc-born,2017,3.7
West Virginia,WV,sc-eng-a,2017,4.0
West Virginia,WV,sc-eng-c,2017,4.2
West Virginia,WV,sc-mid,2017,1.7
West Virginia,WV,sm-em,2017,1.4
West Virginia,WV,sm-grad,2017,-1.6
West Virginia,WV,sm-hr,2017,3.8
West Virginia,WV,sm-neet,2017,-1.8
West Virginia,WV,st-fc,2017,2.6
West Virginia,WV,st-fc trust,2017,-0.7
West Virginia,WV,st-fcc,2017,-0.3
West Virginia,WV,st-vc,2017,2.2
Wisconsin,WI,Civic Engagement,2017,13.5
Wisconsin,WI,Community Life,2017,7.4
Wisconsin,WI,Family Health,2017,7.0
Wisconsin,WI,Future Generations,2017,6.3
Wisconsin,WI,Social Cohesion,2017,11.6
Wisconsin,WI,Social Mobility,2017,9.0
Wisconsin,WI,Social Trust,2017,12.9
Wisconsin,WI,Total,2017,67.8
Wisconsin,WI,ce-ao,2017,2.1
Wisconsin,WI,ce-vt,2017,6.1
Wisconsin,WI,cl-cdd,2017,1.1
Wisconsin,WI,cl-don,2017,1.8
Wisconsin,WI,cl-mem,2017,0.4
Wisconsin,WI,cl-np,2017,1.9
Wisconsin,WI,cl-npo,2017,0.7
Wisconsin,WI,cl-porg,2017,0.8
Wisconsin,WI,cl-rel,2017,-0.1
Wisconsin,WI,cl-ta,2017,0.4
Wisconsin,WI,cl-tfn,2017,0.7
Wisconsin,WI,cl-vol,2017,2.8
Wisconsin,WI,cv-pm,2017,5.3
Wisconsin,WI,fg-act,2017,1.1
Wisconsin,WI,fg-br,2017,0.7
Wisconsin,WI,fg-play,2017,0.9
Wisconsin,WI,fg-read,2017,1.6
Wisconsin,WI,fg-sch,2017,1.2
Wisconsin,WI,fg-yorg,2017,1.5
Wisconsin,WI,fh-eat,2017,-0.1
Wisconsin,WI,fh-ed,2017,2.1
Wisconsin,WI,fh-ma,2017,1.3
Wisconsin,WI,fh-read,2017,1.2
Wisconsin,WI,fh-spf,2017,0.4
Wisconsin,WI,fh-time,2017,0.9
Wisconsin,WI,fh-tv,2017,1.0
Wisconsin,WI,fh-uw,2017,1.3
Wisconsin,WI,sc-born,2017,4.0
Wisconsin,WI,sc-eng-a,2017,2.9
Wisconsin,WI,sc-eng-c,2017,2.1
Wisconsin,WI,sc-mid,2017,2.5
Wisconsin,WI,sm-em,2017,1.6
Wisconsin,WI,sm-grad,2017,1.0
Wisconsin,WI,sm-hr,2017,2.7
Wisconsin,WI,sm-neet,2017,3.7
Wisconsin,WI,st-fc,2017,4.4
Wisconsin,WI,st-fc trust,2017,3.3
Wisconsin,WI,st-fcc,2017,2.5
Wisconsin,WI,st-vc,2017,2.7
Wyoming,WY,Civic Engagement,2017,8.2
Wyoming,WY,Community Life,2017,3.8
Wyoming,WY,Family Health,2017,11.4
Wyoming,WY,Future Generations,2017,18.6
Wyoming,WY,Social Cohesion,2017,8.9
Wyoming,WY,Social Mobility,2017,3.8
Wyoming,WY,Social Trust,2017,9.8
Wyoming,WY,Total,2017,64.6
Wyoming,WY,ce-ao,2017,2.0
Wyoming,WY,ce-vt,2017,3.5
Wyoming,WY,cl-cdd,2017,-0.4
Wyoming,WY,cl-don,2017,0.2
Wyoming,WY,cl-mem,2017,0.4
Wyoming,WY,cl-np,2017,0.3
Wyoming,WY,cl-npo,2017,0.7
Wyoming,WY,cl-porg,2017,0.7
Wyoming,WY,cl-rel,2017,1.2
Wyoming,WY,cl-ta,2017,0.4
Wyoming,WY,cl-tfn,2017,-1.7
Wyoming,WY,cl-vol,2017,1.9
Wyoming,WY,cv-pm,2017,2.8
Wyoming,WY,fg-act,2017,4.1
Wyoming,WY,fg-br,2017,2.0
Wyoming,WY,fg-play,2017,3.7
Wyoming,WY,fg-read,2017,-1.2
Wyoming,WY,fg-sch,2017,5.2
Wyoming,WY,fg-yorg,2017,1.5
Wyoming,WY,fh-eat,2017,1.8
Wyoming,WY,fh-ed,2017,2.9
Wyoming,WY,fh-ma,2017,1.8
Wyoming,WY,fh-read,2017,0.8
Wyoming,WY,fh-spf,2017,0.2
Wyoming,WY,fh-time,2017,1.9
Wyoming,WY,fh-tv,2017,1.2
Wyoming,WY,fh-uw,2017,1.9
Wyoming,WY,sc-born,2017,-0.8
Wyoming,WY,sc-eng-a,2017,3.3
Wyoming,WY,sc-eng-c,2017,3.7
Wyoming,WY,sc-mid,2017,2.7
Wyoming,WY,sm-em,2017,1.0
Wyoming,WY,sm-grad,2017,0.4
Wyoming,WY,sm-hr,2017,2.4
Wyoming,WY,sm-neet,2017,0.0
Wyoming,WY,st-fc,2017,2.0
Wyoming,WY,st-fc trust,2017,1.9
Wyoming,WY,st-fcc,2017,2.5
Wyoming,WY,st-vc,2017,3.5
Alabama,AL,Civic Engagement,2021,5.3
Alabama,AL,Community Life,2021,-0.1
Alabama,AL,Family Health,2021,3.5
Alabama,AL,Future Generations,2021,3.6
Alabama,AL,Social Cohesion,2021,11.6
Alabama,AL,Social Mobility,2021,6.6
Alabama,AL,Social Trust,2021,6.3
Alabama,AL,Total,2021,36.9
Alabama,AL,ce-ao,2021,1.9
Alabama,AL,ce-vt,2021,1.5
Alabama,AL,cl-cdd,2021,-1.7
Alabama,AL,cl-don,2021,-1.0
Alabama,AL,cl-mem,2021,0.2
Alabama,AL,cl-np,2021,0.7
Alabama,AL,cl-npo,2021,0.6
Alabama,AL,cl-porg,2021,0.7
Alabama,AL,cl-rel,2021,0.7
Alabama,AL,cl-ta,2021,-0.2
Alabama,AL,cl-tfn,2021,-0.4
Alabama,AL,cl-vol,2021,-0.8
Alabama,AL,cv-pm,2021,1.9
Alabama,AL,fg-act,2021,1.6
Alabama,AL,fg-br,2021,1.0
Alabama,AL,fg-play,2021,0.6
Alabama,AL,fg-read,2021,1.4
Alabama,AL,fg-sch,2021,0.5
Alabama,AL,fg-yorg,2021,0.3
Alabama,AL,fh-eat,2021,1.7
Alabama,AL,fh-ed,2021,0.4
Alabama,AL,fh-ma,2021,1.0
Alabama,AL,fh-read,2021,0.0
Alabama,AL,fh-spf,2021,0.6
Alabama,AL,fh-time,2021,0.4
Alabama,AL,fh-tv,2021,0.0
Alabama,AL,fh-uw,2021,-0.1
Alabama,AL,sc-born,2021,3.6
Alabama,AL,sc-eng-a,2021,3.4
Alabama,AL,sc-eng-c,2021,3.4
Alabama,AL,sc-mid,2021,1.2
Alabama,AL,sm-em,2021,2.1
Alabama,AL,sm-grad,2021,0.4
Alabama,AL,sm-hr,2021,3.0
Alabama,AL,sm-neet,2021,1.1
Alabama,AL,st-fc,2021,1.8
Alabama,AL,st-fc trust,2021,1.8
Alabama,AL,st-fcc,2021,2.0
Alabama,AL,st-vc,2021,0.7
Alaska,AK,Civic Engagement,2021,13.8
Alaska,AK,Community Life,2021,4.8
Alaska,AK,Family Health,2021,11.5
Alaska,AK,Future Generations,2021,12.1
Alaska,AK,Social Cohesion,2021,6.9
Alaska,AK,Social Mobility,2021,-2.8
Alaska,AK,Social Trust,2021,4.8
Alaska,AK,Total,2021,51.0
Alaska,AK,ce-ao,2021,2.6
Alaska,AK,ce-vt,2021,3.0
Alaska,AK,cl-cdd,2021,-2.0
Alaska,AK,cl-don,2021,0.3
Alaska,AK,cl-mem,2021,1.1
Alaska,AK,cl-np,2021,0.3
Alaska,AK,cl-npo,2021,0.9
Alaska,AK,cl-porg,2021,0.8
Alaska,AK,cl-rel,2021,-1.1
Alaska,AK,cl-ta,2021,2.4
Alaska,AK,cl-tfn,2021,0.0
Alaska,AK,cl-vol,2021,0.4
Alaska,AK,cv-pm,2021,8.2
Alaska,AK,fg-act,2021,4.9
Alaska,AK,fg-br,2021,2.2
Alaska,AK,fg-play,2021,1.2
Alaska,AK,fg-read,2021,8.2
Alaska,AK,fg-sch,2021,2.7
Alaska,AK,fg-yorg,2021,2.0
Alaska,AK,fh-eat,2021,4.1
Alaska,AK,fh-ed,2021,0.2
Alaska,AK,fh-ma,2021,1.5
Alaska,AK,fh-read,2021,2.6
Alaska,AK,fh-spf,2021,1.5
Alaska,AK,fh-time,2021,1.8
Alaska,AK,fh-tv,2021,0.0
Alaska,AK,fh-uw,2021,1.7
Alaska,AK,sc-born,2021,-0.5
Alaska,AK,sc-eng-a,2021,2.2
Alaska,AK,sc-eng-c,2021,2.4
Alaska,AK,sc-mid,2021,2.8
Alaska,AK,sm-em,2021,-3.2
Alaska,AK,sm-grad,2021,1.5
Alaska,AK,sm-hr,2021,1.9
Alaska,AK,sm-neet,2021,-3.0
Alaska,AK,st-fc,2021,1.6
Alaska,AK,st-fc trust,2021,2.8
Alaska,AK,st-fcc,2021,3.2
Alaska,AK,st-vc,2021,-2.8
Arizona,AZ,Civic Engagement,2021,11.0
Arizona,AZ,Community Life,2021,2.7
Arizona,AZ,Family Health,2021,4.8
Arizona,AZ,Future Generations,2021,1.3
Arizona,AZ,Social Cohesion,2021,2.7
Arizona,AZ,Social Mobility,2021,4.4
Arizona,AZ,Social Trust,2021,7.0
Arizona,AZ,Total,2021,34.0
Arizona,AZ,ce-ao,2021,2.2
Arizona,AZ,ce-vt,2021,6.7
Arizona,AZ,cl-cdd,2021,-1.5
Arizona,AZ,cl-don,2021,0.4
Arizona,AZ,cl-mem,2021,0.2
Arizona,AZ,cl-np,2021,0.5
Arizona,AZ,cl-npo,2021,0.6
Arizona,AZ,cl-porg,2021,0.8
Arizona,AZ,cl-rel,2021,-0.3
Arizona,AZ,cl-ta,2021,1.1
Arizona,AZ,cl-tfn,2021,0.2
Arizona,AZ,cl-vol,2021,-0.2
Arizona,AZ,cv-pm,2021,2.1
Arizona,AZ,fg-act,2021,0.3
Arizona,AZ,fg-br,2021,0.1
Arizona,AZ,fg-play,2021,1.1
Arizona,AZ,fg-read,2021,1.8
Arizona,AZ,fg-sch,2021,-0.6
Arizona,AZ,fg-yorg,2021,0.3
Arizona,AZ,fh-eat,2021,2.0
Arizona,AZ,fh-ed,2021,-1.8
Arizona,AZ,fh-ma,2021,1.0
Arizona,AZ,fh-read,2021,0.0
Arizona,AZ,fh-spf,2021,1.8
Arizona,AZ,fh-time,2021,1.7
Arizona,AZ,fh-tv,2021,0.0
Arizona,AZ,fh-uw,2021,0.1
Arizona,AZ,sc-born,2021,-0.9
Arizona,AZ,sc-eng-a,2021,0.5
Arizona,AZ,sc-eng-c,2021,1.0
Arizona,AZ,sc-mid,2021,2.1
Arizona,AZ,sm-em,2021,-0.1
Arizona,AZ,sm-grad,2021,1.5
Arizona,AZ,sm-hr,2021,1.6
Arizona,AZ,sm-neet,2021,1.3
Arizona,AZ,st-fc,2021,0.4
Arizona,AZ,st-fc trust,2021,3.7
Arizona,AZ,st-fcc,2021,1.6
Arizona,AZ,st-vc,2021,1.3
Arkansas,AR,Civic Engagement,2021,3.2
Arkansas,AR,Community Life,2021,3.3
Arkansas,AR,Family Health,2021,2.0
Arkansas,AR,Future Generations,2021,5.0
Arkansas,AR,Social Cohesion,2021,9.6
Arkansas,AR,Social Mobility,2021,6.1
Arkansas,AR,Social Trust,2021,7.3
Arkansas,AR,Total,2021,36.6
Arkansas,AR,ce-ao,2021,1.9
Arkansas,AR,ce-vt,2021,-1.5
Arkansas,AR,cl-cdd,2021,-2.0
Arkansas,AR,cl-don,2021,1.0
Arkansas,AR,cl-mem,2021,-0.1
Arkansas,AR,cl-np,2021,1.0
Arkansas,AR,cl-npo,2021,0.7
Arkansas,AR,cl-porg,2021,0.8
Arkansas,AR,cl-rel,2021,0.2
Arkansas,AR,cl-ta,2021,0.5
Arkansas,AR,cl-tfn,2021,0.6
Arkansas,AR,cl-vol,2021,-0.5
Arkansas,AR,cv-pm,2021,2.8
Arkansas,AR,fg-act,2021,1.4
Arkansas,AR,fg-br,2021,1.1
Arkansas,AR,fg-play,2021,0.4
Arkansas,AR,fg-read,2021,0.2
Arkansas,AR,fg-sch,2021,1.4
Arkansas,AR,fg-yorg,2021,0.5
Arkansas,AR,fh-eat,2021,3.1
Arkansas,AR,fh-ed,2021,-1.7
Arkansas,AR,fh-ma,2021,1.0
Arkansas,AR,fh-read,2021,-1.1
Arkansas,AR,fh-spf,2021,0.5
Arkansas,AR,fh-time,2021,0.6
Arkansas,AR,fh-tv,2021,0.0
Arkansas,AR,fh-uw,2021,-0.1
Arkansas,AR,sc-born,2021,2.3
Arkansas,AR,sc-eng-a,2021,2.9
Arkansas,AR,sc-eng-c,2021,2.9
Arkansas,AR,sc-mid,2021,1.5
Arkansas,AR,sm-em,2021,3.7
Arkansas,AR,sm-grad,2021,-0.5
Arkansas,AR,sm-hr,2021,1.9
Arkansas,AR,sm-neet,2021,1.0
Arkansas,AR,st-fc,2021,2.9
Arkansas,AR,st-fc trust,2021,2.8
Arkansas,AR,st-fcc,2021,1.7
Arkansas,AR,st-vc,2021,0.0
California,CA,Civic Engagement,2021,8.7
California,CA,Community Life,2021,-0.3
California,CA,Family Health,2021,1.9
California,CA,Future Generations,2021,4.4
California,CA,Social Cohesion,2021,-3.9
California,CA,Social Mobility,2021,5.1
California,CA,Social Trust,2021,11.7
California,CA,Total,2021,27.5
California,CA,ce-ao,2021,2.0
California,CA,ce-vt,2021,3.6
California,CA,cl-cdd,2021,-0.6
California,CA,cl-don,2021,-1.1
California,CA,cl-mem,2021,0.1
California,CA,cl-np,2021,0.3
California,CA,cl-npo,2021,0.7
California,CA,cl-porg,2021,0.7
California,CA,cl-rel,2021,-1.0
California,CA,cl-ta,2021,0.6
California,CA,cl-tfn,2021,0.6
California,CA,cl-vol,2021,-0.9
California,CA,cv-pm,2021,3.1
California,CA,fg-act,2021,1.3
California,CA,fg-br,2021,0.4
California,CA,fg-play,2021,1.1
California,CA,fg-read,2021,1.2
California,CA,fg-sch,2021,0.6
California,CA,fg-yorg,2021,0.8
California,CA,fh-eat,2021,3.9
California,CA,fh-ed,2021,-0.3
California,CA,fh-ma,2021,1.6
California,CA,fh-read,2021,1.1
California,CA,fh-spf,2021,4.8
California,CA,fh-time,2021,0.7
California,CA,fh-tv,2021,0.0
California,CA,fh-uw,2021,-9.6
California,CA,sc-born,2021,1.6
California,CA,sc-eng-a,2021,-3.6
California,CA,sc-eng-c,2021,-2.8
California,CA,sc-mid,2021,1.0
California,CA,sm-em,2021,0.9
California,CA,sm-grad,2021,3.0
California,CA,sm-hr,2021,-1.5
California,CA,sm-neet,2021,2.8
California,CA,st-fc,2021,3.7
California,CA,st-fc trust,2021,3.9
California,CA,st-fcc,2021,2.7
California,CA,st-vc,2021,1.3
Colorado,CO,Civic Engagement,2021,13.4
Colorado,CO,Community Life,2021,4.1
Colorado,CO,Family Health,2021,10.9
Colorado,CO,Future Generations,2021,10.2
Colorado,CO,Social Cohesion,2021,5.2
Colorado,CO,Social Mobility,2021,12.9
Colorado,CO,Social Trust,2021,13.4
Colorado,CO,Total,2021,70.1
Colorado,CO,ce-ao,2021,2.0
Colorado,CO,ce-vt,2021,4.8
Colorado,CO,cl-cdd,2021,-1.2
Colorado,CO,cl-don,2021,1.5
Colorado,CO,cl-mem,2021,1.1
Colorado,CO,cl-np,2021,1.2
Colorado,CO,cl-npo,2021,0.6
Colorado,CO,cl-porg,2021,0.8
Colorado,CO,cl-rel,2021,-1.0
Colorado,CO,cl-ta,2021,0.2
Colorado,CO,cl-tfn,2021,0.3
Colorado,CO,cl-vol,2021,0.5
Colorado,CO,cv-pm,2021,6.7
Colorado,CO,fg-act,2021,0.1
Colorado,CO,fg-br,2021,0.1
Colorado,CO,fg-play,2021,3.3
Colorado,CO,fg-read,2021,1.9
Colorado,CO,fg-sch,2021,0.2
Colorado,CO,fg-yorg,2021,3.2
Colorado,CO,fh-eat,2021,3.0
Colorado,CO,fh-ed,2021,-0.1
Colorado,CO,fh-ma,2021,1.5
Colorado,CO,fh-read,2021,2.1
Colorado,CO,fh-spf,2021,1.4
Colorado,CO,fh-time,2021,-0.6
Colorado,CO,fh-tv,2021,0.0
Colorado,CO,fh-uw,2021,3.5
Colorado,CO,sc-born,2021,-0.6
Colorado,CO,sc-eng-a,2021,1.8
Colorado,CO,sc-eng-c,2021,1.8
Colorado,CO,sc-mid,2021,2.1
Colorado,CO,sm-em,2021,1.4
Colorado,CO,sm-grad,2021,5.2
Colorado,CO,sm-hr,2021,2.3
Colorado,CO,sm-neet,2021,4.1
Colorado,CO,st-fc,2021,4.6
Colorado,CO,st-fc trust,2021,4.0
Colorado,CO,st-fcc,2021,3.0
Colorado,CO,st-vc,2021,1.9
Connecticut,CT,Civic Engagement,2021,12.1
Connecticut,CT,Community Life,2021,6.0
Connecticut,CT,Family Health,2021,3.3
Connecticut,CT,Future Generations,2021,-1.1
Connecticut,CT,Social Cohesion,2021,4.5
Connecticut,CT,Social Mobility,2021,12.3
Connecticut,CT,Social Trust,2021,13.5
Connecticut,CT,Total,2021,50.6
Connecticut,CT,ce-ao,2021,1.9
Connecticut,CT,ce-vt,2021,4.3
Connecticut,CT,cl-cdd,2021,-1.0
Connecticut,CT,cl-don,2021,2.5
Connecticut,CT,cl-mem,2021,1.0
Connecticut,CT,cl-np,2021,0.2
Connecticut,CT,cl-npo,2021,0.7
Connecticut,CT,cl-porg,2021,0.7
Connecticut,CT,cl-rel,2021,-1.3
Connecticut,CT,cl-ta,2021,0.0
Connecticut,CT,cl-tfn,2021,1.6
Connecticut,CT,cl-vol,2021,0.8
Connecticut,CT,cv-pm,2021,5.9
Connecticut,CT,fg-act,2021,-0.8
Connecticut,CT,fg-br,2021,-1.0
Connecticut,CT,fg-play,2021,-0.6
Connecticut,CT,fg-read,2021,0.0
Connecticut,CT,fg-sch,2021,0.5
Connecticut,CT,fg-yorg,2021,0.3
Connecticut,CT,fh-eat,2021,1.3
Connecticut,CT,fh-ed,2021,-1.7
Connecticut,CT,fh-ma,2021,1.0
Connecticut,CT,fh-read,2021,0.8
Connecticut,CT,fh-spf,2021,1.5
Connecticut,CT,fh-time,2021,-0.5
Connecticut,CT,fh-tv,2021,0.0
Connecticut,CT,fh-uw,2021,1.5
Connecticut,CT,sc-born,2021,1.2
Connecticut,CT,sc-eng-a,2021,0.6
Connecticut,CT,sc-eng-c,2021,1.7
Connecticut,CT,sc-mid,2021,0.9
Connecticut,CT,sm-em,2021,2.1
Connecticut,CT,sm-grad,2021,4.4
Connecticut,CT,sm-hr,2021,2.3
Connecticut,CT,sm-neet,2021,3.5
Connecticut,CT,st-fc,2021,3.9
Connecticut,CT,st-fc trust,2021,2.6
Connecticut,CT,st-fcc,2021,3.2
Connecticut,CT,st-vc,2021,3.8
Delaware,DE,Civic Engagement,2021,11.2
Delaware,DE,Community Life,2021,3.7
Delaware,DE,Family Health,2021,1.1
Delaware,DE,Future Generations,2021,4.4
Delaware,DE,Social Cohesion,2021,5.8
Delaware,DE,Social Mobility,2021,10.2
Delaware,DE,Social Trust,2021,11.3
Delaware,DE,Total,2021,47.6
Delaware,DE,ce-ao,2021,1.9
Delaware,DE,ce-vt,2021,4.8
Delaware,DE,cl-cdd,2021,-1.4
Delaware,DE,cl-don,2021,0.5
Delaware,DE,cl-mem,2021,1.6
Delaware,DE,cl-np,2021,0.4
Delaware,DE,cl-npo,2021,1.1
Delaware,DE,cl-porg,2021,0.7
Delaware,DE,cl-rel,2021,-0.1
Delaware,DE,cl-ta,2021,0.6
Delaware,DE,cl-tfn,2021,-1.9
Delaware,DE,cl-vol,2021,1.2
Delaware,DE,cv-pm,2021,4.5
Delaware,DE,fg-act,2021,-2.0
Delaware,DE,fg-br,2021,0.0
Delaware,DE,fg-play,2021,0.1
Delaware,DE,fg-read,2021,0.7
Delaware,DE,fg-sch,2021,1.3
Delaware,DE,fg-yorg,2021,1.5
Delaware,DE,fh-eat,2021,0.3
Delaware,DE,fh-ed,2021,-2.8
Delaware,DE,fh-ma,2021,1.1
Delaware,DE,fh-read,2021,0.6
Delaware,DE,fh-spf,2021,1.4
Delaware,DE,fh-time,2021,1.0
Delaware,DE,fh-tv,2021,0.0
Delaware,DE,fh-uw,2021,-0.2
Delaware,DE,sc-born,2021,-0.3
Delaware,DE,sc-eng-a,2021,2.3
Delaware,DE,sc-eng-c,2021,1.8
Delaware,DE,sc-mid,2021,2.0
Delaware,DE,sm-em,2021,1.9
Delaware,DE,sm-grad,2021,2.4
Delaware,DE,sm-hr,2021,3.3
Delaware,DE,sm-neet,2021,2.6
Delaware,DE,st-fc,2021,4.3
Delaware,DE,st-fc trust,2021,2.8
Delaware,DE,st-fcc,2021,2.7
Delaware,DE,st-vc,2021,1.5
District of Columbia,DC,Community Life,2021,19.7
District of Columbia,DC,Family Health,2021,0.1
District of Columbia,DC,Future Generations,2021,21.9
District of Columbia,DC,Social Mobility,2021,12.1
District of Columbia,DC,Social Trust,2021,-21.5
District of Columbia,DC,ce-ao,2021,10.3
District of Columbia,DC,ce-vt,2021,12.3
District of Columbia,DC,cl-cdd,2021,0.0
District of Columbia,DC,cl-don,2021,2.5
District of Columbia,DC,cl-mem,2021,2.4
District of Columbia,DC,cl-np,2021,2.2
District of Columbia,DC,cl-npo,2021,6.3
District of Columbia,DC,cl-porg,2021,6.6
District of Columbia,DC,cl-rel,2021,-1.2
District of Columbia,DC,cl-ta,2021,-2.2
District of Columbia,DC,cl-tfn,2021,3.7
District of Columbia,DC,cl-vol,2021,1.8
District of Columbia,DC,fg-act,2021,-1.0
District of Columbia,DC,fg-br,2021,1.7
District of Columbia,DC,fg-play,2021,4.8
District of Columbia,DC,fg-read,2021,-1.1
District of Columbia,DC,fg-sch,2021,3.0
District of Columbia,DC,fg-yorg,2021,5.1
District of Columbia,DC,fh-eat,2021,5.6
District of Columbia,DC,fh-ed,2021,-1.3
District of Columbia,DC,fh-ma,2021,-4.6
District of Columbia,DC,fh-read,2021,6.7
District of Columbia,DC,fh-spf,2021,-1.8
District of Columbia,DC,fh-time,2021,-4.8
District of Columbia,DC,fh-tv,2021,0.0
District of Columbia,DC,fh-uw,2021,0.4
District of Columbia,DC,sc-born,2021,-1.3
District of Columbia,DC,sc-eng-a,2021,1.9
District of Columbia,DC,sc-eng-c,2021,0.2
District of Columbia,DC,sm-em,2021,7.6
District of Columbia,DC,sm-grad,2021,10.2
District of Columbia,DC,sm-hr,2021,-4.8
District of Columbia,DC,sm-neet,2021,-0.9
District of Columbia,DC,st-fc,2021,-4.9
District of Columbia,DC,st-fc trust,2021,-2.5
District of Columbia,DC,st-fcc,2021,-9.5
District of Columbia,DC,st-vc,2021,-4.6
Florida,FL,Civic Engagement,2021,6.4
Florida,FL,Community Life,2021,-1.2
Florida,FL,Family Health,2021,5.0
Florida,FL,Future Generations,2021,0.8
Florida,FL,Social Cohesion,2021,-0.9
Florida,FL,Social Mobility,2021,5.3
Florida,FL,Social Trust,2021,6.4
Florida,FL,Total,2021,21.7
Florida,FL,ce-ao,2021,2.4
Florida,FL,ce-vt,2021,2.2
Florida,FL,cl-cdd,2021,-1.7
Florida,FL,cl-don,2021,-1.5
Florida,FL,cl-mem,2021,0.1
Florida,FL,cl-np,2021,0.7
Florida,FL,cl-npo,2021,0.6
Florida,FL,cl-porg,2021,0.8
Florida,FL,cl-rel,2021,-0.7
Florida,FL,cl-ta,2021,0.3
Florida,FL,cl-tfn,2021,0.6
Florida,FL,cl-vol,2021,-1.4
Florida,FL,cv-pm,2021,1.8
Florida,FL,fg-act,2021,0.5
Florida,FL,fg-br,2021,-0.5
Florida,FL,fg-play,2021,1.6
Florida,FL,fg-read,2021,1.1
Florida,FL,fg-sch,2021,-1.0
Florida,FL,fg-yorg,2021,0.4
Florida,FL,fh-eat,2021,5.2
Florida,FL,fh-ed,2021,-1.7
Florida,FL,fh-ma,2021,0.8
Florida,FL,fh-read,2021,-0.6
Florida,FL,fh-spf,2021,1.7
Florida,FL,fh-time,2021,0.5
Florida,FL,fh-tv,2021,0.0
Florida,FL,fh-uw,2021,-0.1
Florida,FL,sc-born,2021,-1.6
Florida,FL,sc-eng-a,2021,-1.0
Florida,FL,sc-eng-c,2021,0.1
Florida,FL,sc-mid,2021,1.6
Florida,FL,sm-em,2021,-0.2
Florida,FL,sm-grad,2021,1.7
Florida,FL,sm-hr,2021,1.6
Florida,FL,sm-neet,2021,2.2
Florida,FL,st-fc,2021,0.3
Florida,FL,st-fc trust,2021,2.1
Florida,FL,st-fcc,2021,2.0
Florida,FL,st-vc,2021,1.9
Georgia,GA,Civic Engagement,2021,9.1
Georgia,GA,Community Life,2021,-0.7
Georgia,GA,Family Health,2021,5.9
Georgia,GA,Future Generations,2021,6.0
Georgia,GA,Social Cohesion,2021,6.3
Georgia,GA,Social Mobility,2021,5.5
Georgia,GA,Social Trust,2021,10.6
Georgia,GA,Total,2021,42.7
Georgia,GA,ce-ao,2021,2.0
Georgia,GA,ce-vt,2021,4.1
Georgia,GA,cl-cdd,2021,-1.1
Georgia,GA,cl-don,2021,0.0
Georgia,GA,cl-mem,2021,-0.1
Georgia,GA,cl-np,2021,3.6
Georgia,GA,cl-npo,2021,0.6
Georgia,GA,cl-porg,2021,0.8
Georgia,GA,cl-rel,2021,-0.1
Georgia,GA,cl-ta,2021,0.2
Georgia,GA,cl-tfn,2021,-1.4
Georgia,GA,cl-vol,2021,-0.7
Georgia,GA,cv-pm,2021,3.0
Georgia,GA,fg-act,2021,1.3
Georgia,GA,fg-br,2021,0.9
Georgia,GA,fg-play,2021,0.5
Georgia,GA,fg-read,2021,1.3
Georgia,GA,fg-sch,2021,1.2
Georgia,GA,fg-yorg,2021,1.3
Georgia,GA,fh-eat,2021,4.0
Georgia,GA,fh-ed,2021,0.2
Georgia,GA,fh-ma,2021,0.9
Georgia,GA,fh-read,2021,0.0
Georgia,GA,fh-spf,2021,1.5
Georgia,GA,fh-time,2021,0.3
Georgia,GA,fh-tv,2021,0.0
Georgia,GA,fh-uw,2021,0.0
Georgia,GA,sc-born,2021,1.3
Georgia,GA,sc-eng-a,2021,1.9
Georgia,GA,sc-eng-c,2021,1.6
Georgia,GA,sc-mid,2021,1.5
Georgia,GA,sm-em,2021,0.7
Georgia,GA,sm-grad,2021,2.2
Georgia,GA,sm-hr,2021,1.5
Georgia,GA,sm-neet,2021,1.0
Georgia,GA,st-fc,2021,3.2
Georgia,GA,st-fc trust,2021,2.8
Georgia,GA,st-fcc,2021,2.2
Georgia,GA,st-vc,2021,2.4
Hawaii,HI,Civic Engagement,2021,9.5
Hawaii,HI,Community Life,2021,-1.9
Hawaii,HI,Family Health,2021,13.1
Hawaii,HI,Future Generations,2021,5.3
Hawaii,HI,Social Cohesion,2021,2.6
Hawaii,HI,Social Mobility,2021,7.3
Hawaii,HI,Social Trust,2021,12.9
Hawaii,HI,Total,2021,48.7
Hawaii,HI,ce-ao,2021,2.1
Hawaii,HI,ce-vt,2021,3.2
Hawaii,HI,cl-cdd,2021,-1.2
Hawaii,HI,cl-don,2021,-0.2
Hawaii,HI,cl-mem,2021,-0.4
Hawaii,HI,cl-np,2021,0.1
Hawaii,HI,cl-npo,2021,0.7
Hawaii,HI,cl-porg,2021,0.7
Hawaii,HI,cl-rel,2021,-1.3
Hawaii,HI,cl-ta,2021,0.0
Hawaii,HI,cl-tfn,2021,-0.6
Hawaii,HI,cl-vol,2021,-0.7
Hawaii,HI,cv-pm,2021,4.2
Hawaii,HI,fg-act,2021,2.9
Hawaii,HI,fg-br,2021,0.9
Hawaii,HI,fg-play,2021,2.3
Hawaii,HI,fg-read,2021,10.2
Hawaii,HI,fg-sch,2021,-0.3
Hawaii,HI,fg-yorg,2021,0.6
Hawaii,HI,fh-eat,2021,5.4
Hawaii,HI,fh-ed,2021,-3.1
Hawaii,HI,fh-ma,2021,1.7
Hawaii,HI,fh-read,2021,3.1
Hawaii,HI,fh-spf,2021,5.2
Hawaii,HI,fh-time,2021,1.9
Hawaii,HI,fh-tv,2021,0.0
Hawaii,HI,fh-uw,2021,1.2
Hawaii,HI,sc-born,2021,1.0
Hawaii,HI,sc-eng-a,2021,-0.8
Hawaii,HI,sc-eng-c,2021,-0.5
Hawaii,HI,sc-mid,2021,2.9
Hawaii,HI,sm-em,2021,1.4
Hawaii,HI,sm-grad,2021,2.6
Hawaii,HI,sm-hr,2021,0.6
Hawaii,HI,sm-neet,2021,2.8
Hawaii,HI,st-fc,2021,4.2
Hawaii,HI,st-fc trust,2021,3.4
Hawaii,HI,st-fcc,2021,2.3
Hawaii,HI,st-vc,2021,3.1
Idaho,ID,Civic Engagement,2021,9.1
Idaho,ID,Community Life,2021,6.9
Idaho,ID,Family Health,2021,12.0
Idaho,ID,Future Generations,2021,3.3
Idaho,ID,Social Cohesion,2021,8.3
Idaho,ID,Social Mobility,2021,10.0
Idaho,ID,Social Trust,2021,11.1
Idaho,ID,Total,2021,60.7
Idaho,ID,ce-ao,2021,2.0
Idaho,ID,ce-vt,2021,3.5
Idaho,ID,cl-cdd,2021,-1.7
Idaho,ID,cl-don,2021,1.8
Idaho,ID,cl-mem,2021,1.2
Idaho,ID,cl-np,2021,0.1
Idaho,ID,cl-npo,2021,0.5
Idaho,ID,cl-porg,2021,0.7
Idaho,ID,cl-rel,2021,0.7
Idaho,ID,cl-ta,2021,1.5
Idaho,ID,cl-tfn,2021,-0.5
Idaho,ID,cl-vol,2021,1.0
Idaho,ID,cv-pm,2021,3.6
Idaho,ID,fg-act,2021,0.4
Idaho,ID,fg-br,2021,1.3
Idaho,ID,fg-play,2021,1.0
Idaho,ID,fg-read,2021,2.1
Idaho,ID,fg-sch,2021,-0.6
Idaho,ID,fg-yorg,2021,0.5
Idaho,ID,fh-eat,2021,2.3
Idaho,ID,fh-ed,2021,1.0
Idaho,ID,fh-ma,2021,2.6
Idaho,ID,fh-read,2021,-0.7
Idaho,ID,fh-spf,2021,1.6
Idaho,ID,fh-time,2021,2.3
Idaho,ID,fh-tv,2021,0.0
Idaho,ID,fh-uw,2021,2.8
Idaho,ID,sc-born,2021,0.0
Idaho,ID,sc-eng-a,2021,2.6
Idaho,ID,sc-eng-c,2021,2.6
Idaho,ID,sc-mid,2021,3.1
Idaho,ID,sm-em,2021,1.1
Idaho,ID,sm-grad,2021,1.1
Idaho,ID,sm-hr,2021,3.9
Idaho,ID,sm-neet,2021,3.9
Idaho,ID,st-fc,2021,2.8
Idaho,ID,st-fc trust,2021,2.6
Idaho,ID,st-fcc,2021,2.4
Idaho,ID,st-vc,2021,3.4
Illinois,IL,Civic Engagement,2021,11.3
Illinois,IL,Community Life,2021,6.7
Illinois,IL,Family Health,2021,3.9
Illinois,IL,Future Generations,2021,5.8
Illinois,IL,Social Cohesion,2021,6.0
Illinois,IL,Social Mobility,2021,9.0
Illinois,IL,Social Trust,2021,9.7
Illinois,IL,Total,2021,52.4
Illinois,IL,ce-ao,2021,2.0
Illinois,IL,ce-vt,2021,5.1
Illinois,IL,cl-cdd,2021,-1.5
Illinois,IL,cl-don,2021,1.6
Illinois,IL,cl-mem,2021,1.0
Illinois,IL,cl-np,2021,0.9
Illinois,IL,cl-npo,2021,0.8
Illinois,IL,cl-porg,2021,0.9
Illinois,IL,cl-rel,2021,-0.4
Illinois,IL,cl-ta,2021,0.6
Illinois,IL,cl-tfn,2021,1.2
Illinois,IL,cl-vol,2021,0.9
Illinois,IL,cv-pm,2021,4.2
Illinois,IL,fg-act,2021,0.2
Illinois,IL,fg-br,2021,0.2
Illinois,IL,fg-play,2021,2.6
Illinois,IL,fg-read,2021,0.9
Illinois,IL,fg-sch,2021,0.9
Illinois,IL,fg-yorg,2021,0.3
Illinois,IL,fh-eat,2021,2.0
Illinois,IL,fh-ed,2021,-2.3
Illinois,IL,fh-ma,2021,0.7
Illinois,IL,fh-read,2021,1.9
Illinois,IL,fh-spf,2021,1.3
Illinois,IL,fh-time,2021,-0.2
Illinois,IL,fh-tv,2021,0.0
Illinois,IL,fh-uw,2021,1.1
Illinois,IL,sc-born,2021,3.4
Illinois,IL,sc-eng-a,2021,0.5
Illinois,IL,sc-eng-c,2021,1.0
Illinois,IL,sc-mid,2021,1.2
Illinois,IL,sm-em,2021,0.2
Illinois,IL,sm-grad,2021,3.2
Illinois,IL,sm-hr,2021,2.7
Illinois,IL,sm-neet,2021,2.9
Illinois,IL,st-fc,2021,3.5
Illinois,IL,st-fc trust,2021,2.4
Illinois,IL,st-fcc,2021,2.3
Illinois,IL,st-vc,2021,1.6
Indiana,IN,Civic Engagement,2021,6.2
Indiana,IN,Community Life,2021,3.9
Indiana,IN,Family Health,2021,5.2
Indiana,IN,Future Generations,2021,4.7
Indiana,IN,Social Cohesion,2021,11.0
Indiana,IN,Social Mobility,2021,7.3
Indiana,IN,Social Trust,2021,11.7
Indiana,IN,Total,2021,50.0
Indiana,IN,ce-ao,2021,1.9
Indiana,IN,ce-vt,2021,1.7
Indiana,IN,cl-cdd,2021,-2.1
Indiana,IN,cl-don,2021,1.0
Indiana,IN,cl-mem,2021,0.5
Indiana,IN,cl-np,2021,0.7
Indiana,IN,cl-npo,2021,0.8
Indiana,IN,cl-porg,2021,0.7
Indiana,IN,cl-rel,2021,0.3
Indiana,IN,cl-ta,2021,0.8
Indiana,IN,cl-tfn,2021,-0.8
Indiana,IN,cl-vol,2021,0.6
Indiana,IN,cv-pm,2021,2.5
Indiana,IN,fg-act,2021,0.5
Indiana,IN,fg-br,2021,1.0
Indiana,IN,fg-play,2021,0.0
Indiana,IN,fg-read,2021,0.5
Indiana,IN,fg-sch,2021,0.7
Indiana,IN,fg-yorg,2021,1.4
Indiana,IN,fh-eat,2021,2.3
Indiana,IN,fh-ed,2021,0.1
Indiana,IN,fh-ma,2021,0.9
Indiana,IN,fh-read,2021,-0.1
Indiana,IN,fh-spf,2021,0.6
Indiana,IN,fh-time,2021,1.6
Indiana,IN,fh-tv,2021,0.0
Indiana,IN,fh-uw,2021,0.5
Indiana,IN,sc-born,2021,3.4
Indiana,IN,sc-eng-a,2021,2.9
Indiana,IN,sc-eng-c,2021,2.7
Indiana,IN,sc-mid,2021,2.0
Indiana,IN,sm-em,2021,0.8
Indiana,IN,sm-grad,2021,0.6
Indiana,IN,sm-hr,2021,3.5
Indiana,IN,sm-neet,2021,2.5
Indiana,IN,st-fc,2021,3.8
Indiana,IN,st-fc trust,2021,3.1
Indiana,IN,st-fcc,2021,2.8
Indiana,IN,st-vc,2021,2.0
Iowa,IA,Civic Engagement,2021,11.5
Iowa,IA,Community Life,2021,5.4
Iowa,IA,Family Health,2021,7.3
Iowa,IA,Future Generations,2021,6.3
Iowa,IA,Social Cohesion,2021,12.2
Iowa,IA,Social Mobility,2021,11.2
Iowa,IA,Social Trust,2021,11.8
Iowa,IA,Total,2021,65.6
Iowa,IA,ce-ao,2021,1.9
Iowa,IA,ce-vt,2021,6.1
Iowa,IA,cl-cdd,2021,-1.9
Iowa,IA,cl-don,2021,2.0
Iowa,IA,cl-mem,2021,1.0
Iowa,IA,cl-np,2021,0.7
Iowa,IA,cl-npo,2021,0.9
Iowa,IA,cl-porg,2021,0.7
Iowa,IA,cl-rel,2021,-0.9
Iowa,IA,cl-ta,2021,0.6
Iowa,IA,cl-tfn,2021,0.0
Iowa,IA,cl-vol,2021,1.1
Iowa,IA,cv-pm,2021,3.4
Iowa,IA,fg-act,2021,1.3
Iowa,IA,fg-br,2021,0.9
Iowa,IA,fg-play,2021,1.1
Iowa,IA,fg-read,2021,1.2
Iowa,IA,fg-sch,2021,1.8
Iowa,IA,fg-yorg,2021,0.4
Iowa,IA,fh-eat,2021,3.1
Iowa,IA,fh-ed,2021,0.1
Iowa,IA,fh-ma,2021,1.4
Iowa,IA,fh-read,2021,-0.2
Iowa,IA,fh-spf,2021,0.3
Iowa,IA,fh-time,2021,1.8
Iowa,IA,fh-tv,2021,0.0
Iowa,IA,fh-uw,2021,1.9
Iowa,IA,sc-born,2021,3.7
Iowa,IA,sc-eng-a,2021,2.8
Iowa,IA,sc-eng-c,2021,2.8
Iowa,IA,sc-mid,2021,2.8
Iowa,IA,sm-em,2021,2.9
Iowa,IA,sm-grad,2021,1.3
Iowa,IA,sm-hr,2021,3.8
Iowa,IA,sm-neet,2021,3.2
Iowa,IA,st-fc,2021,3.4
Iowa,IA,st-fc trust,2021,2.8
Iowa,IA,st-fcc,2021,2.8
Iowa,IA,st-vc,2021,2.8
Kansas,KS,Civic Engagement,2021,9.5
Kansas,KS,Community Life,2021,5.3
Kansas,KS,Family Health,2021,7.1
Kansas,KS,Future Generations,2021,6.2
Kansas,KS,Social Cohesion,2021,9.3
Kansas,KS,Social Mobility,2021,9.9
Kansas,KS,Social Trust,2021,8.6
Kansas,KS,Total,2021,55.8
Kansas,KS,ce-ao,2021,1.9
Kansas,KS,ce-vt,2021,3.9
Kansas,KS,cl-cdd,2021,-1.8
Kansas,KS,cl-don,2021,1.3
Kansas,KS,cl-mem,2021,0.1
Kansas,KS,cl-np,2021,0.3
Kansas,KS,cl-npo,2021,0.6
Kansas,KS,cl-porg,2021,0.8
Kansas,KS,cl-rel,2021,0.7
Kansas,KS,cl-ta,2021,1.1
Kansas,KS,cl-tfn,2021,-0.7
Kansas,KS,cl-vol,2021,1.4
Kansas,KS,cv-pm,2021,3.6
Kansas,KS,fg-act,2021,0.9
Kansas,KS,fg-br,2021,1.1
Kansas,KS,fg-play,2021,0.9
Kansas,KS,fg-read,2021,1.8
Kansas,KS,fg-sch,2021,1.8
Kansas,KS,fg-yorg,2021,0.3
Kansas,KS,fh-eat,2021,2.3
Kansas,KS,fh-ed,2021,0.0
Kansas,KS,fh-ma,2021,1.8
Kansas,KS,fh-read,2021,0.9
Kansas,KS,fh-spf,2021,0.6
Kansas,KS,fh-time,2021,0.9
Kansas,KS,fh-tv,2021,0.0
Kansas,KS,fh-uw,2021,1.8
Kansas,KS,sc-born,2021,2.1
Kansas,KS,sc-eng-a,2021,2.3
Kansas,KS,sc-eng-c,2021,2.4
Kansas,KS,sc-mid,2021,2.5
Kansas,KS,sm-em,2021,1.3
Kansas,KS,sm-grad,2021,2.7
Kansas,KS,sm-hr,2021,2.8
Kansas,KS,sm-neet,2021,3.2
Kansas,KS,st-fc,2021,2.6
Kansas,KS,st-fc trust,2021,2.8
Kansas,KS,st-fcc,2021,1.6
Kansas,KS,st-vc,2021,1.7
Kentucky,KY,Civic Engagement,2021,7.8
Kentucky,KY,Community Life,2021,-0.2
Kentucky,KY,Family Health,2021,6.4
Kentucky,KY,Future Generations,2021,3.1
Kentucky,KY,Social Cohesion,2021,11.3
Kentucky,KY,Social Mobility,2021,5.9
Kentucky,KY,Social Trust,2021,7.8
Kentucky,KY,Total,2021,42.0
Kentucky,KY,ce-ao,2021,1.9
Kentucky,KY,ce-vt,2021,5.2
Kentucky,KY,cl-cdd,2021,-2.0
Kentucky,KY,cl-don,2021,-0.2
Kentucky,KY,cl-mem,2021,-0.4
Kentucky,KY,cl-np,2021,0.4
Kentucky,KY,cl-npo,2021,0.6
Kentucky,KY,cl-porg,2021,0.7
Kentucky,KY,cl-rel,2021,0.3
Kentucky,KY,cl-ta,2021,0.6
Kentucky,KY,cl-tfn,2021,-1.1
Kentucky,KY,cl-vol,2021,-0.7
Kentucky,KY,cv-pm,2021,0.7
Kentucky,KY,fg-act,2021,3.2
Kentucky,KY,fg-br,2021,0.9
Kentucky,KY,fg-play,2021,0.2
Kentucky,KY,fg-read,2021,0.0
Kentucky,KY,fg-sch,2021,0.9
Kentucky,KY,fg-yorg,2021,0.1
Kentucky,KY,fh-eat,2021,3.0
Kentucky,KY,fh-ed,2021,0.2
Kentucky,KY,fh-ma,2021,1.0
Kentucky,KY,fh-read,2021,0.0
Kentucky,KY,fh-spf,2021,0.8
Kentucky,KY,fh-time,2021,2.0
Kentucky,KY,fh-tv,2021,0.0
Kentucky,KY,fh-uw,2021,0.6
Kentucky,KY,sc-born,2021,3.5
Kentucky,KY,sc-eng-a,2021,3.3
Kentucky,KY,sc-eng-c,2021,2.9
Kentucky,KY,sc-mid,2021,1.6
Kentucky,KY,sm-em,2021,2.7
Kentucky,KY,sm-grad,2021,0.1
Kentucky,KY,sm-hr,2021,2.5
Kentucky,KY,sm-neet,2021,0.6
Kentucky,KY,st-fc,2021,2.1
Kentucky,KY,st-fc trust,2021,0.8
Kentucky,KY,st-fcc,2021,1.4
Kentucky,KY,st-vc,2021,3.5
Louisiana,LA,Civic Engagement,2021,6.0
Louisiana,LA,Community Life,2021,1.8
Louisiana,LA,Family Health,2021,-2.1
Louisiana,LA,Future Generations,2021,5.9
Louisiana,LA,Social Cohesion,2021,11.7
Louisiana,LA,Social Mobility,2021,4.9
Louisiana,LA,Social Trust,2021,2.8
Louisiana,LA,Total,2021,31.0
Louisiana,LA,ce-ao,2021,2.1
Louisiana,LA,ce-vt,2021,2.1
Louisiana,LA,cl-cdd,2021,-1.9
Louisiana,LA,cl-don,2021,-0.7
Louisiana,LA,cl-mem,2021,1.0
Louisiana,LA,cl-np,2021,0.0
Louisiana,LA,cl-npo,2021,0.6
Louisiana,LA,cl-porg,2021,0.7
Louisiana,LA,cl-rel,2021,0.7
Louisiana,LA,cl-ta,2021,0.6
Louisiana,LA,cl-tfn,2021,-0.6
Louisiana,LA,cl-vol,2021,-0.4
Louisiana,LA,cv-pm,2021,1.8
Louisiana,LA,fg-act,2021,-0.1
Louisiana,LA,fg-br,2021,1.6
Louisiana,LA,fg-play,2021,2.0
Louisiana,LA,fg-read,2021,0.6
Louisiana,LA,fg-sch,2021,0.3
Louisiana,LA,fg-yorg,2021,0.1
Louisiana,LA,fh-eat,2021,1.9
Louisiana,LA,fh-ed,2021,-3.5
Louisiana,LA,fh-ma,2021,-0.4
Louisiana,LA,fh-read,2021,-0.8
Louisiana,LA,fh-spf,2021,0.4
Louisiana,LA,fh-time,2021,1.4
Louisiana,LA,fh-tv,2021,0.0
Louisiana,LA,fh-uw,2021,-1.5
Louisiana,LA,sc-born,2021,4.9
Louisiana,LA,sc-eng-a,2021,3.0
Louisiana,LA,sc-eng-c,2021,3.2
Louisiana,LA,sc-mid,2021,0.6
Louisiana,LA,sm-em,2021,2.6
Louisiana,LA,sm-grad,2021,0.0
Louisiana,LA,sm-hr,2021,2.2
Louisiana,LA,sm-neet,2021,0.0
Louisiana,LA,st-fc,2021,1.0
Louisiana,LA,st-fc trust,2021,1.1
Louisiana,LA,st-fcc,2021,0.5
Louisiana,LA,st-vc,2021,0.2
Maine,ME,Civic Engagement,2021,17.8
Maine,ME,Community Life,2021,5.1
Maine,ME,Family Health,2021,10.4
Maine,ME,Future Generations,2021,-0.2
Maine,ME,Social Cohesion,2021,12.2
Maine,ME,Social Mobility,2021,11.8
Maine,ME,Social Trust,2021,15.2
Maine,ME,Total,2021,72.3
Maine,ME,ce-ao,2021,2.0
Maine,ME,ce-vt,2021,6.5
Maine,ME,cl-cdd,2021,-2.0
Maine,ME,cl-don,2021,1.1
Maine,ME,cl-mem,2021,1.6
Maine,ME,cl-np,2021,0.0
Maine,ME,cl-npo,2021,0.6
Maine,ME,cl-porg,2021,0.7
Maine,ME,cl-rel,2021,-1.5
Maine,ME,cl-ta,2021,-0.3
Maine,ME,cl-tfn,2021,0.5
Maine,ME,cl-vol,2021,2.3
Maine,ME,cv-pm,2021,9.4
Maine,ME,fg-act,2021,-0.6
Maine,ME,fg-br,2021,-1.7
Maine,ME,fg-play,2021,-0.3
Maine,ME,fg-read,2021,-0.4
Maine,ME,fg-sch,2021,1.0
Maine,ME,fg-yorg,2021,0.9
Maine,ME,fh-eat,2021,2.9
Maine,ME,fh-ed,2021,0.6
Maine,ME,fh-ma,2021,1.0
Maine,ME,fh-read,2021,3.7
Maine,ME,fh-spf,2021,0.4
Maine,ME,fh-time,2021,2.0
Maine,ME,fh-tv,2021,0.0
Maine,ME,fh-uw,2021,1.6
Maine,ME,sc-born,2021,2.4
Maine,ME,sc-eng-a,2021,3.7
Maine,ME,sc-eng-c,2021,4.0
Maine,ME,sc-mid,2021,2.1
Maine,ME,sm-em,2021,1.4
Maine,ME,sm-grad,2021,2.4
Maine,ME,sm-hr,2021,4.4
Maine,ME,sm-neet,2021,3.6
Maine,ME,st-fc,2021,3.5
Maine,ME,st-fc trust,2021,3.9
Maine,ME,st-fcc,2021,3.3
Maine,ME,st-vc,2021,4.5
Maryland,MD,Civic Engagement,2021,14.4
Maryland,MD,Community Life,2021,2.3
Maryland,MD,Family Health,2021,4.4
Maryland,MD,Future Generations,2021,5.0
Maryland,MD,Social Cohesion,2021,4.4
Maryland,MD,Social Mobility,2021,11.7
Maryland,MD,Social Trust,2021,7.9
Maryland,MD,Total,2021,50.1
Maryland,MD,ce-ao,2021,2.0
Maryland,MD,ce-vt,2021,7.5
Maryland,MD,cl-cdd,2021,0.3
Maryland,MD,cl-don,2021,0.2
Maryland,MD,cl-mem,2021,0.8
Maryland,MD,cl-np,2021,0.1
Maryland,MD,cl-npo,2021,0.8
Maryland,MD,cl-porg,2021,0.9
Maryland,MD,cl-rel,2021,-0.5
Maryland,MD,cl-ta,2021,-0.1
Maryland,MD,cl-tfn,2021,-0.2
Maryland,MD,cl-vol,2021,0.3
Maryland,MD,cv-pm,2021,4.9
Maryland,MD,fg-act,2021,0.0
Maryland,MD,fg-br,2021,0.7
Maryland,MD,fg-play,2021,1.6
Maryland,MD,fg-read,2021,1.7
Maryland,MD,fg-sch,2021,0.8
Maryland,MD,fg-yorg,2021,0.2
Maryland,MD,fh-eat,2021,3.1
Maryland,MD,fh-ed,2021,-2.7
Maryland,MD,fh-ma,2021,1.0
Maryland,MD,fh-read,2021,1.7
Maryland,MD,fh-spf,2021,2.3
Maryland,MD,fh-time,2021,-1.1
Maryland,MD,fh-tv,2021,0.0
Maryland,MD,fh-uw,2021,0.9
Maryland,MD,sc-born,2021,0.2
Maryland,MD,sc-eng-a,2021,1.2
Maryland,MD,sc-eng-c,2021,1.0
Maryland,MD,sc-mid,2021,2.0
Maryland,MD,sm-em,2021,1.9
Maryland,MD,sm-grad,2021,4.7
Maryland,MD,sm-hr,2021,2.5
Maryland,MD,sm-neet,2021,2.7
Maryland,MD,st-fc,2021,3.5
Maryland,MD,st-fc trust,2021,3.0
Maryland,MD,st-fcc,2021,0.2
Maryland,MD,st-vc,2021,1.2
Massachusetts,MA,Civic Engagement,2021,11.9
Massachusetts,MA,Community Life,2021,2.9
Massachusetts,MA,Family Health,2021,6.2
Massachusetts,MA,Future Generations,2021,-0.5
Massachusetts,MA,Social Cohesion,2021,4.1
Massachusetts,MA,Social Mobility,2021,16.2
Massachusetts,MA,Social Trust,2021,11.5
Massachusetts,MA,Total,2021,52.3
Massachusetts,MA,ce-ao,2021,2.0
Massachusetts,MA,ce-vt,2021,4.2
Massachusetts,MA,cl-cdd,2021,-1.0
Massachusetts,MA,cl-don,2021,1.3
Massachusetts,MA,cl-mem,2021,0.9
Massachusetts,MA,cl-np,2021,0.2
Massachusetts,MA,cl-npo,2021,1.0
Massachusetts,MA,cl-porg,2021,0.8
Massachusetts,MA,cl-rel,2021,-1.7
Massachusetts,MA,cl-ta,2021,0.0
Massachusetts,MA,cl-tfn,2021,0.6
Massachusetts,MA,cl-vol,2021,0.2
Massachusetts,MA,cv-pm,2021,5.8
Massachusetts,MA,fg-act,2021,1.8
Massachusetts,MA,fg-br,2021,-0.6
Massachusetts,MA,fg-play,2021,-0.7
Massachusetts,MA,fg-read,2021,2.3
Massachusetts,MA,fg-sch,2021,0.0
Massachusetts,MA,fg-yorg,2021,1.0
Massachusetts,MA,fh-eat,2021,1.8
Massachusetts,MA,fh-ed,2021,-1.5
Massachusetts,MA,fh-ma,2021,0.8
Massachusetts,MA,fh-read,2021,1.9
Massachusetts,MA,fh-spf,2021,2.1
Massachusetts,MA,fh-time,2021,-0.3
Massachusetts,MA,fh-tv,2021,0.0
Massachusetts,MA,fh-uw,2021,2.4
Massachusetts,MA,sc-born,2021,2.1
Massachusetts,MA,sc-eng-a,2021,0.2
Massachusetts,MA,sc-eng-c,2021,0.6
Massachusetts,MA,sc-mid,2021,1.2
Massachusetts,MA,sm-em,2021,3.5
Massachusetts,MA,sm-grad,2021,5.9
Massachusetts,MA,sm-hr,2021,1.6
Massachusetts,MA,sm-neet,2021,5.2
Massachusetts,MA,st-fc,2021,4.0
Massachusetts,MA,st-fc trust,2021,3.1
Massachusetts,MA,st-fcc,2021,2.0
Massachusetts,MA,st-vc,2021,2.4
Michigan,MI,Civic Engagement,2021,9.8
Michigan,MI,Community Life,2021,4.9
Michigan,MI,Family Health,2021,6.8
Michigan,MI,Future Generations,2021,1.5
Michigan,MI,Social Cohesion,2021,12.0
Michigan,MI,Social Mobility,2021,8.4
Michigan,MI,Social Trust,2021,9.3
Michigan,MI,Total,2021,52.9
Michigan,MI,ce-ao,2021,1.9
Michigan,MI,ce-vt,2021,4.4
Michigan,MI,cl-cdd,2021,-1.9
Michigan,MI,cl-don,2021,0.9
Michigan,MI,cl-mem,2021,0.8
Michigan,MI,cl-np,2021,0.7
Michigan,MI,cl-npo,2021,0.8
Michigan,MI,cl-porg,2021,0.7
Michigan,MI,cl-rel,2021,-0.5
Michigan,MI,cl-ta,2021,0.5
Michigan,MI,cl-tfn,2021,1.0
Michigan,MI,cl-vol,2021,0.6
Michigan,MI,cv-pm,2021,3.5
Michigan,MI,fg-act,2021,0.5
Michigan,MI,fg-br,2021,0.0
Michigan,MI,fg-play,2021,0.4
Michigan,MI,fg-read,2021,1.6
Michigan,MI,fg-sch,2021,0.6
Michigan,MI,fg-yorg,2021,0.1
Michigan,MI,fh-eat,2021,2.5
Michigan,MI,fh-ed,2021,-0.9
Michigan,MI,fh-ma,2021,0.6
Michigan,MI,fh-read,2021,2.6
Michigan,MI,fh-spf,2021,1.0
Michigan,MI,fh-time,2021,1.2
Michigan,MI,fh-tv,2021,0.0
Michigan,MI,fh-uw,2021,1.0
Michigan,MI,sc-born,2021,4.7
Michigan,MI,sc-eng-a,2021,2.8
Michigan,MI,sc-eng-c,2021,2.8
Michigan,MI,sc-mid,2021,1.7
Michigan,MI,sm-em,2021,-0.3
Michigan,MI,sm-grad,2021,1.5
Michigan,MI,sm-hr,2021,4.1
Michigan,MI,sm-neet,2021,3.1
Michigan,MI,st-fc,2021,2.8
Michigan,MI,st-fc trust,2021,3.1
Michigan,MI,st-fcc,2021,2.0
Michigan,MI,st-vc,2021,1.4
Minnesota,MN,Civic Engagement,2021,16.5
Minnesota,MN,Community Life,2021,7.1
Minnesota,MN,Family Health,2021,8.2
Minnesota,MN,Future Generations,2021,7.5
Minnesota,MN,Social Cohesion,2021,9.7
Minnesota,MN,Social Mobility,2021,15.8
Minnesota,MN,Social Trust,2021,14.4
Minnesota,MN,Total,2021,79.2
Minnesota,MN,ce-ao,2021,2.1
Minnesota,MN,ce-vt,2021,9.5
Minnesota,MN,cl-cdd,2021,-1.4
Minnesota,MN,cl-don,2021,2.5
Minnesota,MN,cl-mem,2021,2.1
Minnesota,MN,cl-np,2021,0.8
Minnesota,MN,cl-npo,2021,0.9
Minnesota,MN,cl-porg,2021,0.7
Minnesota,MN,cl-rel,2021,-0.9
Minnesota,MN,cl-ta,2021,0.9
Minnesota,MN,cl-tfn,2021,-0.6
Minnesota,MN,cl-vol,2021,1.4
Minnesota,MN,cv-pm,2021,5.0
Minnesota,MN,fg-act,2021,2.6
Minnesota,MN,fg-br,2021,0.8
Minnesota,MN,fg-play,2021,2.3
Minnesota,MN,fg-read,2021,3.1
Minnesota,MN,fg-sch,2021,1.5
Minnesota,MN,fg-yorg,2021,0.4
Minnesota,MN,fh-eat,2021,2.7
Minnesota,MN,fh-ed,2021,-0.7
Minnesota,MN,fh-ma,2021,1.6
Minnesota,MN,fh-read,2021,1.3
Minnesota,MN,fh-spf,2021,0.7
Minnesota,MN,fh-time,2021,1.4
Minnesota,MN,fh-tv,2021,0.0
Minnesota,MN,fh-uw,2021,2.5
Minnesota,MN,sc-born,2021,3.4
Minnesota,MN,sc-eng-a,2021,2.4
Minnesota,MN,sc-eng-c,2021,1.5
Minnesota,MN,sc-mid,2021,2.5
Minnesota,MN,sm-em,2021,2.5
Minnesota,MN,sm-grad,2021,3.6
Minnesota,MN,sm-hr,2021,4.6
Minnesota,MN,sm-neet,2021,5.1
Minnesota,MN,st-fc,2021,4.5
Minnesota,MN,st-fc trust,2021,3.6
Minnesota,MN,st-fcc,2021,3.0
Minnesota,MN,st-vc,2021,3.3
Mississippi,MS,Civic Engagement,2021,8.9
Mississippi,MS,Community Life,2021,1.4
Mississippi,MS,Family Health,2021,-0.4
Mississippi,MS,Future Generations,2021,3.8
Mississippi,MS,Social Cohesion,2021,12.3
Mississippi,MS,Social Mobility,2021,3.6
Mississippi,MS,Social Trust,2021,8.8
Mississippi,MS,Total,2021,38.5
Mississippi,MS,ce-ao,2021,1.9
Mississippi,MS,ce-vt,2021,6.0
Mississippi,MS,cl-cdd,2021,-1.9
Mississippi,MS,cl-don,2021,-0.8
Mississippi,MS,cl-mem,2021,0.6
Mississippi,MS,cl-np,2021,0.6
Mississippi,MS,cl-npo,2021,0.5
Mississippi,MS,cl-porg,2021,0.7
Mississippi,MS,cl-rel,2021,2.4
Mississippi,MS,cl-ta,2021,0.3
Mississippi,MS,cl-tfn,2021,-1.4
Mississippi,MS,cl-vol,2021,-0.9
Mississippi,MS,cv-pm,2021,1.0
Mississippi,MS,fg-act,2021,1.5
Mississippi,MS,fg-br,2021,1.3
Mississippi,MS,fg-play,2021,0.5
Mississippi,MS,fg-read,2021,0.1
Mississippi,MS,fg-sch,2021,0.8
Mississippi,MS,fg-yorg,2021,-0.1
Mississippi,MS,fh-eat,2021,2.5
Mississippi,MS,fh-ed,2021,-1.3
Mississippi,MS,fh-ma,2021,0.0
Mississippi,MS,fh-read,2021,-2.1
Mississippi,MS,fh-spf,2021,0.7
Mississippi,MS,fh-time,2021,1.1
Mississippi,MS,fh-tv,2021,0.0
Mississippi,MS,fh-uw,2021,-1.6
Mississippi,MS,sc-born,2021,4.0
Mississippi,MS,sc-eng-a,2021,3.6
Mississippi,MS,sc-eng-c,2021,3.7
Mississippi,MS,sc-mid,2021,1.0
Mississippi,MS,sm-em,2021,2.6
Mississippi,MS,sm-grad,2021,-0.8
Mississippi,MS,sm-hr,2021,2.3
Mississippi,MS,sm-neet,2021,-0.5
Mississippi,MS,st-fc,2021,1.1
Mississippi,MS,st-fc trust,2021,2.4
Mississippi,MS,st-fcc,2021,2.2
Mississippi,MS,st-vc,2021,3.1
Missouri,MO,Civic Engagement,2021,10.4
Missouri,MO,Community Life,2021,5.0
Missouri,MO,Family Health,2021,4.6
Missouri,MO,Future Generations,2021,7.2
Missouri,MO,Social Cohesion,2021,11.3
Missouri,MO,Social Mobility,2021,9.1
Missouri,MO,Social Trust,2021,4.4
Missouri,MO,Total,2021,52.0
Missouri,MO,ce-ao,2021,2.2
Missouri,MO,ce-vt,2021,4.4
Missouri,MO,cl-cdd,2021,-1.9
Missouri,MO,cl-don,2021,1.4
Missouri,MO,cl-mem,2021,0.3
Missouri,MO,cl-np,2021,0.6
Missouri,MO,cl-npo,2021,0.8
Missouri,MO,cl-porg,2021,0.8
Missouri,MO,cl-rel,2021,0.0
Missouri,MO,cl-ta,2021,0.4
Missouri,MO,cl-tfn,2021,0.0
Missouri,MO,cl-vol,2021,1.4
Missouri,MO,cv-pm,2021,3.9
Missouri,MO,fg-act,2021,-0.1
Missouri,MO,fg-br,2021,0.8
Missouri,MO,fg-play,2021,1.0
Missouri,MO,fg-read,2021,3.3
Missouri,MO,fg-sch,2021,0.5
Missouri,MO,fg-yorg,2021,2.6
Missouri,MO,fh-eat,2021,1.6
Missouri,MO,fh-ed,2021,-0.7
Missouri,MO,fh-ma,2021,1.0
Missouri,MO,fh-read,2021,1.2
Missouri,MO,fh-spf,2021,0.4
Missouri,MO,fh-time,2021,0.9
Missouri,MO,fh-tv,2021,0.0
Missouri,MO,fh-uw,2021,1.1
Missouri,MO,sc-born,2021,3.1
Missouri,MO,sc-eng-a,2021,3.4
Missouri,MO,sc-eng-c,2021,3.0
Missouri,MO,sc-mid,2021,1.8
Missouri,MO,sm-em,2021,2.3
Missouri,MO,sm-grad,2021,1.6
Missouri,MO,sm-hr,2021,2.9
Missouri,MO,sm-neet,2021,2.3
Missouri,MO,st-fc,2021,0.9
Missouri,MO,st-fc trust,2021,0.9
Missouri,MO,st-fcc,2021,1.9
Missouri,MO,st-vc,2021,0.8
Montana,MT,Civic Engagement,2021,14.5
Montana,MT,Community Life,2021,4.8
Montana,MT,Family Health,2021,8.6
Montana,MT,Future Generations,2021,3.3
Montana,MT,Social Cohesion,2021,11.7
Montana,MT,Social Mobility,2021,13.7
Montana,MT,Social Trust,2021,-0.4
Montana,MT,Total,2021,56.3
Montana,MT,ce-ao,2021,2.0
Montana,MT,ce-vt,2021,7.5
Montana,MT,cl-cdd,2021,-1.8
Montana,MT,cl-don,2021,1.7
Montana,MT,cl-mem,2021,1.4
Montana,MT,cl-np,2021,0.6
Montana,MT,cl-npo,2021,0.7
Montana,MT,cl-porg,2021,0.7
Montana,MT,cl-rel,2021,-0.6
Montana,MT,cl-ta,2021,0.3
Montana,MT,cl-tfn,2021,-0.6
Montana,MT,cl-vol,2021,1.2
Montana,MT,cv-pm,2021,5.0
Montana,MT,fg-act,2021,4.9
Montana,MT,fg-br,2021,-0.4
Montana,MT,fg-play,2021,0.7
Montana,MT,fg-read,2021,5.3
Montana,MT,fg-sch,2021,0.7
Montana,MT,fg-yorg,2021,1.3
Montana,MT,fh-eat,2021,3.3
Montana,MT,fh-ed,2021,1.0
Montana,MT,fh-ma,2021,1.1
Montana,MT,fh-read,2021,0.1
Montana,MT,fh-spf,2021,0.0
Montana,MT,fh-time,2021,1.1
Montana,MT,fh-tv,2021,0.0
Montana,MT,fh-uw,2021,2.0
Montana,MT,sc-born,2021,1.2
Montana,MT,sc-eng-a,2021,4.0
Montana,MT,sc-eng-c,2021,4.2
Montana,MT,sc-mid,2021,2.4
Montana,MT,sm-em,2021,4.7
Montana,MT,sm-grad,2021,2.5
Montana,MT,sm-hr,2021,3.4
Montana,MT,sm-neet,2021,3.1
Montana,MT,st-fc,2021,1.7
Montana,MT,st-fc trust,2021,0.7
Montana,MT,st-fcc,2021,-4.3
Montana,MT,st-vc,2021,1.6
Nebraska,NE,Civic Engagement,2021,8.9
Nebraska,NE,Community Life,2021,7.9
Nebraska,NE,Family Health,2021,9.0
Nebraska,NE,Future Generations,2021,8.2
Nebraska,NE,Social Cohesion,2021,8.6
Nebraska,NE,Social Mobility,2021,13.1
Nebraska,NE,Social Trust,2021,6.8
Nebraska,NE,Total,2021,62.5
Nebraska,NE,ce-ao,2021,1.9
Nebraska,NE,ce-vt,2021,3.7
Nebraska,NE,cl-cdd,2021,-1.9
Nebraska,NE,cl-don,2021,2.4
Nebraska,NE,cl-mem,2021,1.6
Nebraska,NE,cl-np,2021,0.3
Nebraska,NE,cl-npo,2021,0.8
Nebraska,NE,cl-porg,2021,0.7
Nebraska,NE,cl-rel,2021,-0.1
Nebraska,NE,cl-ta,2021,1.0
Nebraska,NE,cl-tfn,2021,-0.3
Nebraska,NE,cl-vol,2021,1.8
Nebraska,NE,cv-pm,2021,3.3
Nebraska,NE,fg-act,2021,0.8
Nebraska,NE,fg-br,2021,1.7
Nebraska,NE,fg-play,2021,1.1
Nebraska,NE,fg-read,2021,0.1
Nebraska,NE,fg-sch,2021,1.7
Nebraska,NE,fg-yorg,2021,1.0
Nebraska,NE,fh-eat,2021,2.2
Nebraska,NE,fh-ed,2021,1.8
Nebraska,NE,fh-ma,2021,1.8
Nebraska,NE,fh-read,2021,1.0
Nebraska,NE,fh-spf,2021,0.5
Nebraska,NE,fh-time,2021,1.1
Nebraska,NE,fh-tv,2021,0.0
Nebraska,NE,fh-uw,2021,2.1
Nebraska,NE,sc-born,2021,2.9
Nebraska,NE,sc-eng-a,2021,2.1
Nebraska,NE,sc-eng-c,2021,0.8
Nebraska,NE,sc-mid,2021,2.7
Nebraska,NE,sm-em,2021,3.3
Nebraska,NE,sm-grad,2021,2.4
Nebraska,NE,sm-hr,2021,2.9
Nebraska,NE,sm-neet,2021,4.5
Nebraska,NE,st-fc,2021,1.7
Nebraska,NE,st-fc trust,2021,1.9
Nebraska,NE,st-fcc,2021,0.6
Nebraska,NE,st-vc,2021,2.7
Nevada,NV,Civic Engagement,2021,4.7
Nevada,NV,Community Life,2021,-1.5
Nevada,NV,Family Health,2021,4.4
Nevada,NV,Future Generations,2021,13.4
Nevada,NV,Social Cohesion,2021,-1.2
Nevada,NV,Social Mobility,2021,-3.4
Nevada,NV,Social Trust,2021,11.0
Nevada,NV,Total,2021,27.4
Nevada,NV,ce-ao,2021,1.9
Nevada,NV,ce-vt,2021,2.0
Nevada,NV,cl-cdd,2021,-1.6
Nevada,NV,cl-don,2021,-0.8
Nevada,NV,cl-mem,2021,-0.3
Nevada,NV,cl-np,2021,-0.1
Nevada,NV,cl-npo,2021,0.6
Nevada,NV,cl-porg,2021,0.7
Nevada,NV,cl-rel,2021,-1.8
Nevada,NV,cl-ta,2021,0.5
Nevada,NV,cl-tfn,2021,0.3
Nevada,NV,cl-vol,2021,-0.8
Nevada,NV,cv-pm,2021,0.9
Nevada,NV,fg-act,2021,-0.8
Nevada,NV,fg-br,2021,0.5
Nevada,NV,fg-play,2021,8.3
Nevada,NV,fg-read,2021,0.3
Nevada,NV,fg-sch,2021,-0.2
Nevada,NV,fg-yorg,2021,0.3
Nevada,NV,fh-eat,2021,3.8
Nevada,NV,fh-ed,2021,-3.1
Nevada,NV,fh-ma,2021,0.1
Nevada,NV,fh-read,2021,-0.4
Nevada,NV,fh-spf,2021,1.9
Nevada,NV,fh-time,2021,2.6
Nevada,NV,fh-tv,2021,0.0
Nevada,NV,fh-uw,2021,-0.5
Nevada,NV,sc-born,2021,-2.9
Nevada,NV,sc-eng-a,2021,-0.8
Nevada,NV,sc-eng-c,2021,0.1
Nevada,NV,sc-mid,2021,2.5
Nevada,NV,sm-em,2021,-2.6
Nevada,NV,sm-grad,2021,0.2
Nevada,NV,sm-hr,2021,-0.8
Nevada,NV,sm-neet,2021,-0.1
Nevada,NV,st-fc,2021,3.3
Nevada,NV,st-fc trust,2021,3.9
Nevada,NV,st-fcc,2021,3.0
Nevada,NV,st-vc,2021,0.8
New Hampshire,NH,Civic Engagement,2021,17.5
New Hampshire,NH,Community Life,2021,3.4
New Hampshire,NH,Family Health,2021,10.7
New Hampshire,NH,Future Generations,2021,-1.2
New Hampshire,NH,Social Cohesion,2021,8.1
New Hampshire,NH,Social Mobility,2021,14.6
New Hampshire,NH,Social Trust,2021,14.4
New Hampshire,NH,Total,2021,67.6
New Hampshire,NH,ce-ao,2021,2.2
New Hampshire,NH,ce-vt,2021,7.7
New Hampshire,NH,cl-cdd,2021,-1.7
New Hampshire,NH,cl-don,2021,2.1
New Hampshire,NH,cl-mem,2021,1.2
New Hampshire,NH,cl-np,2021,-0.1
New Hampshire,NH,cl-npo,2021,0.6
New Hampshire,NH,cl-porg,2021,0.7
New Hampshire,NH,cl-rel,2021,-1.8
New Hampshire,NH,cl-ta,2021,0.6
New Hampshire,NH,cl-tfn,2021,-0.6
New Hampshire,NH,cl-vol,2021,0.6
New Hampshire,NH,cv-pm,2021,7.6
New Hampshire,NH,fg-act,2021,-0.3
New Hampshire,NH,fg-br,2021,-1.7
New Hampshire,NH,fg-play,2021,-0.5
New Hampshire,NH,fg-read,2021,2.8
New Hampshire,NH,fg-sch,2021,0.3
New Hampshire,NH,fg-yorg,2021,1.1
New Hampshire,NH,fh-eat,2021,1.8
New Hampshire,NH,fh-ed,2021,-0.6
New Hampshire,NH,fh-ma,2021,1.9
New Hampshire,NH,fh-read,2021,3.2
New Hampshire,NH,fh-spf,2021,1.6
New Hampshire,NH,fh-time,2021,1.9
New Hampshire,NH,fh-tv,2021,0.0
New Hampshire,NH,fh-uw,2021,2.7
New Hampshire,NH,sc-born,2021,-0.8
New Hampshire,NH,sc-eng-a,2021,3.2
New Hampshire,NH,sc-eng-c,2021,3.3
New Hampshire,NH,sc-mid,2021,2.4
New Hampshire,NH,sm-em,2021,1.8
New Hampshire,NH,sm-grad,2021,3.7
New Hampshire,NH,sm-hr,2021,4.5
New Hampshire,NH,sm-neet,2021,4.6
New Hampshire,NH,st-fc,2021,4.0
New Hampshire,NH,st-fc trust,2021,3.2
New Hampshire,NH,st-fcc,2021,3.2
New Hampshire,NH,st-vc,2021,4.1
New Jersey,NJ,Civic Engagement,2021,14.6
New Jersey,NJ,Community Life,2021,2.8
New Jersey,NJ,Family Health,2021,7.3
New Jersey,NJ,Future Generations,2021,2.3
New Jersey,NJ,Social Cohesion,2021,0.8
New Jersey,NJ,Social Mobility,2021,11.7
New Jersey,NJ,Social Trust,2021,13.6
New Jersey,NJ,Total,2021,53.1
New Jersey,NJ,ce-ao,2021,1.9
New Jersey,NJ,ce-vt,2021,9.7
New Jersey,NJ,cl-cdd,2021,-0.7
New Jersey,NJ,cl-don,2021,0.8
New Jersey,NJ,cl-mem,2021,1.2
New Jersey,NJ,cl-np,2021,0.6
New Jersey,NJ,cl-npo,2021,0.7
New Jersey,NJ,cl-porg,2021,0.8
New Jersey,NJ,cl-rel,2021,-0.6
New Jersey,NJ,cl-ta,2021,0.1
New Jersey,NJ,cl-tfn,2021,0.5
New Jersey,NJ,cl-vol,2021,-0.6
New Jersey,NJ,cv-pm,2021,3.0
New Jersey,NJ,fg-act,2021,0.1
New Jersey,NJ,fg-br,2021,0.3
New Jersey,NJ,fg-play,2021,-0.6
New Jersey,NJ,fg-read,2021,0.9
New Jersey,NJ,fg-sch,2021,1.7
New Jersey,NJ,fg-yorg,2021,0.0
New Jersey,NJ,fh-eat,2021,2.8
New Jersey,NJ,fh-ed,2021,-1.5
New Jersey,NJ,fh-ma,2021,1.9
New Jersey,NJ,fh-read,2021,0.1
New Jersey,NJ,fh-spf,2021,3.1
New Jersey,NJ,fh-time,2021,-0.1
New Jersey,NJ,fh-tv,2021,0.0
New Jersey,NJ,fh-uw,2021,2.2
New Jersey,NJ,sc-born,2021,0.9
New Jersey,NJ,sc-eng-a,2021,-1.2
New Jersey,NJ,sc-eng-c,2021,-0.2
New Jersey,NJ,sc-mid,2021,1.3
New Jersey,NJ,sm-em,2021,2.4
New Jersey,NJ,sm-grad,2021,4.8
New Jersey,NJ,sm-hr,2021,1.6
New Jersey,NJ,sm-neet,2021,3.0
New Jersey,NJ,st-fc,2021,4.3
New Jersey,NJ,st-fc trust,2021,4.0
New Jersey,NJ,st-fcc,2021,1.7
New Jersey,NJ,st-vc,2021,3.6
New Mexico,NM,Civic Engagement,2021,8.2
New Mexico,NM,Community Life,2021,-1.1
New Mexico,NM,Family Health,2021,4.1
New Mexico,NM,Future Generations,2021,5.8
New Mexico,NM,Social Cohesion,2021,3.2
New Mexico,NM,Social Mobility,2021,5.3
New Mexico,NM,Social Trust,2021,3.7
New Mexico,NM,Total,2021,29.1
New Mexico,NM,ce-ao,2021,2.0
New Mexico,NM,ce-vt,2021,2.5
New Mexico,NM,cl-cdd,2021,-2.0
New Mexico,NM,cl-don,2021,-0.3
New Mexico,NM,cl-mem,2021,-0.2
New Mexico,NM,cl-np,2021,0.5
New Mexico,NM,cl-npo,2021,0.6
New Mexico,NM,cl-porg,2021,0.7
New Mexico,NM,cl-rel,2021,-0.4
New Mexico,NM,cl-ta,2021,-0.1
New Mexico,NM,cl-tfn,2021,-0.7
New Mexico,NM,cl-vol,2021,-0.8
New Mexico,NM,cv-pm,2021,3.8
New Mexico,NM,fg-act,2021,0.1
New Mexico,NM,fg-br,2021,0.1
New Mexico,NM,fg-play,2021,1.9
New Mexico,NM,fg-read,2021,-0.5
New Mexico,NM,fg-sch,2021,1.4
New Mexico,NM,fg-yorg,2021,0.4
New Mexico,NM,fh-eat,2021,6.1
New Mexico,NM,fh-ed,2021,-1.4
New Mexico,NM,fh-ma,2021,-0.3
New Mexico,NM,fh-read,2021,0.2
New Mexico,NM,fh-spf,2021,0.7
New Mexico,NM,fh-time,2021,-0.1
New Mexico,NM,fh-tv,2021,0.0
New Mexico,NM,fh-uw,2021,-1.0
New Mexico,NM,sc-born,2021,1.2
New Mexico,NM,sc-eng-a,2021,0.5
New Mexico,NM,sc-eng-c,2021,0.3
New Mexico,NM,sc-mid,2021,1.2
New Mexico,NM,sm-em,2021,1.7
New Mexico,NM,sm-grad,2021,0.8
New Mexico,NM,sm-hr,2021,2.6
New Mexico,NM,sm-neet,2021,0.1
New Mexico,NM,st-fc,2021,1.7
New Mexico,NM,st-fc trust,2021,1.9
New Mexico,NM,st-fcc,2021,2.5
New Mexico,NM,st-vc,2021,-2.4
New York,NY,Civic Engagement,2021,7.5
New York,NY,Community Life,2021,2.3
New York,NY,Family Health,2021,5.6
New York,NY,Future Generations,2021,7.7
New York,NY,Social Cohesion,2021,-0.5
New York,NY,Social Mobility,2021,8.2
New York,NY,Social Trust,2021,9.1
New York,NY,Total,2021,39.9
New York,NY,ce-ao,2021,2.3
New York,NY,ce-vt,2021,3.4
New York,NY,cl-cdd,2021,-1.3
New York,NY,cl-don,2021,0.3
New York,NY,cl-mem,2021,1.0
New York,NY,cl-np,2021,1.4
New York,NY,cl-npo,2021,1.0
New York,NY,cl-porg,2021,0.8
New York,NY,cl-rel,2021,-1.2
New York,NY,cl-ta,2021,0.0
New York,NY,cl-tfn,2021,0.7
New York,NY,cl-vol,2021,-0.3
New York,NY,cv-pm,2021,1.8
New York,NY,fg-act,2021,1.7
New York,NY,fg-br,2021,0.5
New York,NY,fg-play,2021,0.7
New York,NY,fg-read,2021,2.6
New York,NY,fg-sch,2021,3.2
New York,NY,fg-yorg,2021,0.8
New York,NY,fh-eat,2021,3.2
New York,NY,fh-ed,2021,-1.8
New York,NY,fh-ma,2021,-0.1
New York,NY,fh-read,2021,0.9
New York,NY,fh-spf,2021,2.5
New York,NY,fh-time,2021,0.5
New York,NY,fh-tv,2021,0.0
New York,NY,fh-uw,2021,1.4
New York,NY,sc-born,2021,2.7
New York,NY,sc-eng-a,2021,-1.5
New York,NY,sc-eng-c,2021,-2.2
New York,NY,sc-mid,2021,0.4
New York,NY,sm-em,2021,3.2
New York,NY,sm-grad,2021,3.8
New York,NY,sm-hr,2021,-1.3
New York,NY,sm-neet,2021,2.5
New York,NY,st-fc,2021,2.1
New York,NY,st-fc trust,2021,2.6
New York,NY,st-fcc,2021,2.3
New York,NY,st-vc,2021,2.1
North Carolina,NC,Civic Engagement,2021,7.0
North Carolina,NC,Community Life,2021,2.6
North Carolina,NC,Family Health,2021,6.3
North Carolina,NC,Future Generations,2021,2.0
North Carolina,NC,Social Cohesion,2021,7.5
North Carolina,NC,Social Mobility,2021,7.5
North Carolina,NC,Social Trust,2021,11.9
North Carolina,NC,Total,2021,44.8
North Carolina,NC,ce-ao,2021,2.0
North Carolina,NC,ce-vt,2021,3.4
North Carolina,NC,cl-cdd,2021,-1.6
North Carolina,NC,cl-don,2021,0.3
North Carolina,NC,cl-mem,2021,0.9
North Carolina,NC,cl-np,2021,0.5
North Carolina,NC,cl-npo,2021,0.6
North Carolina,NC,cl-porg,2021,0.8
North Carolina,NC,cl-rel,2021,0.2
North Carolina,NC,cl-ta,2021,0.5
North Carolina,NC,cl-tfn,2021,-0.3
North Carolina,NC,cl-vol,2021,-0.3
North Carolina,NC,cv-pm,2021,1.5
North Carolina,NC,fg-act,2021,1.2
North Carolina,NC,fg-br,2021,0.4
North Carolina,NC,fg-play,2021,0.9
North Carolina,NC,fg-read,2021,1.2
North Carolina,NC,fg-sch,2021,-0.2
North Carolina,NC,fg-yorg,2021,0.2
North Carolina,NC,fh-eat,2021,3.6
North Carolina,NC,fh-ed,2021,-0.4
North Carolina,NC,fh-ma,2021,1.1
North Carolina,NC,fh-read,2021,1.0
North Carolina,NC,fh-spf,2021,0.8
North Carolina,NC,fh-time,2021,0.5
North Carolina,NC,fh-tv,2021,0.0
North Carolina,NC,fh-uw,2021,0.9
North Carolina,NC,sc-born,2021,1.6
North Carolina,NC,sc-eng-a,2021,2.4
North Carolina,NC,sc-eng-c,2021,1.9
North Carolina,NC,sc-mid,2021,1.7
North Carolina,NC,sm-em,2021,1.3
North Carolina,NC,sm-grad,2021,2.2
North Carolina,NC,sm-hr,2021,1.8
North Carolina,NC,sm-neet,2021,2.2
North Carolina,NC,st-fc,2021,3.7
North Carolina,NC,st-fc trust,2021,3.5
North Carolina,NC,st-fcc,2021,2.8
North Carolina,NC,st-vc,2021,1.9
North Dakota,ND,Civic Engagement,2021,10.5
North Dakota,ND,Community Life,2021,4.7
North Dakota,ND,Family Health,2021,7.2
North Dakota,ND,Future Generations,2021,13.1
North Dakota,ND,Social Cohesion,2021,11.7
North Dakota,ND,Social Mobility,2021,13.6
North Dakota,ND,Social Trust,2021,8.2
North Dakota,ND,Total,2021,69.1
North Dakota,ND,ce-ao,2021,1.9
North Dakota,ND,ce-vt,2021,4.5
North Dakota,ND,cl-cdd,2021,-2.2
North Dakota,ND,cl-don,2021,1.7
North Dakota,ND,cl-mem,2021,0.6
North Dakota,ND,cl-np,2021,0.3
North Dakota,ND,cl-npo,2021,0.6
North Dakota,ND,cl-porg,2021,0.7
North Dakota,ND,cl-rel,2021,-0.4
North Dakota,ND,cl-ta,2021,0.3
North Dakota,ND,cl-tfn,2021,0.5
North Dakota,ND,cl-vol,2021,0.7
North Dakota,ND,cv-pm,2021,4.0
North Dakota,ND,fg-act,2021,1.0
North Dakota,ND,fg-br,2021,2.4
North Dakota,ND,fg-play,2021,4.6
North Dakota,ND,fg-read,2021,8.5
North Dakota,ND,fg-sch,2021,1.3
North Dakota,ND,fg-yorg,2021,0.4
North Dakota,ND,fh-eat,2021,2.1
North Dakota,ND,fh-ed,2021,1.3
North Dakota,ND,fh-ma,2021,1.0
North Dakota,ND,fh-read,2021,1.6
North Dakota,ND,fh-spf,2021,-0.8
North Dakota,ND,fh-time,2021,0.6
North Dakota,ND,fh-tv,2021,0.0
North Dakota,ND,fh-uw,2021,2.6
North Dakota,ND,sc-born,2021,2.5
North Dakota,ND,sc-eng-a,2021,3.5
North Dakota,ND,sc-eng-c,2021,3.7
North Dakota,ND,sc-mid,2021,2.1
North Dakota,ND,sm-em,2021,5.0
North Dakota,ND,sm-grad,2021,1.6
North Dakota,ND,sm-hr,2021,1.8
North Dakota,ND,sm-neet,2021,5.2
North Dakota,ND,st-fc,2021,0.6
North Dakota,ND,st-fc trust,2021,3.4
North Dakota,ND,st-fcc,2021,1.5
North Dakota,ND,st-vc,2021,2.7
Ohio,OH,Civic Engagement,2021,10.5
Ohio,OH,Community Life,2021,2.1
Ohio,OH,Family Health,2021,5.1
Ohio,OH,Future Generations,2021,5.6
Ohio,OH,Social Cohesion,2021,12.2
Ohio,OH,Social Mobility,2021,7.3
Ohio,OH,Social Trust,2021,12.5
Ohio,OH,Total,2021,55.4
Ohio,OH,ce-ao,2021,2.0
Ohio,OH,ce-vt,2021,5.9
Ohio,OH,cl-cdd,2021,-2.0
Ohio,OH,cl-don,2021,0.2
Ohio,OH,cl-mem,2021,0.4
Ohio,OH,cl-np,2021,0.8
Ohio,OH,cl-npo,2021,0.7
Ohio,OH,cl-porg,2021,0.7
Ohio,OH,cl-rel,2021,-0.4
Ohio,OH,cl-ta,2021,0.2
Ohio,OH,cl-tfn,2021,0.3
Ohio,OH,cl-vol,2021,0.0
Ohio,OH,cv-pm,2021,2.6
Ohio,OH,fg-act,2021,0.6
Ohio,OH,fg-br,2021,0.6
Ohio,OH,fg-play,2021,1.2
Ohio,OH,fg-read,2021,1.3
Ohio,OH,fg-sch,2021,1.7
Ohio,OH,fg-yorg,2021,0.3
Ohio,OH,fh-eat,2021,2.5
Ohio,OH,fh-ed,2021,-0.2
Ohio,OH,fh-ma,2021,0.4
Ohio,OH,fh-read,2021,1.3
Ohio,OH,fh-spf,2021,0.4
Ohio,OH,fh-time,2021,1.0
Ohio,OH,fh-tv,2021,0.0
Ohio,OH,fh-uw,2021,0.6
Ohio,OH,sc-born,2021,4.5
Ohio,OH,sc-eng-a,2021,3.2
Ohio,OH,sc-eng-c,2021,2.9
Ohio,OH,sc-mid,2021,1.6
Ohio,OH,sm-em,2021,0.6
Ohio,OH,sm-grad,2021,1.3
Ohio,OH,sm-hr,2021,2.5
Ohio,OH,sm-neet,2021,2.9
Ohio,OH,st-fc,2021,3.7
Ohio,OH,st-fc trust,2021,3.1
Ohio,OH,st-fcc,2021,2.9
Ohio,OH,st-vc,2021,2.7
Oklahoma,OK,Civic Engagement,2021,3.3
Oklahoma,OK,Community Life,2021,3.3
Oklahoma,OK,Family Health,2021,3.1
Oklahoma,OK,Future Generations,2021,6.0
Oklahoma,OK,Social Cohesion,2021,9.4
Oklahoma,OK,Social Mobility,2021,4.8
Oklahoma,OK,Social Trust,2021,7.1
Oklahoma,OK,Total,2021,36.9
Oklahoma,OK,ce-ao,2021,2.1
Oklahoma,OK,ce-vt,2021,0.5
Oklahoma,OK,cl-cdd,2021,-1.9
Oklahoma,OK,cl-don,2021,0.1
Oklahoma,OK,cl-mem,2021,0.3
Oklahoma,OK,cl-np,2021,0.8
Oklahoma,OK,cl-npo,2021,0.6
Oklahoma,OK,cl-porg,2021,0.7
Oklahoma,OK,cl-rel,2021,0.8
Oklahoma,OK,cl-ta,2021,0.4
Oklahoma,OK,cl-tfn,2021,0.3
Oklahoma,OK,cl-vol,2021,-0.1
Oklahoma,OK,cv-pm,2021,0.7
Oklahoma,OK,fg-act,2021,2.8
Oklahoma,OK,fg-br,2021,1.3
Oklahoma,OK,fg-play,2021,1.5
Oklahoma,OK,fg-read,2021,1.0
Oklahoma,OK,fg-sch,2021,0.4
Oklahoma,OK,fg-yorg,2021,0.7
Oklahoma,OK,fh-eat,2021,2.3
Oklahoma,OK,fh-ed,2021,-0.5
Oklahoma,OK,fh-ma,2021,1.1
Oklahoma,OK,fh-read,2021,-0.7
Oklahoma,OK,fh-spf,2021,0.6
Oklahoma,OK,fh-time,2021,0.5
Oklahoma,OK,fh-tv,2021,0.0
Oklahoma,OK,fh-uw,2021,0.3
Oklahoma,OK,sc-born,2021,2.3
Oklahoma,OK,sc-eng-a,2021,2.5
Oklahoma,OK,sc-eng-c,2021,2.8
Oklahoma,OK,sc-mid,2021,1.8
Oklahoma,OK,sm-em,2021,1.9
Oklahoma,OK,sm-grad,2021,0.4
Oklahoma,OK,sm-hr,2021,1.9
Oklahoma,OK,sm-neet,2021,0.7
Oklahoma,OK,st-fc,2021,2.3
Oklahoma,OK,st-fc trust,2021,2.4
Oklahoma,OK,st-fcc,2021,1.0
Oklahoma,OK,st-vc,2021,1.4
Oregon,OR,Civic Engagement,2021,13.1
Oregon,OR,Community Life,2021,3.5
Oregon,OR,Family Health,2021,8.6
Oregon,OR,Future Generations,2021,5.5
Oregon,OR,Social Cohesion,2021,5.0
Oregon,OR,Social Mobility,2021,6.8
Oregon,OR,Social Trust,2021,14.5
Oregon,OR,Total,2021,57.0
Oregon,OR,ce-ao,2021,2.0
Oregon,OR,ce-vt,2021,7.7
Oregon,OR,cl-cdd,2021,-1.1
Oregon,OR,cl-don,2021,1.8
Oregon,OR,cl-mem,2021,1.0
Oregon,OR,cl-np,2021,0.2
Oregon,OR,cl-npo,2021,0.6
Oregon,OR,cl-porg,2021,0.7
Oregon,OR,cl-rel,2021,-1.6
Oregon,OR,cl-ta,2021,0.2
Oregon,OR,cl-tfn,2021,-0.1
Oregon,OR,cl-vol,2021,0.8
Oregon,OR,cv-pm,2021,3.4
Oregon,OR,fg-act,2021,0.6
Oregon,OR,fg-br,2021,-0.7
Oregon,OR,fg-play,2021,1.9
Oregon,OR,fg-read,2021,2.0
Oregon,OR,fg-sch,2021,1.5
Oregon,OR,fg-yorg,2021,0.9
Oregon,OR,fh-eat,2021,4.5
Oregon,OR,fh-ed,2021,-1.4
Oregon,OR,fh-ma,2021,1.0
Oregon,OR,fh-read,2021,1.7
Oregon,OR,fh-spf,2021,1.7
Oregon,OR,fh-time,2021,0.8
Oregon,OR,fh-tv,2021,0.0
Oregon,OR,fh-uw,2021,1.7
Oregon,OR,sc-born,2021,0.0
Oregon,OR,sc-eng-a,2021,1.9
Oregon,OR,sc-eng-c,2021,1.0
Oregon,OR,sc-mid,2021,2.1
Oregon,OR,sm-em,2021,0.5
Oregon,OR,sm-grad,2021,2.8
Oregon,OR,sm-hr,2021,1.5
Oregon,OR,sm-neet,2021,1.9
Oregon,OR,st-fc,2021,4.6
Oregon,OR,st-fc trust,2021,4.0
Oregon,OR,st-fcc,2021,3.2
Oregon,OR,st-vc,2021,2.8
Pennsylvania,PA,Civic Engagement,2021,10.9
Pennsylvania,PA,Community Life,2021,3.0
Pennsylvania,PA,Family Health,2021,4.4
Pennsylvania,PA,Future Generations,2021,1.8
Pennsylvania,PA,Social Cohesion,2021,9.7
Pennsylvania,PA,Social Mobility,2021,11.6
Pennsylvania,PA,Social Trust,2021,9.9
Pennsylvania,PA,Total,2021,51.4
Pennsylvania,PA,ce-ao,2021,2.0
Pennsylvania,PA,ce-vt,2021,6.0
Pennsylvania,PA,cl-cdd,2021,-1.8
Pennsylvania,PA,cl-don,2021,0.9
Pennsylvania,PA,cl-mem,2021,1.0
Pennsylvania,PA,cl-np,2021,1.8
Pennsylvania,PA,cl-npo,2021,0.8
Pennsylvania,PA,cl-porg,2021,0.9
Pennsylvania,PA,cl-rel,2021,-0.7
Pennsylvania,PA,cl-ta,2021,0.1
Pennsylvania,PA,cl-tfn,2021,-0.4
Pennsylvania,PA,cl-vol,2021,0.4
Pennsylvania,PA,cv-pm,2021,3.0
Pennsylvania,PA,fg-act,2021,1.3
Pennsylvania,PA,fg-br,2021,-0.3
Pennsylvania,PA,fg-play,2021,-0.2
Pennsylvania,PA,fg-read,2021,0.7
Pennsylvania,PA,fg-sch,2021,1.3
Pennsylvania,PA,fg-yorg,2021,0.4
Pennsylvania,PA,fh-eat,2021,2.0
Pennsylvania,PA,fh-ed,2021,-0.8
Pennsylvania,PA,fh-ma,2021,0.7
Pennsylvania,PA,fh-read,2021,0.9
Pennsylvania,PA,fh-spf,2021,1.0
Pennsylvania,PA,fh-time,2021,0.2
Pennsylvania,PA,fh-tv,2021,0.0
Pennsylvania,PA,fh-uw,2021,1.1
Pennsylvania,PA,sc-born,2021,4.0
Pennsylvania,PA,sc-eng-a,2021,2.4
Pennsylvania,PA,sc-eng-c,2021,2.0
Pennsylvania,PA,sc-mid,2021,1.4
Pennsylvania,PA,sm-em,2021,2.9
Pennsylvania,PA,sm-grad,2021,2.2
Pennsylvania,PA,sm-hr,2021,3.3
Pennsylvania,PA,sm-neet,2021,3.3
Pennsylvania,PA,st-fc,2021,2.9
Pennsylvania,PA,st-fc trust,2021,2.5
Pennsylvania,PA,st-fcc,2021,1.8
Pennsylvania,PA,st-vc,2021,2.6
Rhode Island,RI,Civic Engagement,2021,12.1
Rhode Island,RI,Community Life,2021,8.5
Rhode Island,RI,Family Health,2021,1.5
Rhode Island,RI,Future Generations,2021,1.6
Rhode Island,RI,Social Cohesion,2021,5.0
Rhode Island,RI,Social Mobility,2021,11.8
Rhode Island,RI,Social Trust,2021,12.7
Rhode Island,RI,Total,2021,53.2
Rhode Island,RI,ce-ao,2021,2.0
Rhode Island,RI,ce-vt,2021,4.2
Rhode Island,RI,cl-cdd,2021,-1.5
Rhode Island,RI,cl-don,2021,1.3
Rhode Island,RI,cl-mem,2021,0.1
Rhode Island,RI,cl-np,2021,0.3
Rhode Island,RI,cl-npo,2021,0.9
Rhode Island,RI,cl-porg,2021,0.8
Rhode Island,RI,cl-rel,2021,-0.7
Rhode Island,RI,cl-ta,2021,-0.6
Rhode Island,RI,cl-tfn,2021,7.1
Rhode Island,RI,cl-vol,2021,-0.4
Rhode Island,RI,cv-pm,2021,6.0
Rhode Island,RI,fg-act,2021,3.6
Rhode Island,RI,fg-br,2021,-1.0
Rhode Island,RI,fg-play,2021,-0.4
Rhode Island,RI,fg-read,2021,2.7
Rhode Island,RI,fg-sch,2021,1.1
Rhode Island,RI,fg-yorg,2021,1.3
Rhode Island,RI,fh-eat,2021,2.4
Rhode Island,RI,fh-ed,2021,-1.3
Rhode Island,RI,fh-ma,2021,0.2
Rhode Island,RI,fh-read,2021,0.4
Rhode Island,RI,fh-spf,2021,0.9
Rhode Island,RI,fh-time,2021,-1.2
Rhode Island,RI,fh-tv,2021,0.0
Rhode Island,RI,fh-uw,2021,0.4
Rhode Island,RI,sc-born,2021,1.7
Rhode Island,RI,sc-eng-a,2021,0.6
Rhode Island,RI,sc-eng-c,2021,0.5
Rhode Island,RI,sc-mid,2021,2.2
Rhode Island,RI,sm-em,2021,3.1
Rhode Island,RI,sm-grad,2021,2.9
Rhode Island,RI,sm-hr,2021,1.5
Rhode Island,RI,sm-neet,2021,4.3
Rhode Island,RI,st-fc,2021,3.0
Rhode Island,RI,st-fc trust,2021,3.2
Rhode Island,RI,st-fcc,2021,3.1
Rhode Island,RI,st-vc,2021,3.5
South Carolina,SC,Civic Engagement,2021,8.8
South Carolina,SC,Community Life,2021,4.4
South Carolina,SC,Family Health,2021,4.3
South Carolina,SC,Future Generations,2021,5.4
South Carolina,SC,Social Cohesion,2021,9.0
South Carolina,SC,Social Mobility,2021,6.6
South Carolina,SC,Social Trust,2021,8.9
South Carolina,SC,Total,2021,47.3
South Carolina,SC,ce-ao,2021,2.1
South Carolina,SC,ce-vt,2021,2.8
South Carolina,SC,cl-cdd,2021,-1.6
South Carolina,SC,cl-don,2021,0.9
South Carolina,SC,cl-mem,2021,1.6
South Carolina,SC,cl-np,2021,0.6
South Carolina,SC,cl-npo,2021,0.5
South Carolina,SC,cl-porg,2021,0.7
South Carolina,SC,cl-rel,2021,0.9
South Carolina,SC,cl-ta,2021,0.0
South Carolina,SC,cl-tfn,2021,-0.2
South Carolina,SC,cl-vol,2021,-0.1
South Carolina,SC,cv-pm,2021,3.9
South Carolina,SC,fg-act,2021,0.1
South Carolina,SC,fg-br,2021,0.2
South Carolina,SC,fg-play,2021,1.1
South Carolina,SC,fg-read,2021,0.3
South Carolina,SC,fg-sch,2021,1.4
South Carolina,SC,fg-yorg,2021,0.9
South Carolina,SC,fh-eat,2021,2.5
South Carolina,SC,fh-ed,2021,-0.8
South Carolina,SC,fh-ma,2021,1.0
South Carolina,SC,fh-read,2021,-0.3
South Carolina,SC,fh-spf,2021,0.9
South Carolina,SC,fh-time,2021,1.5
South Carolina,SC,fh-tv,2021,0.0
South Carolina,SC,fh-uw,2021,0.1
South Carolina,SC,sc-born,2021,1.4
South Carolina,SC,sc-eng-a,2021,3.1
South Carolina,SC,sc-eng-c,2021,2.8
South Carolina,SC,sc-mid,2021,1.6
South Carolina,SC,sm-em,2021,1.2
South Carolina,SC,sm-grad,2021,1.4
South Carolina,SC,sm-hr,2021,3.1
South Carolina,SC,sm-neet,2021,1.0
South Carolina,SC,st-fc,2021,2.2
South Carolina,SC,st-fc trust,2021,3.1
South Carolina,SC,st-fcc,2021,2.8
South Carolina,SC,st-vc,2021,0.6
South Dakota,SD,Civic Engagement,2021,10.2
South Dakota,SD,Community Life,2021,11.2
South Dakota,SD,Family Health,2021,9.2
South Dakota,SD,Future Generations,2021,6.1
South Dakota,SD,Social Cohesion,2021,12.0
South Dakota,SD,Social Mobility,2021,14.0
South Dakota,SD,Social Trust,2021,-9.0
South Dakota,SD,Total,2021,53.6
South Dakota,SD,ce-ao,2021,1.9
South Dakota,SD,ce-vt,2021,0.6
South Dakota,SD,cl-cdd,2021,-2.2
South Dakota,SD,cl-don,2021,1.6
South Dakota,SD,cl-mem,2021,2.5
South Dakota,SD,cl-np,2021,1.3
South Dakota,SD,cl-npo,2021,0.6
South Dakota,SD,cl-porg,2021,0.7
South Dakota,SD,cl-rel,2021,1.4
South Dakota,SD,cl-ta,2021,2.4
South Dakota,SD,cl-tfn,2021,0.0
South Dakota,SD,cl-vol,2021,1.9
South Dakota,SD,cv-pm,2021,7.7
South Dakota,SD,fg-act,2021,-2.5
South Dakota,SD,fg-br,2021,1.8
South Dakota,SD,fg-play,2021,1.5
South Dakota,SD,fg-read,2021,-0.2
South Dakota,SD,fg-sch,2021,0.0
South Dakota,SD,fg-yorg,2021,0.7
South Dakota,SD,fh-eat,2021,2.2
South Dakota,SD,fh-ed,2021,1.3
South Dakota,SD,fh-ma,2021,1.8
South Dakota,SD,fh-read,2021,0.3
South Dakota,SD,fh-spf,2021,0.0
South Dakota,SD,fh-time,2021,3.3
South Dakota,SD,fh-tv,2021,0.0
South Dakota,SD,fh-uw,2021,1.8
South Dakota,SD,sc-born,2021,2.8
South Dakota,SD,sc-eng-a,2021,3.4
South Dakota,SD,sc-eng-c,2021,3.3
South Dakota,SD,sc-mid,2021,2.5
South Dakota,SD,sm-em,2021,6.1
South Dakota,SD,sm-grad,2021,1.4
South Dakota,SD,sm-hr,2021,3.2
South Dakota,SD,sm-neet,2021,3.2
South Dakota,SD,st-fc,2021,-3.8
South Dakota,SD,st-fc trust,2021,-3.3
South Dakota,SD,st-fcc,2021,-3.6
South Dakota,SD,st-vc,2021,1.7
Tennessee,TN,Civic Engagement,2021,8.4
Tennessee,TN,Community Life,2021,4.3
Tennessee,TN,Family Health,2021,5.2
Tennessee,TN,Future Generations,2021,2.4
Tennessee,TN,Social Cohesion,2021,9.6
Tennessee,TN,Social Mobility,2021,6.5
Tennessee,TN,Social Trust,2021,7.0
Tennessee,TN,Total,2021,43.3
Tennessee,TN,ce-ao,2021,2.0
Tennessee,TN,ce-vt,2021,4.2
Tennessee,TN,cl-cdd,2021,-2.0
Tennessee,TN,cl-don,2021,0.2
Tennessee,TN,cl-mem,2021,0.4
Tennessee,TN,cl-np,2021,1.3
Tennessee,TN,cl-npo,2021,0.6
Tennessee,TN,cl-porg,2021,0.8
Tennessee,TN,cl-rel,2021,0.9
Tennessee,TN,cl-ta,2021,0.7
Tennessee,TN,cl-tfn,2021,0.9
Tennessee,TN,cl-vol,2021,-0.1
Tennessee,TN,cv-pm,2021,2.2
Tennessee,TN,fg-act,2021,1.6
Tennessee,TN,fg-br,2021,0.8
Tennessee,TN,fg-play,2021,0.4
Tennessee,TN,fg-read,2021,1.5
Tennessee,TN,fg-sch,2021,-0.4
Tennessee,TN,fg-yorg,2021,0.9
Tennessee,TN,fh-eat,2021,3.6
Tennessee,TN,fh-ed,2021,-1.0
Tennessee,TN,fh-ma,2021,1.2
Tennessee,TN,fh-read,2021,-0.4
Tennessee,TN,fh-spf,2021,1.0
Tennessee,TN,fh-time,2021,1.0
Tennessee,TN,fh-tv,2021,0.0
Tennessee,TN,fh-uw,2021,0.6
Tennessee,TN,sc-born,2021,2.1
Tennessee,TN,sc-eng-a,2021,3.0
Tennessee,TN,sc-eng-c,2021,2.6
Tennessee,TN,sc-mid,2021,1.9
Tennessee,TN,sm-em,2021,1.2
Tennessee,TN,sm-grad,2021,1.1
Tennessee,TN,sm-hr,2021,2.3
Tennessee,TN,sm-neet,2021,1.8
Tennessee,TN,st-fc,2021,2.5
Tennessee,TN,st-fc trust,2021,2.3
Tennessee,TN,st-fcc,2021,2.3
Tennessee,TN,st-vc,2021,-0.2
Texas,TX,Civic Engagement,2021,6.5
Texas,TX,Community Life,2021,1.0
Texas,TX,Family Health,2021,5.6
Texas,TX,Future Generations,2021,6.5
Texas,TX,Social Cohesion,2021,-1.4
Texas,TX,Social Mobility,2021,6.2
Texas,TX,Social Trust,2021,8.8
Texas,TX,Total,2021,33.3
Texas,TX,ce-ao,2021,1.9
Texas,TX,ce-vt,2021,3.1
Texas,TX,cl-cdd,2021,-1.7
Texas,TX,cl-don,2021,-0.1
Texas,TX,cl-mem,2021,0.1
Texas,TX,cl-np,2021,0.8
Texas,TX,cl-npo,2021,0.6
Texas,TX,cl-porg,2021,0.7
Texas,TX,cl-rel,2021,0.0
Texas,TX,cl-ta,2021,0.8
Texas,TX,cl-tfn,2021,-0.5
Texas,TX,cl-vol,2021,-0.6
Texas,TX,cv-pm,2021,1.5
Texas,TX,fg-act,2021,0.3
Texas,TX,fg-br,2021,1.8
Texas,TX,fg-play,2021,0.4
Texas,TX,fg-read,2021,0.6
Texas,TX,fg-sch,2021,1.2
Texas,TX,fg-yorg,2021,0.9
Texas,TX,fh-eat,2021,4.7
Texas,TX,fh-ed,2021,-3.2
Texas,TX,fh-ma,2021,1.6
Texas,TX,fh-read,2021,-0.6
Texas,TX,fh-spf,2021,2.4
Texas,TX,fh-time,2021,0.8
Texas,TX,fh-tv,2021,0.0
Texas,TX,fh-uw,2021,0.8
Texas,TX,sc-born,2021,2.1
Texas,TX,sc-eng-a,2021,-1.6
Texas,TX,sc-eng-c,2021,-3.2
Texas,TX,sc-mid,2021,1.3
Texas,TX,sm-em,2021,1.6
Texas,TX,sm-grad,2021,1.7
Texas,TX,sm-hr,2021,1.2
Texas,TX,sm-neet,2021,1.7
Texas,TX,st-fc,2021,2.6
Texas,TX,st-fc trust,2021,2.1
Texas,TX,st-fcc,2021,2.6
Texas,TX,st-vc,2021,1.5
United States,US,Civic Engagement,2021,10.2
United States,US,Community Life,2021,2.8
United States,US,Family Health,2021,6.4
United States,US,Future Generations,2021,4.8
United States,US,Social Cohesion,2021,4.9
United States,US,Social Mobility,2021,8.1
United States,US,Social Trust,2021,8.8
United States,US,Total,2021,46.0
United States,US,ce-ao,2021,2.2
United States,US,ce-vt,2021,4.4
United States,US,cl-cdd,2021,-1.6
United States,US,cl-don,2021,0.3
United States,US,cl-mem,2021,0.6
United States,US,cl-np,2021,0.6
United States,US,cl-npo,2021,0.8
United States,US,cl-porg,2021,0.9
United States,US,cl-rel,2021,-0.4
United States,US,cl-ta,2021,0.4
United States,US,cl-tfn,2021,0.2
United States,US,cl-vol,2021,-0.1
United States,US,cv-pm,2021,3.6
United States,US,fg-act,2021,0.9
United States,US,fg-br,2021,0.5
United States,US,fg-play,2021,1.0
United States,US,fg-read,2021,1.5
United States,US,fg-sch,2021,0.9
United States,US,fg-yorg,2021,0.8
United States,US,fh-eat,2021,3.3
United States,US,fh-ed,2021,-1.2
United States,US,fh-ma,2021,1.1
United States,US,fh-read,2021,0.7
United States,US,fh-spf,2021,1.8
United States,US,fh-time,2021,0.7
United States,US,fh-tv,2021,0.0
United States,US,fh-uw,2021,1.0
United States,US,sc-born,2021,1.9
United States,US,sc-eng-a,2021,0.6
United States,US,sc-eng-c,2021,0.5
United States,US,sc-mid,2021,1.9
United States,US,sm-em,2021,1.6
United States,US,sm-grad,2021,2.4
United States,US,sm-hr,2021,1.6
United States,US,sm-neet,2021,2.5
United States,US,st-fc,2021,2.6
United States,US,st-fc trust,2021,2.5
United States,US,st-fcc,2021,1.8
United States,US,st-vc,2021,1.9
Utah,UT,Civic Engagement,2021,13.2
Utah,UT,Community Life,2021,12.2
Utah,UT,Family Health,2021,17.1
Utah,UT,Future Generations,2021,10.2
Utah,UT,Social Cohesion,2021,11.0
Utah,UT,Social Mobility,2021,13.8
Utah,UT,Social Trust,2021,14.9
Utah,UT,Total,2021,92.5
Utah,UT,ce-ao,2021,1.9
Utah,UT,ce-vt,2021,2.9
Utah,UT,cl-cdd,2021,-0.8
Utah,UT,cl-don,2021,1.1
Utah,UT,cl-mem,2021,3.9
Utah,UT,cl-np,2021,-0.1
Utah,UT,cl-npo,2021,0.6
Utah,UT,cl-porg,2021,0.7
Utah,UT,cl-rel,2021,1.5
Utah,UT,cl-ta,2021,2.1
Utah,UT,cl-tfn,2021,-0.8
Utah,UT,cl-vol,2021,3.0
Utah,UT,cv-pm,2021,8.4
Utah,UT,fg-act,2021,2.6
Utah,UT,fg-br,2021,4.8
Utah,UT,fg-play,2021,3.9
Utah,UT,fg-read,2021,3.2
Utah,UT,fg-sch,2021,1.3
Utah,UT,fg-yorg,2021,0.3
Utah,UT,fh-eat,2021,3.9
Utah,UT,fh-ed,2021,0.5
Utah,UT,fh-ma,2021,3.9
Utah,UT,fh-read,2021,0.7
Utah,UT,fh-spf,2021,3.7
Utah,UT,fh-time,2021,0.4
Utah,UT,fh-tv,2021,0.0
Utah,UT,fh-uw,2021,4.0
Utah,UT,sc-born,2021,2.5
Utah,UT,sc-eng-a,2021,2.1
Utah,UT,sc-eng-c,2021,2.8
Utah,UT,sc-mid,2021,3.7
Utah,UT,sm-em,2021,2.6
Utah,UT,sm-grad,2021,2.9
Utah,UT,sm-hr,2021,4.2
Utah,UT,sm-neet,2021,4.1
Utah,UT,st-fc,2021,3.3
Utah,UT,st-fc trust,2021,4.8
Utah,UT,st-fcc,2021,3.4
Utah,UT,st-vc,2021,3.3
Vermont,VT,Civic Engagement,2021,19.5
Vermont,VT,Community Life,2021,3.0
Vermont,VT,Family Health,2021,11.6
Vermont,VT,Future Generations,2021,3.1
Vermont,VT,Social Cohesion,2021,9.9
Vermont,VT,Social Mobility,2021,12.6
Vermont,VT,Social Trust,2021,11.9
Vermont,VT,Total,2021,71.6
Vermont,VT,ce-ao,2021,2.0
Vermont,VT,ce-vt,2021,5.1
Vermont,VT,cl-cdd,2021,-2.0
Vermont,VT,cl-don,2021,0.6
Vermont,VT,cl-mem,2021,3.2
Vermont,VT,cl-np,2021,-0.2
Vermont,VT,cl-npo,2021,0.7
Vermont,VT,cl-porg,2021,0.7
Vermont,VT,cl-rel,2021,-1.9
Vermont,VT,cl-ta,2021,0.4
Vermont,VT,cl-tfn,2021,-1.9
Vermont,VT,cl-vol,2021,1.2
Vermont,VT,cv-pm,2021,12.4
Vermont,VT,fg-act,2021,3.1
Vermont,VT,fg-br,2021,-1.8
Vermont,VT,fg-play,2021,0.2
Vermont,VT,fg-read,2021,1.2
Vermont,VT,fg-sch,2021,3.5
Vermont,VT,fg-yorg,2021,0.2
Vermont,VT,fh-eat,2021,5.0
Vermont,VT,fh-ed,2021,0.6
Vermont,VT,fh-ma,2021,0.6
Vermont,VT,fh-read,2021,2.7
Vermont,VT,fh-spf,2021,0.1
Vermont,VT,fh-time,2021,2.9
Vermont,VT,fh-tv,2021,0.0
Vermont,VT,fh-uw,2021,1.7
Vermont,VT,sc-born,2021,0.5
Vermont,VT,sc-eng-a,2021,3.7
Vermont,VT,sc-eng-c,2021,3.8
Vermont,VT,sc-mid,2021,2.0
Vermont,VT,sm-em,2021,0.4
Vermont,VT,sm-grad,2021,4.0
Vermont,VT,sm-hr,2021,4.3
Vermont,VT,sm-neet,2021,3.9
Vermont,VT,st-fc,2021,3.0
Vermont,VT,st-fc trust,2021,2.1
Vermont,VT,st-fcc,2021,3.2
Vermont,VT,st-vc,2021,3.6
Virginia,VA,Civic Engagement,2021,11.4
Virginia,VA,Community Life,2021,5.4
Virginia,VA,Family Health,2021,9.2
Virginia,VA,Future Generations,2021,3.6
Virginia,VA,Social Cohesion,2021,5.5
Virginia,VA,Social Mobility,2021,11.4
Virginia,VA,Social Trust,2021,9.5
Virginia,VA,Total,2021,56.0
Virginia,VA,ce-ao,2021,2.5
Virginia,VA,ce-vt,2021,6.6
Virginia,VA,cl-cdd,2021,-0.7
Virginia,VA,cl-don,2021,1.4
Virginia,VA,cl-mem,2021,0.6
Virginia,VA,cl-np,2021,1.0
Virginia,VA,cl-npo,2021,0.8
Virginia,VA,cl-porg,2021,0.9
Virginia,VA,cl-rel,2021,0.1
Virginia,VA,cl-ta,2021,0.3
Virginia,VA,cl-tfn,2021,0.8
Virginia,VA,cl-vol,2021,0.5
Virginia,VA,cv-pm,2021,2.3
Virginia,VA,fg-act,2021,0.1
Virginia,VA,fg-br,2021,0.5
Virginia,VA,fg-play,2021,0.7
Virginia,VA,fg-read,2021,1.3
Virginia,VA,fg-sch,2021,0.5
Virginia,VA,fg-yorg,2021,0.7
Virginia,VA,fh-eat,2021,4.3
Virginia,VA,fh-ed,2021,-1.8
Virginia,VA,fh-ma,2021,1.7
Virginia,VA,fh-read,2021,2.7
Virginia,VA,fh-spf,2021,1.6
Virginia,VA,fh-time,2021,0.3
Virginia,VA,fh-tv,2021,0.0
Virginia,VA,fh-uw,2021,2.0
Virginia,VA,sc-born,2021,0.6
Virginia,VA,sc-eng-a,2021,1.7
Virginia,VA,sc-eng-c,2021,1.8
Virginia,VA,sc-mid,2021,1.4
Virginia,VA,sm-em,2021,0.6
Virginia,VA,sm-grad,2021,4.3
Virginia,VA,sm-hr,2021,2.2
Virginia,VA,sm-neet,2021,4.3
Virginia,VA,st-fc,2021,2.1
Virginia,VA,st-fc trust,2021,2.0
Virginia,VA,st-fcc,2021,1.7
Virginia,VA,st-vc,2021,3.6
Washington,WA,Civic Engagement,2021,13.5
Washington,WA,Community Life,2021,4.4
Washington,WA,Family Health,2021,9.8
Washington,WA,Future Generations,2021,5.7
Washington,WA,Social Cohesion,2021,3.2
Washington,WA,Social Mobility,2021,7.8
Washington,WA,Social Trust,2021,13.4
Washington,WA,Total,2021,57.9
Washington,WA,ce-ao,2021,1.9
Washington,WA,ce-vt,2021,6.6
Washington,WA,cl-cdd,2021,-1.3
Washington,WA,cl-don,2021,1.5
Washington,WA,cl-mem,2021,0.5
Washington,WA,cl-np,2021,0.2
Washington,WA,cl-npo,2021,1.0
Washington,WA,cl-porg,2021,0.7
Washington,WA,cl-rel,2021,-1.0
Washington,WA,cl-ta,2021,0.6
Washington,WA,cl-tfn,2021,0.8
Washington,WA,cl-vol,2021,0.3
Washington,WA,cv-pm,2021,5.1
Washington,WA,fg-act,2021,2.1
Washington,WA,fg-br,2021,0.3
Washington,WA,fg-play,2021,1.4
Washington,WA,fg-read,2021,2.6
Washington,WA,fg-sch,2021,1.5
Washington,WA,fg-yorg,2021,0.6
Washington,WA,fh-eat,2021,3.9
Washington,WA,fh-ed,2021,-0.6
Washington,WA,fh-ma,2021,1.5
Washington,WA,fh-read,2021,1.4
Washington,WA,fh-spf,2021,2.1
Washington,WA,fh-time,2021,0.5
Washington,WA,fh-tv,2021,0.0
Washington,WA,fh-uw,2021,2.6
Washington,WA,sc-born,2021,0.1
Washington,WA,sc-eng-a,2021,1.0
Washington,WA,sc-eng-c,2021,0.3
Washington,WA,sc-mid,2021,1.9
Washington,WA,sm-em,2021,-0.2
Washington,WA,sm-grad,2021,3.5
Washington,WA,sm-hr,2021,1.5
Washington,WA,sm-neet,2021,3.0
Washington,WA,st-fc,2021,4.0
Washington,WA,st-fc trust,2021,3.9
Washington,WA,st-fcc,2021,2.8
Washington,WA,st-vc,2021,2.7
West Virginia,WV,Civic Engagement,2021,2.8
West Virginia,WV,Community Life,2021,2.1
West Virginia,WV,Family Health,2021,6.5
West Virginia,WV,Future Generations,2021,3.2
West Virginia,WV,Social Cohesion,2021,13.2
West Virginia,WV,Social Mobility,2021,4.3
West Virginia,WV,Social Trust,2021,4.3
West Virginia,WV,Total,2021,36.3
West Virginia,WV,ce-ao,2021,1.9
West Virginia,WV,ce-vt,2021,-0.5
West Virginia,WV,cl-cdd,2021,-2.4
West Virginia,WV,cl-don,2021,0.0
West Virginia,WV,cl-mem,2021,0.7
West Virginia,WV,cl-np,2021,0.1
West Virginia,WV,cl-npo,2021,0.6
West Virginia,WV,cl-porg,2021,0.7
West Virginia,WV,cl-rel,2021,-0.5
West Virginia,WV,cl-ta,2021,0.2
West Virginia,WV,cl-tfn,2021,0.4
West Virginia,WV,cl-vol,2021,0.0
West Virginia,WV,cv-pm,2021,1.5
West Virginia,WV,fg-act,2021,0.6
West Virginia,WV,fg-br,2021,-0.6
West Virginia,WV,fg-play,2021,1.8
West Virginia,WV,fg-read,2021,-0.9
West Virginia,WV,fg-sch,2021,0.9
West Virginia,WV,fg-yorg,2021,0.0
West Virginia,WV,fh-eat,2021,2.4
West Virginia,WV,fh-ed,2021,-0.7
West Virginia,WV,fh-ma,2021,1.4
West Virginia,WV,fh-read,2021,-0.6
West Virginia,WV,fh-spf,2021,0.6
West Virginia,WV,fh-time,2021,4.3
West Virginia,WV,fh-tv,2021,0.0
West Virginia,WV,fh-uw,2021,0.1
West Virginia,WV,sc-born,2021,3.5
West Virginia,WV,sc-eng-a,2021,4.0
West Virginia,WV,sc-eng-c,2021,4.3
West Virginia,WV,sc-mid,2021,1.4
West Virginia,WV,sm-em,2021,1.4
West Virginia,WV,sm-grad,2021,-1.1
West Virginia,WV,sm-hr,2021,4.3
West Virginia,WV,sm-neet,2021,-0.3
West Virginia,WV,st-fc,2021,2.8
West Virginia,WV,st-fc trust,2021,-1.3
West Virginia,WV,st-fcc,2021,0.2
West Virginia,WV,st-vc,2021,2.5
Wisconsin,WI,Civic Engagement,2021,15.2
Wisconsin,WI,Community Life,2021,4.1
Wisconsin,WI,Family Health,2021,7.2
Wisconsin,WI,Future Generations,2021,4.8
Wisconsin,WI,Social Cohesion,2021,12.1
Wisconsin,WI,Social Mobility,2021,10.5
Wisconsin,WI,Social Trust,2021,12.9
Wisconsin,WI,Total,2021,66.6
Wisconsin,WI,ce-ao,2021,2.1
Wisconsin,WI,ce-vt,2021,7.5
Wisconsin,WI,cl-cdd,2021,-1.9
Wisconsin,WI,cl-don,2021,1.0
Wisconsin,WI,cl-mem,2021,0.6
Wisconsin,WI,cl-np,2021,1.8
Wisconsin,WI,cl-npo,2021,0.7
Wisconsin,WI,cl-porg,2021,0.8
Wisconsin,WI,cl-rel,2021,-0.7
Wisconsin,WI,cl-ta,2021,1.0
Wisconsin,WI,cl-tfn,2021,0.4
Wisconsin,WI,cl-vol,2021,0.3
Wisconsin,WI,cv-pm,2021,5.6
Wisconsin,WI,fg-act,2021,0.9
Wisconsin,WI,fg-br,2021,0.1
Wisconsin,WI,fg-play,2021,0.9
Wisconsin,WI,fg-read,2021,1.9
Wisconsin,WI,fg-sch,2021,1.0
Wisconsin,WI,fg-yorg,2021,1.2
Wisconsin,WI,fh-eat,2021,2.1
Wisconsin,WI,fh-ed,2021,-0.2
Wisconsin,WI,fh-ma,2021,0.9
Wisconsin,WI,fh-read,2021,2.0
Wisconsin,WI,fh-spf,2021,0.2
Wisconsin,WI,fh-time,2021,0.8
Wisconsin,WI,fh-tv,2021,0.0
Wisconsin,WI,fh-uw,2021,1.4
Wisconsin,WI,sc-born,2021,3.9
Wisconsin,WI,sc-eng-a,2021,3.0
Wisconsin,WI,sc-eng-c,2021,2.4
Wisconsin,WI,sc-mid,2021,2.7
Wisconsin,WI,sm-em,2021,1.6
Wisconsin,WI,sm-grad,2021,1.9
Wisconsin,WI,sm-hr,2021,3.0
Wisconsin,WI,sm-neet,2021,3.9
Wisconsin,WI,st-fc,2021,4.4
Wisconsin,WI,st-fc trust,2021,3.0
Wisconsin,WI,st-fcc,2021,2.7
Wisconsin,WI,st-vc,2021,2.7
Wyoming,WY,Civic Engagement,2021,12.9
Wyoming,WY,Community Life,2021,8.5
Wyoming,WY,Family Health,2021,10.6
Wyoming,WY,Future Generations,2021,8.7
Wyoming,WY,Social Cohesion,2021,10.3
Wyoming,WY,Social Mobility,2021,6.7
Wyoming,WY,Social Trust,2021,12.3
Wyoming,WY,Total,2021,70.0
Wyoming,WY,ce-ao,2021,1.9
Wyoming,WY,ce-vt,2021,3.8
Wyoming,WY,cl-cdd,2021,-2.1
Wyoming,WY,cl-don,2021,1.0
Wyoming,WY,cl-mem,2021,2.7
Wyoming,WY,cl-np,2021,0.3
Wyoming,WY,cl-npo,2021,0.6
Wyoming,WY,cl-porg,2021,0.7
Wyoming,WY,cl-rel,2021,-0.6
Wyoming,WY,cl-ta,2021,1.0
Wyoming,WY,cl-tfn,2021,0.6
Wyoming,WY,cl-vol,2021,2.4
Wyoming,WY,cv-pm,2021,7.1
Wyoming,WY,fg-act,2021,-1.4
Wyoming,WY,fg-br,2021,0.4
Wyoming,WY,fg-play,2021,2.4
Wyoming,WY,fg-read,2021,15.7
Wyoming,WY,fg-sch,2021,2.2
Wyoming,WY,fg-yorg,2021,0.7
Wyoming,WY,fh-eat,2021,4.8
Wyoming,WY,fh-ed,2021,2.4
Wyoming,WY,fh-ma,2021,2.4
Wyoming,WY,fh-read,2021,0.3
Wyoming,WY,fh-spf,2021,0.4
Wyoming,WY,fh-time,2021,-0.3
Wyoming,WY,fh-tv,2021,0.0
Wyoming,WY,fh-uw,2021,2.3
Wyoming,WY,sc-born,2021,-0.4
Wyoming,WY,sc-eng-a,2021,3.4
Wyoming,WY,sc-eng-c,2021,4.0
Wyoming,WY,sc-mid,2021,3.3
Wyoming,WY,sm-em,2021,1.0
Wyoming,WY,sm-grad,2021,1.2
Wyoming,WY,sm-hr,2021,4.0
Wyoming,WY,sm-neet,2021,0.5
Wyoming,WY,st-fc,2021,2.8
Wyoming,WY,st-fc trust,2021,2.5
Wyoming,WY,st-fcc,2021,3.5
Wyoming,WY,st-vc,2021,3.5
Alabama,AL,Civic Engagement,2025,2.5
Alabama,AL,Community Life,2025,-3.4
Alabama,AL,Family Health,2025,5.2
Alabama,AL,Future Generations,2025,3.6
Alabama,AL,Social Cohesion,2025,10.8
Alabama,AL,Social Mobility,2025,8.8
Alabama,AL,Social Trust,2025,7.0
Alabama,AL,Total,2025,34.4
Alabama,AL,ce-ao,2025,1.9
Alabama,AL,ce-vt,2025,0.8
Alabama,AL,cl-cdd,2025,-1.9
Alabama,AL,cl-don,2025,-0.7
Alabama,AL,cl-mem,2025,0.2
Alabama,AL,cl-np,2025,0.7
Alabama,AL,cl-npo,2025,0.6
Alabama,AL,cl-porg,2025,0.7
Alabama,AL,cl-rel,2025,0.7
Alabama,AL,cl-ta,2025,-0.6
Alabama,AL,cl-tfn,2025,-3.4
Alabama,AL,cl-vol,2025,-0.8
Alabama,AL,cv-pm,2025,-0.2
Alabama,AL,fg-act,2025,0.1
Alabama,AL,fg-br,2025,0.4
Alabama,AL,fg-play,2025,0.6
Alabama,AL,fg-read,2025,0.9
Alabama,AL,fg-sch,2025,1.0
Alabama,AL,fg-yorg,2025,0.4
Alabama,AL,fh-eat,2025,3.3
Alabama,AL,fh-ed,2025,-0.4
Alabama,AL,fh-ma,2025,0.7
Alabama,AL,fh-read,2025,-0.2
Alabama,AL,fh-spf,2025,0.6
Alabama,AL,fh-time,2025,2.1
Alabama,AL,fh-tv,2025,0.0
Alabama,AL,fh-uw,2025,0.0
Alabama,AL,sc-born,2025,3.2
Alabama,AL,sc-eng-a,2025,3.3
Alabama,AL,sc-eng-c,2025,2.9
Alabama,AL,sc-mid,2025,1.4
Alabama,AL,sm-em,2025,2.1
Alabama,AL,sm-grad,2025,1.2
Alabama,AL,sm-hr,2025,3.6
Alabama,AL,sm-neet,2025,1.9
Alabama,AL,st-fc,2025,1.0
Alabama,AL,st-fc trust,2025,2.6
Alabama,AL,st-fcc,2025,1.7
Alabama,AL,st-vc,2025,1.7
Alaska,AK,Civic Engagement,2025,13.0
Alaska,AK,Community Life,2025,0.7
Alaska,AK,Family Health,2025,11.2
Alaska,AK,Future Generations,2025,9.1
Alaska,AK,Social Cohesion,2025,6.9
Alaska,AK,Social Mobility,2025,1.8
Alaska,AK,Social Trust,2025,6.2
Alaska,AK,Total,2025,48.9
Alaska,AK,ce-ao,2025,2.5
Alaska,AK,ce-vt,2025,5.7
Alaska,AK,cl-cdd,2025,-2.2
Alaska,AK,cl-don,2025,0.4
Alaska,AK,cl-mem,2025,1.8
Alaska,AK,cl-np,2025,0.3
Alaska,AK,cl-npo,2025,0.7
Alaska,AK,cl-porg,2025,0.7
Alaska,AK,cl-rel,2025,-1.1
Alaska,AK,cl-ta,2025,0.0
Alaska,AK,cl-tfn,2025,-3.6
Alaska,AK,cl-vol,2025,1.7
Alaska,AK,cv-pm,2025,4.8
Alaska,AK,fg-act,2025,5.5
Alaska,AK,fg-br,2025,1.2
Alaska,AK,fg-play,2025,0.7
Alaska,AK,fg-read,2025,-0.8
Alaska,AK,fg-sch,2025,3.1
Alaska,AK,fg-yorg,2025,1.0
Alaska,AK,fh-eat,2025,3.8
Alaska,AK,fh-ed,2025,1.2
Alaska,AK,fh-ma,2025,0.4
Alaska,AK,fh-read,2025,2.1
Alaska,AK,fh-spf,2025,1.2
Alaska,AK,fh-time,2025,2.8
Alaska,AK,fh-tv,2025,0.0
Alaska,AK,fh-uw,2025,1.6
Alaska,AK,sc-born,2025,-0.5
Alaska,AK,sc-eng-a,2025,2.4
Alaska,AK,sc-eng-c,2025,2.6
Alaska,AK,sc-mid,2025,2.5
Alaska,AK,sm-em,2025,-3.2
Alaska,AK,sm-grad,2025,2.1
Alaska,AK,sm-hr,2025,2.9
Alaska,AK,sm-neet,2025,0.0
Alaska,AK,st-fc,2025,4.0
Alaska,AK,st-fc trust,2025,2.3
Alaska,AK,st-fcc,2025,1.5
Alaska,AK,st-vc,2025,-1.5
Arizona,AZ,Civic Engagement,2025,6.7
Arizona,AZ,Community Life,2025,0.2
Arizona,AZ,Family Health,2025,6.5
Arizona,AZ,Future Generations,2025,-0.4
Arizona,AZ,Social Cohesion,2025,2.6
Arizona,AZ,Social Mobility,2025,6.8
Arizona,AZ,Social Trust,2025,12.0
Arizona,AZ,Total,2025,34.3
Arizona,AZ,ce-ao,2025,2.0
Arizona,AZ,ce-vt,2025,2.9
Arizona,AZ,cl-cdd,2025,-1.7
Arizona,AZ,cl-don,2025,0.5
Arizona,AZ,cl-mem,2025,0.5
Arizona,AZ,cl-np,2025,0.4
Arizona,AZ,cl-npo,2025,0.5
Arizona,AZ,cl-porg,2025,0.7
Arizona,AZ,cl-rel,2025,-0.3
Arizona,AZ,cl-ta,2025,-0.8
Arizona,AZ,cl-tfn,2025,-1.9
Arizona,AZ,cl-vol,2025,0.9
Arizona,AZ,cv-pm,2025,1.7
Arizona,AZ,fg-act,2025,2.6
Arizona,AZ,fg-br,2025,-0.2
Arizona,AZ,fg-play,2025,0.5
Arizona,AZ,fg-read,2025,1.1
Arizona,AZ,fg-sch,2025,-0.8
Arizona,AZ,fg-yorg,2025,0.2
Arizona,AZ,fh-eat,2025,1.5
Arizona,AZ,fh-ed,2025,0.5
Arizona,AZ,fh-ma,2025,0.7
Arizona,AZ,fh-read,2025,0.6
Arizona,AZ,fh-spf,2025,2.1
Arizona,AZ,fh-time,2025,1.0
Arizona,AZ,fh-tv,2025,0.0
Arizona,AZ,fh-uw,2025,0.1
Arizona,AZ,sc-born,2025,-1.0
Arizona,AZ,sc-eng-a,2025,0.8
Arizona,AZ,sc-eng-c,2025,1.0
Arizona,AZ,sc-mid,2025,1.9
Arizona,AZ,sm-em,2025,-0.1
Arizona,AZ,sm-grad,2025,2.5
Arizona,AZ,sm-hr,2025,2.6
Arizona,AZ,sm-neet,2025,1.7
Arizona,AZ,st-fc,2025,4.1
Arizona,AZ,st-fc trust,2025,4.1
Arizona,AZ,st-fcc,2025,2.2
Arizona,AZ,st-vc,2025,1.6
Arkansas,AR,Civic Engagement,2025,0.3
Arkansas,AR,Community Life,2025,-1.0
Arkansas,AR,Family Health,2025,5.0
Arkansas,AR,Future Generations,2025,3.2
Arkansas,AR,Social Cohesion,2025,9.7
Arkansas,AR,Social Mobility,2025,7.3
Arkansas,AR,Social Trust,2025,8.8
Arkansas,AR,Total,2025,33.3
Arkansas,AR,ce-ao,2025,1.9
Arkansas,AR,ce-vt,2025,-1.7
Arkansas,AR,cl-cdd,2025,-2.1
Arkansas,AR,cl-don,2025,0.1
Arkansas,AR,cl-mem,2025,0.0
Arkansas,AR,cl-np,2025,0.3
Arkansas,AR,cl-npo,2025,0.5
Arkansas,AR,cl-porg,2025,0.7
Arkansas,AR,cl-rel,2025,0.2
Arkansas,AR,cl-ta,2025,-0.5
Arkansas,AR,cl-tfn,2025,-2.5
Arkansas,AR,cl-vol,2025,0.6
Arkansas,AR,cv-pm,2025,0.1
Arkansas,AR,fg-act,2025,-0.4
Arkansas,AR,fg-br,2025,0.6
Arkansas,AR,fg-play,2025,0.4
Arkansas,AR,fg-read,2025,0.5
Arkansas,AR,fg-sch,2025,0.9
Arkansas,AR,fg-yorg,2025,0.3
Arkansas,AR,fh-eat,2025,3.3
Arkansas,AR,fh-ed,2025,0.0
Arkansas,AR,fh-ma,2025,0.8
Arkansas,AR,fh-read,2025,-0.1
Arkansas,AR,fh-spf,2025,0.7
Arkansas,AR,fh-time,2025,1.2
Arkansas,AR,fh-tv,2025,0.0
Arkansas,AR,fh-uw,2025,0.0
Arkansas,AR,sc-born,2025,2.2
Arkansas,AR,sc-eng-a,2025,2.8
Arkansas,AR,sc-eng-c,2025,2.9
Arkansas,AR,sc-mid,2025,1.7
Arkansas,AR,sm-em,2025,3.7
Arkansas,AR,sm-grad,2025,0.4
Arkansas,AR,sm-hr,2025,2.4
Arkansas,AR,sm-neet,2025,0.7
Arkansas,AR,st-fc,2025,3.0
Arkansas,AR,st-fc trust,2025,3.0
Arkansas,AR,st-fcc,2025,3.3
Arkansas,AR,st-vc,2025,-0.4
California,CA,Civic Engagement,2025,5.7
California,CA,Community Life,2025,-2.9
California,CA,Family Health,2025,1.0
California,CA,Future Generations,2025,4.1
California,CA,Social Cohesion,2025,-3.9
California,CA,Social Mobility,2025,6.2
California,CA,Social Trust,2025,11.5
California,CA,Total,2025,21.7
California,CA,ce-ao,2025,2.0
California,CA,ce-vt,2025,2.2
California,CA,cl-cdd,2025,-0.9
California,CA,cl-don,2025,-0.6
California,CA,cl-mem,2025,0.1
California,CA,cl-np,2025,0.3
California,CA,cl-npo,2025,0.6
California,CA,cl-porg,2025,0.7
California,CA,cl-rel,2025,-1.0
California,CA,cl-ta,2025,-1.1
California,CA,cl-tfn,2025,-1.6
California,CA,cl-vol,2025,-0.1
California,CA,cv-pm,2025,1.4
California,CA,fg-act,2025,1.1
California,CA,fg-br,2025,-0.4
California,CA,fg-play,2025,1.1
California,CA,fg-read,2025,1.0
California,CA,fg-sch,2025,0.7
California,CA,fg-yorg,2025,1.3
California,CA,fh-eat,2025,2.0
California,CA,fh-ed,2025,0.8
California,CA,fh-ma,2025,1.2
California,CA,fh-read,2025,1.1
California,CA,fh-spf,2025,5.0
California,CA,fh-time,2025,0.7
California,CA,fh-tv,2025,0.0
California,CA,fh-uw,2025,-9.6
California,CA,sc-born,2025,1.6
California,CA,sc-eng-a,2025,-3.5
California,CA,sc-eng-c,2025,-3.0
California,CA,sc-mid,2025,1.0
California,CA,sm-em,2025,0.9
California,CA,sm-grad,2025,3.7
California,CA,sm-hr,2025,-0.9
California,CA,sm-neet,2025,2.5
California,CA,st-fc,2025,3.9
California,CA,st-fc trust,2025,4.1
California,CA,st-fcc,2025,2.9
California,CA,st-vc,2025,0.7
Colorado,CO,Civic Engagement,2025,12.4
Colorado,CO,Community Life,2025,5.5
Colorado,CO,Family Health,2025,9.9
Colorado,CO,Future Generations,2025,11.1
Colorado,CO,Social Cohesion,2025,4.7
Colorado,CO,Social Mobility,2025,14.6
Colorado,CO,Social Trust,2025,14.5
Colorado,CO,Total,2025,72.8
Colorado,CO,ce-ao,2025,2.0
Colorado,CO,ce-vt,2025,7.3
Colorado,CO,cl-cdd,2025,-1.5
Colorado,CO,cl-don,2025,2.6
Colorado,CO,cl-mem,2025,0.9
Colorado,CO,cl-np,2025,0.9
Colorado,CO,cl-npo,2025,0.9
Colorado,CO,cl-porg,2025,0.7
Colorado,CO,cl-rel,2025,-1.0
Colorado,CO,cl-ta,2025,-0.3
Colorado,CO,cl-tfn,2025,0.2
Colorado,CO,cl-vol,2025,1.6
Colorado,CO,cv-pm,2025,3.1
Colorado,CO,fg-act,2025,0.8
Colorado,CO,fg-br,2025,-0.3
Colorado,CO,fg-play,2025,3.1
Colorado,CO,fg-read,2025,1.0
Colorado,CO,fg-sch,2025,0.1
Colorado,CO,fg-yorg,2025,4.4
Colorado,CO,fh-eat,2025,1.1
Colorado,CO,fh-ed,2025,1.7
Colorado,CO,fh-ma,2025,1.0
Colorado,CO,fh-read,2025,1.1
Colorado,CO,fh-spf,2025,1.3
Colorado,CO,fh-time,2025,0.4
Colorado,CO,fh-tv,2025,0.0
Colorado,CO,fh-uw,2025,3.3
Colorado,CO,sc-born,2025,-0.7
Colorado,CO,sc-eng-a,2025,1.9
Colorado,CO,sc-eng-c,2025,1.5
Colorado,CO,sc-mid,2025,2.1
Colorado,CO,sm-em,2025,1.4
Colorado,CO,sm-grad,2025,6.3
Colorado,CO,sm-hr,2025,2.6
Colorado,CO,sm-neet,2025,4.4
Colorado,CO,st-fc,2025,5.5
Colorado,CO,st-fc trust,2025,4.5
Colorado,CO,st-fcc,2025,3.5
Colorado,CO,st-vc,2025,1.0
Connecticut,CT,Civic Engagement,2025,10.4
Connecticut,CT,Community Life,2025,1.3
Connecticut,CT,Family Health,2025,7.5
Connecticut,CT,Future Generations,2025,-0.7
Connecticut,CT,Social Cohesion,2025,4.3
Connecticut,CT,Social Mobility,2025,14.1
Connecticut,CT,Social Trust,2025,14.2
Connecticut,CT,Total,2025,51.1
Connecticut,CT,ce-ao,2025,1.9
Connecticut,CT,ce-vt,2025,4.5
Connecticut,CT,cl-cdd,2025,-1.4
Connecticut,CT,cl-don,2025,2.0
Connecticut,CT,cl-mem,2025,0.0
Connecticut,CT,cl-np,2025,-0.1
Connecticut,CT,cl-npo,2025,0.5
Connecticut,CT,cl-porg,2025,0.7
Connecticut,CT,cl-rel,2025,-1.3
Connecticut,CT,cl-ta,2025,-1.3
Connecticut,CT,cl-tfn,2025,-1.4
Connecticut,CT,cl-vol,2025,2.1
Connecticut,CT,cv-pm,2025,4.0
Connecticut,CT,fg-act,2025,0.9
Connecticut,CT,fg-br,2025,-1.0
Connecticut,CT,fg-play,2025,-0.7
Connecticut,CT,fg-read,2025,-0.1
Connecticut,CT,fg-sch,2025,0.8
Connecticut,CT,fg-yorg,2025,0.4
Connecticut,CT,fh-eat,2025,0.6
Connecticut,CT,fh-ed,2025,0.4
Connecticut,CT,fh-ma,2025,0.7
Connecticut,CT,fh-read,2025,2.2
Connecticut,CT,fh-spf,2025,2.0
Connecticut,CT,fh-time,2025,1.4
Connecticut,CT,fh-tv,2025,0.0
Connecticut,CT,fh-uw,2025,1.5
Connecticut,CT,sc-born,2025,1.2
Connecticut,CT,sc-eng-a,2025,0.4
Connecticut,CT,sc-eng-c,2025,1.3
Connecticut,CT,sc-mid,2025,1.4
Connecticut,CT,sm-em,2025,2.1
Connecticut,CT,sm-grad,2025,5.3
Connecticut,CT,sm-hr,2025,2.8
Connecticut,CT,sm-neet,2025,3.9
Connecticut,CT,st-fc,2025,4.1
Connecticut,CT,st-fc trust,2025,3.1
Connecticut,CT,st-fcc,2025,2.8
Connecticut,CT,st-vc,2025,4.2
Delaware,DE,Civic Engagement,2025,9.1
Delaware,DE,Community Life,2025,2.1
Delaware,DE,Family Health,2025,3.6
Delaware,DE,Future Generations,2025,1.4
Delaware,DE,Social Cohesion,2025,4.1
Delaware,DE,Social Mobility,2025,13.5
Delaware,DE,Social Trust,2025,14.8
Delaware,DE,Total,2025,48.6
Delaware,DE,ce-ao,2025,1.9
Delaware,DE,ce-vt,2025,4.5
Delaware,DE,cl-cdd,2025,-1.7
Delaware,DE,cl-don,2025,0.4
Delaware,DE,cl-mem,2025,0.8
Delaware,DE,cl-np,2025,-0.1
Delaware,DE,cl-npo,2025,1.1
Delaware,DE,cl-porg,2025,0.7
Delaware,DE,cl-rel,2025,-0.1
Delaware,DE,cl-ta,2025,-0.9
Delaware,DE,cl-tfn,2025,-1.1
Delaware,DE,cl-vol,2025,1.2
Delaware,DE,cv-pm,2025,2.7
Delaware,DE,fg-act,2025,3.1
Delaware,DE,fg-br,2025,-0.6
Delaware,DE,fg-play,2025,0.1
Delaware,DE,fg-read,2025,0.2
Delaware,DE,fg-sch,2025,1.1
Delaware,DE,fg-yorg,2025,0.4
Delaware,DE,fh-eat,2025,-2.0
Delaware,DE,fh-ed,2025,-0.2
Delaware,DE,fh-ma,2025,1.2
Delaware,DE,fh-read,2025,0.4
Delaware,DE,fh-spf,2025,2.3
Delaware,DE,fh-time,2025,2.7
Delaware,DE,fh-tv,2025,0.0
Delaware,DE,fh-uw,2025,-0.2
Delaware,DE,sc-born,2025,-0.6
Delaware,DE,sc-eng-a,2025,1.9
Delaware,DE,sc-eng-c,2025,0.4
Delaware,DE,sc-mid,2025,2.3
Delaware,DE,sm-em,2025,1.9
Delaware,DE,sm-grad,2025,3.4
Delaware,DE,sm-hr,2025,4.6
Delaware,DE,sm-neet,2025,3.5
Delaware,DE,st-fc,2025,5.6
Delaware,DE,st-fc trust,2025,4.0
Delaware,DE,st-fcc,2025,3.3
Delaware,DE,st-vc,2025,1.9
District of Columbia,DC,Community Life,2025,10.3
District of Columbia,DC,Family Health,2025,-2.3
District of Columbia,DC,Future Generations,2025,25.6
District of Columbia,DC,Social Mobility,2025,15.6
District of Columbia,DC,Social Trust,2025,-22.6
District of Columbia,DC,ce-ao,2025,19.0
District of Columbia,DC,ce-vt,2025,2.9
District of Columbia,DC,cl-cdd,2025,-0.3
District of Columbia,DC,cl-don,2025,2.4
District of Columbia,DC,cl-mem,2025,2.1
District of Columbia,DC,cl-np,2025,3.3
District of Columbia,DC,cl-npo,2025,4.7
District of Columbia,DC,cl-porg,2025,2.4
District of Columbia,DC,cl-rel,2025,-1.2
District of Columbia,DC,cl-ta,2025,-4.2
District of Columbia,DC,cl-tfn,2025,1.9
District of Columbia,DC,cl-vol,2025,2.1
District of Columbia,DC,fg-act,2025,-0.2
District of Columbia,DC,fg-br,2025,0.7
District of Columbia,DC,fg-play,2025,3.7
District of Columbia,DC,fg-read,2025,1.5
District of Columbia,DC,fg-sch,2025,2.8
District of Columbia,DC,fg-yorg,2025,9.8
District of Columbia,DC,fh-eat,2025,2.5
District of Columbia,DC,fh-ed,2025,2.3
District of Columbia,DC,fh-ma,2025,-4.9
District of Columbia,DC,fh-read,2025,5.4
District of Columbia,DC,fh-spf,2025,-2.4
District of Columbia,DC,fh-time,2025,-5.5
District of Columbia,DC,fh-tv,2025,0.0
District of Columbia,DC,fh-uw,2025,-0.1
District of Columbia,DC,sc-born,2025,-1.9
District of Columbia,DC,sc-eng-a,2025,2.1
District of Columbia,DC,sc-eng-c,2025,0.9
District of Columbia,DC,sm-em,2025,7.6
District of Columbia,DC,sm-grad,2025,12.0
District of Columbia,DC,sm-hr,2025,-5.1
District of Columbia,DC,sm-neet,2025,1.0
District of Columbia,DC,st-fc,2025,-5.3
District of Columbia,DC,st-fc trust,2025,-3.3
District of Columbia,DC,st-fcc,2025,-8.4
District of Columbia,DC,st-vc,2025,-5.6
Florida,FL,Civic Engagement,2025,8.3
Florida,FL,Community Life,2025,-3.4
Florida,FL,Family Health,2025,5.2
Florida,FL,Future Generations,2025,-0.1
Florida,FL,Social Cohesion,2025,-1.5
Florida,FL,Social Mobility,2025,7.4
Florida,FL,Social Trust,2025,10.4
Florida,FL,Total,2025,26.3
Florida,FL,ce-ao,2025,2.3
Florida,FL,ce-vt,2025,4.4
Florida,FL,cl-cdd,2025,-1.9
Florida,FL,cl-don,2025,-1.0
Florida,FL,cl-mem,2025,0.7
Florida,FL,cl-np,2025,0.7
Florida,FL,cl-npo,2025,0.5
Florida,FL,cl-porg,2025,0.7
Florida,FL,cl-rel,2025,-0.7
Florida,FL,cl-ta,2025,-1.0
Florida,FL,cl-tfn,2025,-2.1
Florida,FL,cl-vol,2025,-0.5
Florida,FL,cv-pm,2025,1.6
Florida,FL,fg-act,2025,0.6
Florida,FL,fg-br,2025,-0.8
Florida,FL,fg-play,2025,1.2
Florida,FL,fg-read,2025,0.6
Florida,FL,fg-sch,2025,-1.2
Florida,FL,fg-yorg,2025,0.7
Florida,FL,fh-eat,2025,1.2
Florida,FL,fh-ed,2025,-0.4
Florida,FL,fh-ma,2025,0.9
Florida,FL,fh-read,2025,0.6
Florida,FL,fh-spf,2025,2.3
Florida,FL,fh-time,2025,1.4
Florida,FL,fh-tv,2025,0.0
Florida,FL,fh-uw,2025,0.0
Florida,FL,sc-born,2025,-1.7
Florida,FL,sc-eng-a,2025,-1.1
Florida,FL,sc-eng-c,2025,-0.3
Florida,FL,sc-mid,2025,1.7
Florida,FL,sm-em,2025,-0.2
Florida,FL,sm-grad,2025,2.9
Florida,FL,sm-hr,2025,2.5
Florida,FL,sm-neet,2025,2.3
Florida,FL,st-fc,2025,1.9
Florida,FL,st-fc trust,2025,3.0
Florida,FL,st-fcc,2025,2.7
Florida,FL,st-vc,2025,2.8
Georgia,GA,Civic Engagement,2025,11.1
Georgia,GA,Community Life,2025,-0.6
Georgia,GA,Family Health,2025,4.1
Georgia,GA,Future Generations,2025,5.2
Georgia,GA,Social Cohesion,2025,5.8
Georgia,GA,Social Mobility,2025,7.8
Georgia,GA,Social Trust,2025,11.9
Georgia,GA,Total,2025,45.3
Georgia,GA,ce-ao,2025,2.0
Georgia,GA,ce-vt,2025,5.1
Georgia,GA,cl-cdd,2025,-1.4
Georgia,GA,cl-don,2025,-0.3
Georgia,GA,cl-mem,2025,1.2
Georgia,GA,cl-np,2025,4.0
Georgia,GA,cl-npo,2025,0.6
Georgia,GA,cl-porg,2025,0.7
Georgia,GA,cl-rel,2025,-0.1
Georgia,GA,cl-ta,2025,-1.7
Georgia,GA,cl-tfn,2025,-1.5
Georgia,GA,cl-vol,2025,0.4
Georgia,GA,cv-pm,2025,4.0
Georgia,GA,fg-act,2025,-0.2
Georgia,GA,fg-br,2025,0.4
Georgia,GA,fg-play,2025,0.4
Georgia,GA,fg-read,2025,0.0
Georgia,GA,fg-sch,2025,1.2
Georgia,GA,fg-yorg,2025,1.5
Georgia,GA,fh-eat,2025,2.2
Georgia,GA,fh-ed,2025,0.9
Georgia,GA,fh-ma,2025,0.8
Georgia,GA,fh-read,2025,-0.6
Georgia,GA,fh-spf,2025,2.1
Georgia,GA,fh-time,2025,-0.5
Georgia,GA,fh-tv,2025,0.0
Georgia,GA,fh-uw,2025,-0.1
Georgia,GA,sc-born,2025,1.1
Georgia,GA,sc-eng-a,2025,1.8
Georgia,GA,sc-eng-c,2025,1.4
Georgia,GA,sc-mid,2025,1.5
Georgia,GA,sm-em,2025,0.7
Georgia,GA,sm-grad,2025,3.1
Georgia,GA,sm-hr,2025,2.4
Georgia,GA,sm-neet,2025,1.6
Georgia,GA,st-fc,2025,3.5
Georgia,GA,st-fc trust,2025,3.6
Georgia,GA,st-fcc,2025,2.6
Georgia,GA,st-vc,2025,2.2
Hawaii,HI,Civic Engagement,2025,2.2
Hawaii,HI,Community Life,2025,-1.6
Hawaii,HI,Family Health,2025,10.8
Hawaii,HI,Future Generations,2025,3.1
Hawaii,HI,Social Cohesion,2025,3.3
Hawaii,HI,Social Mobility,2025,8.7
Hawaii,HI,Social Trust,2025,14.0
Hawaii,HI,Total,2025,40.5
Hawaii,HI,ce-ao,2025,2.1
Hawaii,HI,ce-vt,2025,-3.2
Hawaii,HI,cl-cdd,2025,-1.5
Hawaii,HI,cl-don,2025,1.9
Hawaii,HI,cl-mem,2025,-0.3
Hawaii,HI,cl-np,2025,0.0
Hawaii,HI,cl-npo,2025,0.6
Hawaii,HI,cl-porg,2025,0.7
Hawaii,HI,cl-rel,2025,-1.3
Hawaii,HI,cl-ta,2025,-0.3
Hawaii,HI,cl-tfn,2025,-3.4
Hawaii,HI,cl-vol,2025,0.6
Hawaii,HI,cv-pm,2025,3.3
Hawaii,HI,fg-act,2025,-0.4
Hawaii,HI,fg-br,2025,-0.4
Hawaii,HI,fg-play,2025,2.3
Hawaii,HI,fg-read,2025,-0.5
Hawaii,HI,fg-sch,2025,-0.4
Hawaii,HI,fg-yorg,2025,0.6
Hawaii,HI,fh-eat,2025,2.7
Hawaii,HI,fh-ed,2025,-1.3
Hawaii,HI,fh-ma,2025,1.7
Hawaii,HI,fh-read,2025,0.0
Hawaii,HI,fh-spf,2025,5.5
Hawaii,HI,fh-time,2025,3.0
Hawaii,HI,fh-tv,2025,0.0
Hawaii,HI,fh-uw,2025,0.9
Hawaii,HI,sc-born,2025,1.1
Hawaii,HI,sc-eng-a,2025,-0.6
Hawaii,HI,sc-eng-c,2025,0.5
Hawaii,HI,sc-mid,2025,2.3
Hawaii,HI,sm-em,2025,1.4
Hawaii,HI,sm-grad,2025,3.5
Hawaii,HI,sm-hr,2025,1.4
Hawaii,HI,sm-neet,2025,2.3
Hawaii,HI,st-fc,2025,5.0
Hawaii,HI,st-fc trust,2025,3.4
Hawaii,HI,st-fcc,2025,1.8
Hawaii,HI,st-vc,2025,3.8
Idaho,ID,Civic Engagement,2025,9.3
Idaho,ID,Community Life,2025,6.1
Idaho,ID,Family Health,2025,13.9
Idaho,ID,Future Generations,2025,2.8
Idaho,ID,Social Cohesion,2025,8.3
Idaho,ID,Social Mobility,2025,9.3
Idaho,ID,Social Trust,2025,14.0
Idaho,ID,Total,2025,63.7
Idaho,ID,ce-ao,2025,1.9
Idaho,ID,ce-vt,2025,2.9
Idaho,ID,cl-cdd,2025,-1.8
Idaho,ID,cl-don,2025,1.7
Idaho,ID,cl-mem,2025,1.0
Idaho,ID,cl-np,2025,0.1
Idaho,ID,cl-npo,2025,0.5
Idaho,ID,cl-porg,2025,0.7
Idaho,ID,cl-rel,2025,0.7
Idaho,ID,cl-ta,2025,0.8
Idaho,ID,cl-tfn,2025,-0.9
Idaho,ID,cl-vol,2025,1.6
Idaho,ID,cv-pm,2025,4.5
Idaho,ID,fg-act,2025,1.4
Idaho,ID,fg-br,2025,0.5
Idaho,ID,fg-play,2025,1.9
Idaho,ID,fg-read,2025,3.5
Idaho,ID,fg-sch,2025,-1.0
Idaho,ID,fg-yorg,2025,0.4
Idaho,ID,fh-eat,2025,1.6
Idaho,ID,fh-ed,2025,1.5
Idaho,ID,fh-ma,2025,2.8
Idaho,ID,fh-read,2025,0.4
Idaho,ID,fh-spf,2025,2.1
Idaho,ID,fh-time,2025,2.5
Idaho,ID,fh-tv,2025,0.0
Idaho,ID,fh-uw,2025,3.0
Idaho,ID,sc-born,2025,-0.4
Idaho,ID,sc-eng-a,2025,2.7
Idaho,ID,sc-eng-c,2025,3.0
Idaho,ID,sc-mid,2025,3.0
Idaho,ID,sm-em,2025,1.1
Idaho,ID,sm-grad,2025,2.1
Idaho,ID,sm-hr,2025,4.3
Idaho,ID,sm-neet,2025,1.7
Idaho,ID,st-fc,2025,3.8
Idaho,ID,st-fc trust,2025,4.1
Idaho,ID,st-fcc,2025,2.8
Idaho,ID,st-vc,2025,3.4
Illinois,IL,Civic Engagement,2025,8.7
Illinois,IL,Community Life,2025,1.2
Illinois,IL,Family Health,2025,5.8
Illinois,IL,Future Generations,2025,7.6
Illinois,IL,Social Cohesion,2025,5.2
Illinois,IL,Social Mobility,2025,10.4
Illinois,IL,Social Trust,2025,11.2
Illinois,IL,Total,2025,50.2
Illinois,IL,ce-ao,2025,2.0
Illinois,IL,ce-vt,2025,2.8
Illinois,IL,cl-cdd,2025,-1.7
Illinois,IL,cl-don,2025,0.6
Illinois,IL,cl-mem,2025,1.0
Illinois,IL,cl-np,2025,0.7
Illinois,IL,cl-npo,2025,0.8
Illinois,IL,cl-porg,2025,0.7
Illinois,IL,cl-rel,2025,-0.4
Illinois,IL,cl-ta,2025,-1.1
Illinois,IL,cl-tfn,2025,-1.4
Illinois,IL,cl-vol,2025,1.0
Illinois,IL,cv-pm,2025,4.0
Illinois,IL,fg-act,2025,2.2
Illinois,IL,fg-br,2025,-0.7
Illinois,IL,fg-play,2025,2.1
Illinois,IL,fg-read,2025,1.2
Illinois,IL,fg-sch,2025,3.0
Illinois,IL,fg-yorg,2025,0.7
Illinois,IL,fh-eat,2025,0.8
Illinois,IL,fh-ed,2025,0.6
Illinois,IL,fh-ma,2025,0.3
Illinois,IL,fh-read,2025,2.0
Illinois,IL,fh-spf,2025,1.5
Illinois,IL,fh-time,2025,0.4
Illinois,IL,fh-tv,2025,0.0
Illinois,IL,fh-uw,2025,1.1
Illinois,IL,sc-born,2025,3.2
Illinois,IL,sc-eng-a,2025,0.3
Illinois,IL,sc-eng-c,2025,0.4
Illinois,IL,sc-mid,2025,1.3
Illinois,IL,sm-em,2025,0.2
Illinois,IL,sm-grad,2025,3.9
Illinois,IL,sm-hr,2025,3.3
Illinois,IL,sm-neet,2025,2.9
Illinois,IL,st-fc,2025,4.0
Illinois,IL,st-fc trust,2025,3.1
Illinois,IL,st-fcc,2025,1.6
Illinois,IL,st-vc,2025,2.6
Indiana,IN,Civic Engagement,2025,3.7
Indiana,IN,Community Life,2025,1.4
Indiana,IN,Family Health,2025,6.6
Indiana,IN,Future Generations,2025,3.3
Indiana,IN,Social Cohesion,2025,10.1
Indiana,IN,Social Mobility,2025,10.1
Indiana,IN,Social Trust,2025,12.7
Indiana,IN,Total,2025,47.8
Indiana,IN,ce-ao,2025,1.9
Indiana,IN,ce-vt,2025,0.6
Indiana,IN,cl-cdd,2025,-2.2
Indiana,IN,cl-don,2025,0.5
Indiana,IN,cl-mem,2025,0.9
Indiana,IN,cl-np,2025,0.5
Indiana,IN,cl-npo,2025,0.8
Indiana,IN,cl-porg,2025,0.7
Indiana,IN,cl-rel,2025,0.3
Indiana,IN,cl-ta,2025,-0.8
Indiana,IN,cl-tfn,2025,-2.3
Indiana,IN,cl-vol,2025,1.2
Indiana,IN,cv-pm,2025,1.1
Indiana,IN,fg-act,2025,1.3
Indiana,IN,fg-br,2025,0.6
Indiana,IN,fg-play,2025,-0.3
Indiana,IN,fg-read,2025,1.3
Indiana,IN,fg-sch,2025,0.9
Indiana,IN,fg-yorg,2025,1.0
Indiana,IN,fh-eat,2025,1.6
Indiana,IN,fh-ed,2025,1.9
Indiana,IN,fh-ma,2025,0.9
Indiana,IN,fh-read,2025,-0.2
Indiana,IN,fh-spf,2025,0.9
Indiana,IN,fh-time,2025,2.0
Indiana,IN,fh-tv,2025,0.0
Indiana,IN,fh-uw,2025,0.6
Indiana,IN,sc-born,2025,3.3
Indiana,IN,sc-eng-a,2025,2.7
Indiana,IN,sc-eng-c,2025,2.0
Indiana,IN,sc-mid,2025,2.1
Indiana,IN,sm-em,2025,0.8
Indiana,IN,sm-grad,2025,1.6
Indiana,IN,sm-hr,2025,4.1
Indiana,IN,sm-neet,2025,3.6
Indiana,IN,st-fc,2025,4.6
Indiana,IN,st-fc trust,2025,3.4
Indiana,IN,st-fcc,2025,2.3
Indiana,IN,st-vc,2025,2.4
Iowa,IA,Civic Engagement,2025,10.6
Iowa,IA,Community Life,2025,0.8
Iowa,IA,Family Health,2025,5.1
Iowa,IA,Future Generations,2025,5.2
Iowa,IA,Social Cohesion,2025,11.4
Iowa,IA,Social Mobility,2025,14.5
Iowa,IA,Social Trust,2025,12.7
Iowa,IA,Total,2025,60.2
Iowa,IA,ce-ao,2025,1.9
Iowa,IA,ce-vt,2025,6.2
Iowa,IA,cl-cdd,2025,-2.1
Iowa,IA,cl-don,2025,0.7
Iowa,IA,cl-mem,2025,0.4
Iowa,IA,cl-np,2025,1.0
Iowa,IA,cl-npo,2025,0.5
Iowa,IA,cl-porg,2025,0.7
Iowa,IA,cl-rel,2025,-0.9
Iowa,IA,cl-ta,2025,-1.0
Iowa,IA,cl-tfn,2025,-1.1
Iowa,IA,cl-vol,2025,1.5
Iowa,IA,cv-pm,2025,2.4
Iowa,IA,fg-act,2025,0.7
Iowa,IA,fg-br,2025,0.4
Iowa,IA,fg-play,2025,1.1
Iowa,IA,fg-read,2025,1.6
Iowa,IA,fg-sch,2025,1.8
Iowa,IA,fg-yorg,2025,0.3
Iowa,IA,fh-eat,2025,0.6
Iowa,IA,fh-ed,2025,0.7
Iowa,IA,fh-ma,2025,1.3
Iowa,IA,fh-read,2025,1.5
Iowa,IA,fh-spf,2025,0.0
Iowa,IA,fh-time,2025,0.0
Iowa,IA,fh-tv,2025,0.0
Iowa,IA,fh-uw,2025,1.7
Iowa,IA,sc-born,2025,3.7
Iowa,IA,sc-eng-a,2025,2.7
Iowa,IA,sc-eng-c,2025,2.4
Iowa,IA,sc-mid,2025,2.6
Iowa,IA,sm-em,2025,2.9
Iowa,IA,sm-grad,2025,1.9
Iowa,IA,sm-hr,2025,4.6
Iowa,IA,sm-neet,2025,5.1
Iowa,IA,st-fc,2025,4.0
Iowa,IA,st-fc trust,2025,2.6
Iowa,IA,st-fcc,2025,3.1
Iowa,IA,st-vc,2025,2.9
Kansas,KS,Civic Engagement,2025,9.2
Kansas,KS,Community Life,2025,3.9
Kansas,KS,Family Health,2025,7.9
Kansas,KS,Future Generations,2025,4.0
Kansas,KS,Social Cohesion,2025,8.4
Kansas,KS,Social Mobility,2025,12.2
Kansas,KS,Social Trust,2025,11.7
Kansas,KS,Total,2025,57.2
Kansas,KS,ce-ao,2025,1.9
Kansas,KS,ce-vt,2025,2.7
Kansas,KS,cl-cdd,2025,-2.0
Kansas,KS,cl-don,2025,1.3
Kansas,KS,cl-mem,2025,0.6
Kansas,KS,cl-np,2025,0.3
Kansas,KS,cl-npo,2025,0.5
Kansas,KS,cl-porg,2025,0.7
Kansas,KS,cl-rel,2025,0.7
Kansas,KS,cl-ta,2025,-0.4
Kansas,KS,cl-tfn,2025,-2.0
Kansas,KS,cl-vol,2025,2.4
Kansas,KS,cv-pm,2025,4.5
Kansas,KS,fg-act,2025,1.7
Kansas,KS,fg-br,2025,0.6
Kansas,KS,fg-play,2025,0.3
Kansas,KS,fg-read,2025,1.2
Kansas,KS,fg-sch,2025,1.5
Kansas,KS,fg-yorg,2025,0.2
Kansas,KS,fh-eat,2025,2.3
Kansas,KS,fh-ed,2025,0.7
Kansas,KS,fh-ma,2025,1.5
Kansas,KS,fh-read,2025,1.4
Kansas,KS,fh-spf,2025,0.7
Kansas,KS,fh-time,2025,0.7
Kansas,KS,fh-tv,2025,0.0
Kansas,KS,fh-uw,2025,1.8
Kansas,KS,sc-born,2025,2.1
Kansas,KS,sc-eng-a,2025,2.2
Kansas,KS,sc-eng-c,2025,2.1
Kansas,KS,sc-mid,2025,2.0
Kansas,KS,sm-em,2025,1.3
Kansas,KS,sm-grad,2025,3.2
Kansas,KS,sm-hr,2025,3.1
Kansas,KS,sm-neet,2025,4.7
Kansas,KS,st-fc,2025,4.3
Kansas,KS,st-fc trust,2025,3.4
Kansas,KS,st-fcc,2025,2.5
Kansas,KS,st-vc,2025,1.4
Kentucky,KY,Civic Engagement,2025,4.2
Kentucky,KY,Community Life,2025,-0.1
Kentucky,KY,Family Health,2025,5.1
Kentucky,KY,Future Generations,2025,4.7
Kentucky,KY,Social Cohesion,2025,10.5
Kentucky,KY,Social Mobility,2025,8.4
Kentucky,KY,Social Trust,2025,10.7
Kentucky,KY,Total,2025,43.6
Kentucky,KY,ce-ao,2025,1.9
Kentucky,KY,ce-vt,2025,2.3
Kentucky,KY,cl-cdd,2025,-2.2
Kentucky,KY,cl-don,2025,0.3
Kentucky,KY,cl-mem,2025,-0.2
Kentucky,KY,cl-np,2025,0.4
Kentucky,KY,cl-npo,2025,0.6
Kentucky,KY,cl-porg,2025,0.7
Kentucky,KY,cl-rel,2025,0.3
Kentucky,KY,cl-ta,2025,0.1
Kentucky,KY,cl-tfn,2025,-2.2
Kentucky,KY,cl-vol,2025,0.3
Kentucky,KY,cv-pm,2025,0.0
Kentucky,KY,fg-act,2025,3.1
Kentucky,KY,fg-br,2025,0.6
Kentucky,KY,fg-play,2025,0.3
Kentucky,KY,fg-read,2025,0.2
Kentucky,KY,fg-sch,2025,2.2
Kentucky,KY,fg-yorg,2025,0.1
Kentucky,KY,fh-eat,2025,0.9
Kentucky,KY,fh-ed,2025,0.2
Kentucky,KY,fh-ma,2025,0.9
Kentucky,KY,fh-read,2025,0.9
Kentucky,KY,fh-spf,2025,0.7
Kentucky,KY,fh-time,2025,1.8
Kentucky,KY,fh-tv,2025,0.0
Kentucky,KY,fh-uw,2025,0.6
Kentucky,KY,sc-born,2025,3.5
Kentucky,KY,sc-eng-a,2025,3.2
Kentucky,KY,sc-eng-c,2025,2.6
Kentucky,KY,sc-mid,2025,1.3
Kentucky,KY,sm-em,2025,2.7
Kentucky,KY,sm-grad,2025,0.9
Kentucky,KY,sm-hr,2025,3.3
Kentucky,KY,sm-neet,2025,1.5
Kentucky,KY,st-fc,2025,3.5
Kentucky,KY,st-fc trust,2025,1.6
Kentucky,KY,st-fcc,2025,2.2
Kentucky,KY,st-vc,2025,3.4
Louisiana,LA,Civic Engagement,2025,3.3
Louisiana,LA,Community Life,2025,-1.5
Louisiana,LA,Family Health,2025,-3.0
Louisiana,LA,Future Generations,2025,4.8
Louisiana,LA,Social Cohesion,2025,11.1
Louisiana,LA,Social Mobility,2025,5.7
Louisiana,LA,Social Trust,2025,1.7
Louisiana,LA,Total,2025,22.0
Louisiana,LA,ce-ao,2025,2.1
Louisiana,LA,ce-vt,2025,1.6
Louisiana,LA,cl-cdd,2025,-2.0
Louisiana,LA,cl-don,2025,-0.5
Louisiana,LA,cl-mem,2025,0.8
Louisiana,LA,cl-np,2025,0.1
Louisiana,LA,cl-npo,2025,0.5
Louisiana,LA,cl-porg,2025,0.7
Louisiana,LA,cl-rel,2025,0.7
Louisiana,LA,cl-ta,2025,-1.4
Louisiana,LA,cl-tfn,2025,-2.0
Louisiana,LA,cl-vol,2025,-0.3
Louisiana,LA,cv-pm,2025,-0.4
Louisiana,LA,fg-act,2025,0.0
Louisiana,LA,fg-br,2025,1.0
Louisiana,LA,fg-play,2025,1.2
Louisiana,LA,fg-read,2025,1.4
Louisiana,LA,fg-sch,2025,0.8
Louisiana,LA,fg-yorg,2025,0.2
Louisiana,LA,fh-eat,2025,1.4
Louisiana,LA,fh-ed,2025,-0.8
Louisiana,LA,fh-ma,2025,-0.5
Louisiana,LA,fh-read,2025,-1.0
Louisiana,LA,fh-spf,2025,0.4
Louisiana,LA,fh-time,2025,-1.4
Louisiana,LA,fh-tv,2025,0.0
Louisiana,LA,fh-uw,2025,-1.7
Louisiana,LA,sc-born,2025,4.9
Louisiana,LA,sc-eng-a,2025,2.9
Louisiana,LA,sc-eng-c,2025,2.7
Louisiana,LA,sc-mid,2025,0.6
Louisiana,LA,sm-em,2025,2.6
Louisiana,LA,sm-grad,2025,0.6
Louisiana,LA,sm-hr,2025,2.9
Louisiana,LA,sm-neet,2025,-0.4
Louisiana,LA,st-fc,2025,0.7
Louisiana,LA,st-fc trust,2025,1.5
Louisiana,LA,st-fcc,2025,-0.7
Louisiana,LA,st-vc,2025,0.3
Maine,ME,Civic Engagement,2025,17.3
Maine,ME,Community Life,2025,-0.8
Maine,ME,Family Health,2025,11.7
Maine,ME,Future Generations,2025,-1.6
Maine,ME,Social Cohesion,2025,12.2
Maine,ME,Social Mobility,2025,14.5
Maine,ME,Social Trust,2025,16.1
Maine,ME,Total,2025,69.3
Maine,ME,ce-ao,2025,2.0
Maine,ME,ce-vt,2025,7.8
Maine,ME,cl-cdd,2025,-2.2
Maine,ME,cl-don,2025,0.7
Maine,ME,cl-mem,2025,1.8
Maine,ME,cl-np,2025,0.0
Maine,ME,cl-npo,2025,0.6
Maine,ME,cl-porg,2025,0.7
Maine,ME,cl-rel,2025,-1.5
Maine,ME,cl-ta,2025,-2.6
Maine,ME,cl-tfn,2025,-2.2
Maine,ME,cl-vol,2025,1.5
Maine,ME,cv-pm,2025,7.6
Maine,ME,fg-act,2025,0.1
Maine,ME,fg-br,2025,-2.1
Maine,ME,fg-play,2025,-0.5
Maine,ME,fg-read,2025,2.4
Maine,ME,fg-sch,2025,0.5
Maine,ME,fg-yorg,2025,1.0
Maine,ME,fh-eat,2025,1.6
Maine,ME,fh-ed,2025,2.4
Maine,ME,fh-ma,2025,1.3
Maine,ME,fh-read,2025,4.2
Maine,ME,fh-spf,2025,0.7
Maine,ME,fh-time,2025,1.7
Maine,ME,fh-tv,2025,0.0
Maine,ME,fh-uw,2025,1.7
Maine,ME,sc-born,2025,2.0
Maine,ME,sc-eng-a,2025,3.7
Maine,ME,sc-eng-c,2025,3.9
Maine,ME,sc-mid,2025,2.7
Maine,ME,sm-em,2025,1.4
Maine,ME,sm-grad,2025,3.5
Maine,ME,sm-hr,2025,5.1
Maine,ME,sm-neet,2025,4.4
Maine,ME,st-fc,2025,4.1
Maine,ME,st-fc trust,2025,4.0
Maine,ME,st-fcc,2025,3.3
Maine,ME,st-vc,2025,4.6
Maryland,MD,Civic Engagement,2025,10.7
Maryland,MD,Community Life,2025,3.0
Maryland,MD,Family Health,2025,4.0
Maryland,MD,Future Generations,2025,4.9
Maryland,MD,Social Cohesion,2025,3.0
Maryland,MD,Social Mobility,2025,13.1
Maryland,MD,Social Trust,2025,11.5
Maryland,MD,Total,2025,50.2
Maryland,MD,ce-ao,2025,2.0
Maryland,MD,ce-vt,2025,5.5
Maryland,MD,cl-cdd,2025,-0.2
Maryland,MD,cl-don,2025,1.7
Maryland,MD,cl-mem,2025,1.8
Maryland,MD,cl-np,2025,0.3
Maryland,MD,cl-npo,2025,0.7
Maryland,MD,cl-porg,2025,0.7
Maryland,MD,cl-rel,2025,-0.5
Maryland,MD,cl-ta,2025,-1.2
Maryland,MD,cl-tfn,2025,-1.7
Maryland,MD,cl-vol,2025,1.4
Maryland,MD,cv-pm,2025,3.2
Maryland,MD,fg-act,2025,1.8
Maryland,MD,fg-br,2025,-0.2
Maryland,MD,fg-play,2025,1.8
Maryland,MD,fg-read,2025,1.0
Maryland,MD,fg-sch,2025,1.3
Maryland,MD,fg-yorg,2025,0.4
Maryland,MD,fh-eat,2025,-0.3
Maryland,MD,fh-ed,2025,-0.1
Maryland,MD,fh-ma,2025,0.6
Maryland,MD,fh-read,2025,1.6
Maryland,MD,fh-spf,2025,2.2
Maryland,MD,fh-time,2025,-0.3
Maryland,MD,fh-tv,2025,0.0
Maryland,MD,fh-uw,2025,0.9
Maryland,MD,sc-born,2025,0.2
Maryland,MD,sc-eng-a,2025,0.9
Maryland,MD,sc-eng-c,2025,0.2
Maryland,MD,sc-mid,2025,1.8
Maryland,MD,sm-em,2025,1.9
Maryland,MD,sm-grad,2025,5.5
Maryland,MD,sm-hr,2025,3.2
Maryland,MD,sm-neet,2025,2.5
Maryland,MD,st-fc,2025,3.7
Maryland,MD,st-fc trust,2025,3.5
Maryland,MD,st-fcc,2025,2.8
Maryland,MD,st-vc,2025,1.5
Massachusetts,MA,Civic Engagement,2025,-1.0
Massachusetts,MA,Community Life,2025,2.7
Massachusetts,MA,Family Health,2025,7.0
Massachusetts,MA,Future Generations,2025,0.1
Massachusetts,MA,Social Cohesion,2025,2.8
Massachusetts,MA,Social Mobility,2025,16.9
Massachusetts,MA,Social Trust,2025,11.7
Massachusetts,MA,Total,2025,40.2
Massachusetts,MA,ce-ao,2025,2.0
Massachusetts,MA,ce-vt,2025,-8.8
Massachusetts,MA,cl-cdd,2025,-1.4
Massachusetts,MA,cl-don,2025,1.4
Massachusetts,MA,cl-mem,2025,0.8
Massachusetts,MA,cl-np,2025,0.1
Massachusetts,MA,cl-npo,2025,1.2
Massachusetts,MA,cl-porg,2025,0.7
Massachusetts,MA,cl-rel,2025,-1.7
Massachusetts,MA,cl-ta,2025,-1.3
Massachusetts,MA,cl-tfn,2025,-0.1
Massachusetts,MA,cl-vol,2025,1.7
Massachusetts,MA,cv-pm,2025,5.9
Massachusetts,MA,fg-act,2025,0.7
Massachusetts,MA,fg-br,2025,-1.0
Massachusetts,MA,fg-play,2025,-0.6
Massachusetts,MA,fg-read,2025,1.4
Massachusetts,MA,fg-sch,2025,0.5
Massachusetts,MA,fg-yorg,2025,1.2
Massachusetts,MA,fh-eat,2025,-0.3
Massachusetts,MA,fh-ed,2025,1.4
Massachusetts,MA,fh-ma,2025,0.4
Massachusetts,MA,fh-read,2025,2.8
Massachusetts,MA,fh-spf,2025,2.1
Massachusetts,MA,fh-time,2025,-0.5
Massachusetts,MA,fh-tv,2025,0.0
Massachusetts,MA,fh-uw,2025,2.2
Massachusetts,MA,sc-born,2025,1.9
Massachusetts,MA,sc-eng-a,2025,0.0
Massachusetts,MA,sc-eng-c,2025,0.0
Massachusetts,MA,sc-mid,2025,0.8
Massachusetts,MA,sm-em,2025,3.5
Massachusetts,MA,sm-grad,2025,6.7
Massachusetts,MA,sm-hr,2025,1.8
Massachusetts,MA,sm-neet,2025,4.9
Massachusetts,MA,st-fc,2025,3.9
Massachusetts,MA,st-fc trust,2025,3.0
Massachusetts,MA,st-fcc,2025,2.2
Massachusetts,MA,st-vc,2025,2.6
Michigan,MI,Civic Engagement,2025,11.5
Michigan,MI,Community Life,2025,-1.2
Michigan,MI,Family Health,2025,7.9
Michigan,MI,Future Generations,2025,3.1
Michigan,MI,Social Cohesion,2025,11.6
Michigan,MI,Social Mobility,2025,9.0
Michigan,MI,Social Trust,2025,9.4
Michigan,MI,Total,2025,51.2
Michigan,MI,ce-ao,2025,2.0
Michigan,MI,ce-vt,2025,8.0
Michigan,MI,cl-cdd,2025,-2.1
Michigan,MI,cl-don,2025,0.6
Michigan,MI,cl-mem,2025,0.2
Michigan,MI,cl-np,2025,0.7
Michigan,MI,cl-npo,2025,0.5
Michigan,MI,cl-porg,2025,0.7
Michigan,MI,cl-rel,2025,-0.5
Michigan,MI,cl-ta,2025,-1.2
Michigan,MI,cl-tfn,2025,-2.0
Michigan,MI,cl-vol,2025,0.5
Michigan,MI,cv-pm,2025,1.5
Michigan,MI,fg-act,2025,1.5
Michigan,MI,fg-br,2025,-0.8
Michigan,MI,fg-play,2025,0.9
Michigan,MI,fg-read,2025,1.3
Michigan,MI,fg-sch,2025,1.4
Michigan,MI,fg-yorg,2025,0.5
Michigan,MI,fh-eat,2025,2.0
Michigan,MI,fh-ed,2025,1.8
Michigan,MI,fh-ma,2025,0.7
Michigan,MI,fh-read,2025,2.0
Michigan,MI,fh-spf,2025,1.0
Michigan,MI,fh-time,2025,0.5
Michigan,MI,fh-tv,2025,0.0
Michigan,MI,fh-uw,2025,1.3
Michigan,MI,sc-born,2025,4.7
Michigan,MI,sc-eng-a,2025,2.8
Michigan,MI,sc-eng-c,2025,2.4
Michigan,MI,sc-mid,2025,1.7
Michigan,MI,sm-em,2025,-0.3
Michigan,MI,sm-grad,2025,2.3
Michigan,MI,sm-hr,2025,5.0
Michigan,MI,sm-neet,2025,1.9
Michigan,MI,st-fc,2025,3.3
Michigan,MI,st-fc trust,2025,2.3
Michigan,MI,st-fcc,2025,2.6
Michigan,MI,st-vc,2025,1.2
Minnesota,MN,Civic Engagement,2025,14.9
Minnesota,MN,Community Life,2025,6.4
Minnesota,MN,Family Health,2025,8.5
Minnesota,MN,Future Generations,2025,5.9
Minnesota,MN,Social Cohesion,2025,9.6
Minnesota,MN,Social Mobility,2025,16.6
Minnesota,MN,Social Trust,2025,15.7
Minnesota,MN,Total,2025,77.7
Minnesota,MN,ce-ao,2025,2.1
Minnesota,MN,ce-vt,2025,8.8
Minnesota,MN,cl-cdd,2025,-1.7
Minnesota,MN,cl-don,2025,1.8
Minnesota,MN,cl-mem,2025,2.2
Minnesota,MN,cl-np,2025,0.8
Minnesota,MN,cl-npo,2025,0.6
Minnesota,MN,cl-porg,2025,0.7
Minnesota,MN,cl-rel,2025,-0.9
Minnesota,MN,cl-ta,2025,-0.6
Minnesota,MN,cl-tfn,2025,0.0
Minnesota,MN,cl-vol,2025,2.6
Minnesota,MN,cv-pm,2025,4.1
Minnesota,MN,fg-act,2025,0.9
Minnesota,MN,fg-br,2025,0.0
Minnesota,MN,fg-play,2025,2.3
Minnesota,MN,fg-read,2025,2.0
Minnesota,MN,fg-sch,2025,0.8
Minnesota,MN,fg-yorg,2025,0.9
Minnesota,MN,fh-eat,2025,0.8
Minnesota,MN,fh-ed,2025,1.4
Minnesota,MN,fh-ma,2025,1.3
Minnesota,MN,fh-read,2025,1.7
Minnesota,MN,fh-spf,2025,0.8
Minnesota,MN,fh-time,2025,1.5
Minnesota,MN,fh-tv,2025,0.0
Minnesota,MN,fh-uw,2025,2.4
Minnesota,MN,sc-born,2025,3.4
Minnesota,MN,sc-eng-a,2025,2.3
Minnesota,MN,sc-eng-c,2025,1.5
Minnesota,MN,sc-mid,2025,2.4
Minnesota,MN,sm-em,2025,2.5
Minnesota,MN,sm-grad,2025,4.4
Minnesota,MN,sm-hr,2025,4.9
Minnesota,MN,sm-neet,2025,4.8
Minnesota,MN,st-fc,2025,5.1
Minnesota,MN,st-fc trust,2025,4.6
Minnesota,MN,st-fcc,2025,3.0
Minnesota,MN,st-vc,2025,3.1
Mississippi,MS,Civic Engagement,2025,3.9
Mississippi,MS,Community Life,2025,-1.8
Mississippi,MS,Family Health,2025,0.3
Mississippi,MS,Future Generations,2025,3.6
Mississippi,MS,Social Cohesion,2025,12.2
Mississippi,MS,Social Mobility,2025,6.6
Mississippi,MS,Social Trust,2025,9.4
Mississippi,MS,Total,2025,34.2
Mississippi,MS,ce-ao,2025,1.9
Mississippi,MS,ce-vt,2025,0.1
Mississippi,MS,cl-cdd,2025,-2.0
Mississippi,MS,cl-don,2025,-1.4
Mississippi,MS,cl-mem,2025,0.6
Mississippi,MS,cl-np,2025,0.6
Mississippi,MS,cl-npo,2025,0.5
Mississippi,MS,cl-porg,2025,0.7
Mississippi,MS,cl-rel,2025,2.4
Mississippi,MS,cl-ta,2025,-1.3
Mississippi,MS,cl-tfn,2025,-2.3
Mississippi,MS,cl-vol,2025,-1.0
Mississippi,MS,cv-pm,2025,1.9
Mississippi,MS,fg-act,2025,-1.3
Mississippi,MS,fg-br,2025,0.8
Mississippi,MS,fg-play,2025,0.3
Mississippi,MS,fg-read,2025,2.5
Mississippi,MS,fg-sch,2025,1.4
Mississippi,MS,fg-yorg,2025,-0.1
Mississippi,MS,fh-eat,2025,2.7
Mississippi,MS,fh-ed,2025,-0.1
Mississippi,MS,fh-ma,2025,0.0
Mississippi,MS,fh-read,2025,-0.7
Mississippi,MS,fh-spf,2025,0.8
Mississippi,MS,fh-time,2025,-0.8
Mississippi,MS,fh-tv,2025,0.0
Mississippi,MS,fh-uw,2025,-1.6
Mississippi,MS,sc-born,2025,3.8
Mississippi,MS,sc-eng-a,2025,3.6
Mississippi,MS,sc-eng-c,2025,3.6
Mississippi,MS,sc-mid,2025,1.2
Mississippi,MS,sm-em,2025,2.6
Mississippi,MS,sm-grad,2025,0.2
Mississippi,MS,sm-hr,2025,3.9
Mississippi,MS,sm-neet,2025,-0.1
Mississippi,MS,st-fc,2025,2.6
Mississippi,MS,st-fc trust,2025,1.8
Mississippi,MS,st-fcc,2025,1.4
Mississippi,MS,st-vc,2025,3.7
Missouri,MO,Civic Engagement,2025,8.3
Missouri,MO,Community Life,2025,0.8
Missouri,MO,Family Health,2025,5.8
Missouri,MO,Future Generations,2025,5.2
Missouri,MO,Social Cohesion,2025,11.7
Missouri,MO,Social Mobility,2025,11.1
Missouri,MO,Social Trust,2025,6.7
Missouri,MO,Total,2025,49.6
Missouri,MO,ce-ao,2025,2.3
Missouri,MO,ce-vt,2025,3.3
Missouri,MO,cl-cdd,2025,-2.1
Missouri,MO,cl-don,2025,0.4
Missouri,MO,cl-mem,2025,0.5
Missouri,MO,cl-np,2025,0.9
Missouri,MO,cl-npo,2025,0.6
Missouri,MO,cl-porg,2025,0.7
Missouri,MO,cl-rel,2025,0.0
Missouri,MO,cl-ta,2025,-0.6
Missouri,MO,cl-tfn,2025,-1.7
Missouri,MO,cl-vol,2025,0.9
Missouri,MO,cv-pm,2025,2.8
Missouri,MO,fg-act,2025,0.4
Missouri,MO,fg-br,2025,0.0
Missouri,MO,fg-play,2025,0.4
Missouri,MO,fg-read,2025,0.6
Missouri,MO,fg-sch,2025,0.5
Missouri,MO,fg-yorg,2025,2.4
Missouri,MO,fh-eat,2025,1.2
Missouri,MO,fh-ed,2025,0.9
Missouri,MO,fh-ma,2025,0.8
Missouri,MO,fh-read,2025,1.7
Missouri,MO,fh-spf,2025,0.6
Missouri,MO,fh-time,2025,0.4
Missouri,MO,fh-tv,2025,0.0
Missouri,MO,fh-uw,2025,1.2
Missouri,MO,sc-born,2025,3.0
Missouri,MO,sc-eng-a,2025,3.3
Missouri,MO,sc-eng-c,2025,3.3
Missouri,MO,sc-mid,2025,2.1
Missouri,MO,sm-em,2025,2.3
Missouri,MO,sm-grad,2025,2.4
Missouri,MO,sm-hr,2025,3.6
Missouri,MO,sm-neet,2025,2.7
Missouri,MO,st-fc,2025,1.5
Missouri,MO,st-fc trust,2025,1.6
Missouri,MO,st-fcc,2025,2.4
Missouri,MO,st-vc,2025,1.2
Montana,MT,Civic Engagement,2025,12.5
Montana,MT,Community Life,2025,7.2
Montana,MT,Family Health,2025,11.0
Montana,MT,Future Generations,2025,0.5
Montana,MT,Social Cohesion,2025,11.4
Montana,MT,Social Mobility,2025,13.9
Montana,MT,Social Trust,2025,4.9
Montana,MT,Total,2025,61.5
Montana,MT,ce-ao,2025,2.0
Montana,MT,ce-vt,2025,5.0
Montana,MT,cl-cdd,2025,-1.9
Montana,MT,cl-don,2025,2.3
Montana,MT,cl-mem,2025,1.9
Montana,MT,cl-np,2025,0.5
Montana,MT,cl-npo,2025,0.6
Montana,MT,cl-porg,2025,0.7
Montana,MT,cl-rel,2025,-0.6
Montana,MT,cl-ta,2025,-0.1
Montana,MT,cl-tfn,2025,0.2
Montana,MT,cl-vol,2025,2.2
Montana,MT,cv-pm,2025,5.5
Montana,MT,fg-act,2025,-1.7
Montana,MT,fg-br,2025,-0.9
Montana,MT,fg-play,2025,0.9
Montana,MT,fg-read,2025,0.3
Montana,MT,fg-sch,2025,-0.2
Montana,MT,fg-yorg,2025,0.5
Montana,MT,fh-eat,2025,1.8
Montana,MT,fh-ed,2025,1.7
Montana,MT,fh-ma,2025,1.3
Montana,MT,fh-read,2025,1.4
Montana,MT,fh-spf,2025,0.1
Montana,MT,fh-time,2025,2.3
Montana,MT,fh-tv,2025,0.0
Montana,MT,fh-uw,2025,2.3
Montana,MT,sc-born,2025,0.8
Montana,MT,sc-eng-a,2025,3.9
Montana,MT,sc-eng-c,2025,4.1
Montana,MT,sc-mid,2025,2.5
Montana,MT,sm-em,2025,4.7
Montana,MT,sm-grad,2025,2.8
Montana,MT,sm-hr,2025,3.7
Montana,MT,sm-neet,2025,2.7
Montana,MT,st-fc,2025,0.0
Montana,MT,st-fc trust,2025,1.4
Montana,MT,st-fcc,2025,2.2
Montana,MT,st-vc,2025,1.3
Nebraska,NE,Civic Engagement,2025,10.3
Nebraska,NE,Community Life,2025,4.4
Nebraska,NE,Family Health,2025,8.6
Nebraska,NE,Future Generations,2025,6.6
Nebraska,NE,Social Cohesion,2025,8.6
Nebraska,NE,Social Mobility,2025,14.3
Nebraska,NE,Social Trust,2025,11.2
Nebraska,NE,Total,2025,64.0
Nebraska,NE,ce-ao,2025,1.9
Nebraska,NE,ce-vt,2025,4.9
Nebraska,NE,cl-cdd,2025,-2.0
Nebraska,NE,cl-don,2025,1.7
Nebraska,NE,cl-mem,2025,1.3
Nebraska,NE,cl-np,2025,0.2
Nebraska,NE,cl-npo,2025,0.7
Nebraska,NE,cl-porg,2025,0.7
Nebraska,NE,cl-rel,2025,-0.1
Nebraska,NE,cl-ta,2025,-0.2
Nebraska,NE,cl-tfn,2025,-2.1
Nebraska,NE,cl-vol,2025,2.5
Nebraska,NE,cv-pm,2025,3.4
Nebraska,NE,fg-act,2025,4.0
Nebraska,NE,fg-br,2025,1.2
Nebraska,NE,fg-play,2025,0.8
Nebraska,NE,fg-read,2025,0.1
Nebraska,NE,fg-sch,2025,1.2
Nebraska,NE,fg-yorg,2025,1.3
Nebraska,NE,fh-eat,2025,0.6
Nebraska,NE,fh-ed,2025,1.7
Nebraska,NE,fh-ma,2025,1.4
Nebraska,NE,fh-read,2025,0.7
Nebraska,NE,fh-spf,2025,0.5
Nebraska,NE,fh-time,2025,3.0
Nebraska,NE,fh-tv,2025,0.0
Nebraska,NE,fh-uw,2025,2.0
Nebraska,NE,sc-born,2025,2.8
Nebraska,NE,sc-eng-a,2025,2.0
Nebraska,NE,sc-eng-c,2025,1.2
Nebraska,NE,sc-mid,2025,2.6
Nebraska,NE,sm-em,2025,3.3
Nebraska,NE,sm-grad,2025,3.0
Nebraska,NE,sm-hr,2025,3.2
Nebraska,NE,sm-neet,2025,4.7
Nebraska,NE,st-fc,2025,2.8
Nebraska,NE,st-fc trust,2025,2.9
Nebraska,NE,st-fcc,2025,2.1
Nebraska,NE,st-vc,2025,3.4
Nevada,NV,Civic Engagement,2025,6.7
Nevada,NV,Community Life,2025,-6.8
Nevada,NV,Family Health,2025,4.7
Nevada,NV,Future Generations,2025,1.5
Nevada,NV,Social Cohesion,2025,-1.6
Nevada,NV,Social Mobility,2025,-0.9
Nevada,NV,Social Trust,2025,12.6
Nevada,NV,Total,2025,16.1
Nevada,NV,ce-ao,2025,1.9
Nevada,NV,ce-vt,2025,3.9
Nevada,NV,cl-cdd,2025,-1.8
Nevada,NV,cl-don,2025,-2.0
Nevada,NV,cl-mem,2025,0.0
Nevada,NV,cl-np,2025,-0.1
Nevada,NV,cl-npo,2025,0.5
Nevada,NV,cl-porg,2025,0.7
Nevada,NV,cl-rel,2025,-1.8
Nevada,NV,cl-ta,2025,-0.9
Nevada,NV,cl-tfn,2025,-2.5
Nevada,NV,cl-vol,2025,-0.7
Nevada,NV,cv-pm,2025,0.9
Nevada,NV,fg-act,2025,0.1
Nevada,NV,fg-br,2025,-0.7
Nevada,NV,fg-play,2025,2.0
Nevada,NV,fg-read,2025,0.7
Nevada,NV,fg-sch,2025,-0.9
Nevada,NV,fg-yorg,2025,0.6
Nevada,NV,fh-eat,2025,2.6
Nevada,NV,fh-ed,2025,-1.2
Nevada,NV,fh-ma,2025,-0.1
Nevada,NV,fh-read,2025,0.0
Nevada,NV,fh-spf,2025,2.1
Nevada,NV,fh-time,2025,1.6
Nevada,NV,fh-tv,2025,0.0
Nevada,NV,fh-uw,2025,-0.4
Nevada,NV,sc-born,2025,-2.9
Nevada,NV,sc-eng-a,2025,-0.7
Nevada,NV,sc-eng-c,2025,-0.2
Nevada,NV,sc-mid,2025,2.2
Nevada,NV,sm-em,2025,-2.6
Nevada,NV,sm-grad,2025,1.1
Nevada,NV,sm-hr,2025,0.3
Nevada,NV,sm-neet,2025,0.3
Nevada,NV,st-fc,2025,3.7
Nevada,NV,st-fc trust,2025,4.2
Nevada,NV,st-fcc,2025,3.1
Nevada,NV,st-vc,2025,1.6
New Hampshire,NH,Civic Engagement,2025,17.2
New Hampshire,NH,Community Life,2025,1.4
New Hampshire,NH,Family Health,2025,12.5
New Hampshire,NH,Future Generations,2025,-2.8
New Hampshire,NH,Social Cohesion,2025,8.3
New Hampshire,NH,Social Mobility,2025,17.2
New Hampshire,NH,Social Trust,2025,14.0
New Hampshire,NH,Total,2025,67.9
New Hampshire,NH,ce-ao,2025,2.0
New Hampshire,NH,ce-vt,2025,7.8
New Hampshire,NH,cl-cdd,2025,-1.9
New Hampshire,NH,cl-don,2025,2.0
New Hampshire,NH,cl-mem,2025,1.0
New Hampshire,NH,cl-np,2025,-0.1
New Hampshire,NH,cl-npo,2025,0.6
New Hampshire,NH,cl-porg,2025,0.7
New Hampshire,NH,cl-rel,2025,-1.8
New Hampshire,NH,cl-ta,2025,-0.3
New Hampshire,NH,cl-tfn,2025,-1.7
New Hampshire,NH,cl-vol,2025,1.0
New Hampshire,NH,cv-pm,2025,7.4
New Hampshire,NH,fg-act,2025,2.2
New Hampshire,NH,fg-br,2025,-1.9
New Hampshire,NH,fg-play,2025,-0.6
New Hampshire,NH,fg-read,2025,1.7
New Hampshire,NH,fg-sch,2025,0.0
New Hampshire,NH,fg-yorg,2025,0.7
New Hampshire,NH,fh-eat,2025,-0.7
New Hampshire,NH,fh-ed,2025,1.5
New Hampshire,NH,fh-ma,2025,2.1
New Hampshire,NH,fh-read,2025,2.1
New Hampshire,NH,fh-spf,2025,1.9
New Hampshire,NH,fh-time,2025,4.5
New Hampshire,NH,fh-tv,2025,0.0
New Hampshire,NH,fh-uw,2025,3.1
New Hampshire,NH,sc-born,2025,-0.9
New Hampshire,NH,sc-eng-a,2025,3.3
New Hampshire,NH,sc-eng-c,2025,3.4
New Hampshire,NH,sc-mid,2025,2.5
New Hampshire,NH,sm-em,2025,1.8
New Hampshire,NH,sm-grad,2025,4.6
New Hampshire,NH,sm-hr,2025,4.9
New Hampshire,NH,sm-neet,2025,5.9
New Hampshire,NH,st-fc,2025,3.3
New Hampshire,NH,st-fc trust,2025,2.8
New Hampshire,NH,st-fcc,2025,3.3
New Hampshire,NH,st-vc,2025,4.6
New Jersey,NJ,Civic Engagement,2025,9.8
New Jersey,NJ,Community Life,2025,-0.1
New Jersey,NJ,Family Health,2025,8.9
New Jersey,NJ,Future Generations,2025,4.2
New Jersey,NJ,Social Cohesion,2025,-0.4
New Jersey,NJ,Social Mobility,2025,13.1
New Jersey,NJ,Social Trust,2025,13.1
New Jersey,NJ,Total,2025,48.6
New Jersey,NJ,ce-ao,2025,1.9
New Jersey,NJ,ce-vt,2025,4.5
New Jersey,NJ,cl-cdd,2025,-1.1
New Jersey,NJ,cl-don,2025,1.8
New Jersey,NJ,cl-mem,2025,1.0
New Jersey,NJ,cl-np,2025,0.6
New Jersey,NJ,cl-npo,2025,0.5
New Jersey,NJ,cl-porg,2025,0.7
New Jersey,NJ,cl-rel,2025,-0.6
New Jersey,NJ,cl-ta,2025,-1.6
New Jersey,NJ,cl-tfn,2025,-2.3
New Jersey,NJ,cl-vol,2025,0.5
New Jersey,NJ,cv-pm,2025,3.4
New Jersey,NJ,fg-act,2025,1.1
New Jersey,NJ,fg-br,2025,0.1
New Jersey,NJ,fg-play,2025,-0.6
New Jersey,NJ,fg-read,2025,2.2
New Jersey,NJ,fg-sch,2025,3.1
New Jersey,NJ,fg-yorg,2025,0.3
New Jersey,NJ,fh-eat,2025,1.8
New Jersey,NJ,fh-ed,2025,-0.3
New Jersey,NJ,fh-ma,2025,1.6
New Jersey,NJ,fh-read,2025,1.3
New Jersey,NJ,fh-spf,2025,3.5
New Jersey,NJ,fh-time,2025,0.3
New Jersey,NJ,fh-tv,2025,0.0
New Jersey,NJ,fh-uw,2025,2.2
New Jersey,NJ,sc-born,2025,0.7
New Jersey,NJ,sc-eng-a,2025,-1.4
New Jersey,NJ,sc-eng-c,2025,-0.9
New Jersey,NJ,sc-mid,2025,1.2
New Jersey,NJ,sm-em,2025,2.4
New Jersey,NJ,sm-grad,2025,5.5
New Jersey,NJ,sm-hr,2025,1.9
New Jersey,NJ,sm-neet,2025,3.4
New Jersey,NJ,st-fc,2025,3.5
New Jersey,NJ,st-fc trust,2025,3.9
New Jersey,NJ,st-fcc,2025,2.2
New Jersey,NJ,st-vc,2025,3.5
New Mexico,NM,Civic Engagement,2025,5.5
New Mexico,NM,Community Life,2025,-2.8
New Mexico,NM,Family Health,2025,2.6
New Mexico,NM,Future Generations,2025,6.5
New Mexico,NM,Social Cohesion,2025,2.4
New Mexico,NM,Social Mobility,2025,8.0
New Mexico,NM,Social Trust,2025,8.2
New Mexico,NM,Total,2025,30.3
New Mexico,NM,ce-ao,2025,2.0
New Mexico,NM,ce-vt,2025,1.1
New Mexico,NM,cl-cdd,2025,-2.1
New Mexico,NM,cl-don,2025,-1.4
New Mexico,NM,cl-mem,2025,-0.6
New Mexico,NM,cl-np,2025,0.5
New Mexico,NM,cl-npo,2025,0.5
New Mexico,NM,cl-porg,2025,0.7
New Mexico,NM,cl-rel,2025,-0.4
New Mexico,NM,cl-ta,2025,-0.4
New Mexico,NM,cl-tfn,2025,-0.5
New Mexico,NM,cl-vol,2025,-0.8
New Mexico,NM,cv-pm,2025,2.4
New Mexico,NM,fg-act,2025,0.8
New Mexico,NM,fg-br,2025,-0.7
New Mexico,NM,fg-play,2025,2.3
New Mexico,NM,fg-read,2025,0.5
New Mexico,NM,fg-sch,2025,2.1
New Mexico,NM,fg-yorg,2025,0.7
New Mexico,NM,fh-eat,2025,3.6
New Mexico,NM,fh-ed,2025,0.3
New Mexico,NM,fh-ma,2025,-0.6
New Mexico,NM,fh-read,2025,0.1
New Mexico,NM,fh-spf,2025,0.8
New Mexico,NM,fh-time,2025,-0.7
New Mexico,NM,fh-tv,2025,0.0
New Mexico,NM,fh-uw,2025,-1.0
New Mexico,NM,sc-born,2025,0.9
New Mexico,NM,sc-eng-a,2025,0.5
New Mexico,NM,sc-eng-c,2025,-0.3
New Mexico,NM,sc-mid,2025,1.4
New Mexico,NM,sm-em,2025,1.7
New Mexico,NM,sm-grad,2025,2.0
New Mexico,NM,sm-hr,2025,3.4
New Mexico,NM,sm-neet,2025,0.9
New Mexico,NM,st-fc,2025,4.2
New Mexico,NM,st-fc trust,2025,2.6
New Mexico,NM,st-fcc,2025,3.0
New Mexico,NM,st-vc,2025,-1.7
New York,NY,Civic Engagement,2025,4.7
New York,NY,Community Life,2025,-1.0
New York,NY,Family Health,2025,8.7
New York,NY,Future Generations,2025,5.5
New York,NY,Social Cohesion,2025,-1.7
New York,NY,Social Mobility,2025,9.1
New York,NY,Social Trust,2025,8.1
New York,NY,Total,2025,33.4
New York,NY,ce-ao,2025,2.4
New York,NY,ce-vt,2025,0.3
New York,NY,cl-cdd,2025,-1.5
New York,NY,cl-don,2025,-0.3
New York,NY,cl-mem,2025,1.2
New York,NY,cl-np,2025,1.3
New York,NY,cl-npo,2025,0.7
New York,NY,cl-porg,2025,0.7
New York,NY,cl-rel,2025,-1.2
New York,NY,cl-ta,2025,-0.9
New York,NY,cl-tfn,2025,-1.3
New York,NY,cl-vol,2025,0.1
New York,NY,cv-pm,2025,2.0
New York,NY,fg-act,2025,0.4
New York,NY,fg-br,2025,-0.3
New York,NY,fg-play,2025,0.6
New York,NY,fg-read,2025,3.7
New York,NY,fg-sch,2025,2.5
New York,NY,fg-yorg,2025,0.9
New York,NY,fh-eat,2025,3.3
New York,NY,fh-ed,2025,1.6
New York,NY,fh-ma,2025,-0.4
New York,NY,fh-read,2025,1.3
New York,NY,fh-spf,2025,2.4
New York,NY,fh-time,2025,0.5
New York,NY,fh-tv,2025,0.0
New York,NY,fh-uw,2025,1.5
New York,NY,sc-born,2025,2.5
New York,NY,sc-eng-a,2025,-1.5
New York,NY,sc-eng-c,2025,-3.0
New York,NY,sc-mid,2025,0.3
New York,NY,sm-em,2025,3.2
New York,NY,sm-grad,2025,4.6
New York,NY,sm-hr,2025,-0.8
New York,NY,sm-neet,2025,2.1
New York,NY,st-fc,2025,1.6
New York,NY,st-fc trust,2025,2.3
New York,NY,st-fcc,2025,2.4
New York,NY,st-vc,2025,1.8
North Carolina,NC,Civic Engagement,2025,9.9
North Carolina,NC,Community Life,2025,0.0
North Carolina,NC,Family Health,2025,9.7
North Carolina,NC,Future Generations,2025,1.4
North Carolina,NC,Social Cohesion,2025,6.2
North Carolina,NC,Social Mobility,2025,10.0
North Carolina,NC,Social Trust,2025,12.9
North Carolina,NC,Total,2025,50.0
North Carolina,NC,ce-ao,2025,2.0
North Carolina,NC,ce-vt,2025,6.0
North Carolina,NC,cl-cdd,2025,-1.8
North Carolina,NC,cl-don,2025,0.1
North Carolina,NC,cl-mem,2025,1.0
North Carolina,NC,cl-np,2025,0.5
North Carolina,NC,cl-npo,2025,0.6
North Carolina,NC,cl-porg,2025,0.7
North Carolina,NC,cl-rel,2025,0.2
North Carolina,NC,cl-ta,2025,-0.8
North Carolina,NC,cl-tfn,2025,-1.9
North Carolina,NC,cl-vol,2025,0.0
North Carolina,NC,cv-pm,2025,1.9
North Carolina,NC,fg-act,2025,0.4
North Carolina,NC,fg-br,2025,0.2
North Carolina,NC,fg-play,2025,0.8
North Carolina,NC,fg-read,2025,0.3
North Carolina,NC,fg-sch,2025,-0.4
North Carolina,NC,fg-yorg,2025,0.4
North Carolina,NC,fh-eat,2025,3.7
North Carolina,NC,fh-ed,2025,2.7
North Carolina,NC,fh-ma,2025,1.0
North Carolina,NC,fh-read,2025,1.1
North Carolina,NC,fh-spf,2025,1.1
North Carolina,NC,fh-time,2025,0.8
North Carolina,NC,fh-tv,2025,0.0
North Carolina,NC,fh-uw,2025,0.9
North Carolina,NC,sc-born,2025,1.1
North Carolina,NC,sc-eng-a,2025,2.2
North Carolina,NC,sc-eng-c,2025,1.3
North Carolina,NC,sc-mid,2025,1.6
North Carolina,NC,sm-em,2025,1.3
North Carolina,NC,sm-grad,2025,3.5
North Carolina,NC,sm-hr,2025,2.5
North Carolina,NC,sm-neet,2025,2.7
North Carolina,NC,st-fc,2025,4.1
North Carolina,NC,st-fc trust,2025,3.9
North Carolina,NC,st-fcc,2025,3.1
North Carolina,NC,st-vc,2025,1.8
North Dakota,ND,Civic Engagement,2025,8.1
North Dakota,ND,Community Life,2025,2.9
North Dakota,ND,Family Health,2025,5.0
North Dakota,ND,Future Generations,2025,12.4
North Dakota,ND,Social Cohesion,2025,11.7
North Dakota,ND,Social Mobility,2025,17.1
North Dakota,ND,Social Trust,2025,12.0
North Dakota,ND,Total,2025,69.2
North Dakota,ND,ce-ao,2025,1.9
North Dakota,ND,ce-vt,2025,2.7
North Dakota,ND,cl-cdd,2025,-2.3
North Dakota,ND,cl-don,2025,1.3
North Dakota,ND,cl-mem,2025,0.8
North Dakota,ND,cl-np,2025,0.3
North Dakota,ND,cl-npo,2025,0.5
North Dakota,ND,cl-porg,2025,0.7
North Dakota,ND,cl-rel,2025,-0.4
North Dakota,ND,cl-ta,2025,-0.2
North Dakota,ND,cl-tfn,2025,-0.8
North Dakota,ND,cl-vol,2025,0.9
North Dakota,ND,cv-pm,2025,3.6
North Dakota,ND,fg-act,2025,1.1
North Dakota,ND,fg-br,2025,1.3
North Dakota,ND,fg-play,2025,4.6
North Dakota,ND,fg-read,2025,1.2
North Dakota,ND,fg-sch,2025,1.8
North Dakota,ND,fg-yorg,2025,0.6
North Dakota,ND,fh-eat,2025,0.3
North Dakota,ND,fh-ed,2025,1.2
North Dakota,ND,fh-ma,2025,0.7
North Dakota,ND,fh-read,2025,1.0
North Dakota,ND,fh-spf,2025,-0.8
North Dakota,ND,fh-time,2025,0.9
North Dakota,ND,fh-tv,2025,0.0
North Dakota,ND,fh-uw,2025,2.5
North Dakota,ND,sc-born,2025,2.4
North Dakota,ND,sc-eng-a,2025,3.4
North Dakota,ND,sc-eng-c,2025,3.7
North Dakota,ND,sc-mid,2025,2.2
North Dakota,ND,sm-em,2025,5.0
North Dakota,ND,sm-grad,2025,2.5
North Dakota,ND,sm-hr,2025,3.0
North Dakota,ND,sm-neet,2025,6.5
North Dakota,ND,st-fc,2025,3.3
North Dakota,ND,st-fc trust,2025,3.2
North Dakota,ND,st-fcc,2025,2.5
North Dakota,ND,st-vc,2025,3.0
Ohio,OH,Civic Engagement,2025,7.2
Ohio,OH,Community Life,2025,2.0
Ohio,OH,Family Health,2025,3.7
Ohio,OH,Future Generations,2025,4.0
Ohio,OH,Social Cohesion,2025,11.8
Ohio,OH,Social Mobility,2025,8.2
Ohio,OH,Social Trust,2025,12.1
Ohio,OH,Total,2025,49.0
Ohio,OH,ce-ao,2025,1.9
Ohio,OH,ce-vt,2025,3.7
Ohio,OH,cl-cdd,2025,-2.2
Ohio,OH,cl-don,2025,1.1
Ohio,OH,cl-mem,2025,0.8
Ohio,OH,cl-np,2025,1.5
Ohio,OH,cl-npo,2025,0.7
Ohio,OH,cl-porg,2025,1.9
Ohio,OH,cl-rel,2025,-0.4
Ohio,OH,cl-ta,2025,-1.3
Ohio,OH,cl-tfn,2025,-1.7
Ohio,OH,cl-vol,2025,1.0
Ohio,OH,cv-pm,2025,1.5
Ohio,OH,fg-act,2025,0.4
Ohio,OH,fg-br,2025,0.0
Ohio,OH,fg-play,2025,0.8
Ohio,OH,fg-read,2025,1.1
Ohio,OH,fg-sch,2025,1.2
Ohio,OH,fg-yorg,2025,0.8
Ohio,OH,fh-eat,2025,0.8
Ohio,OH,fh-ed,2025,0.4
Ohio,OH,fh-ma,2025,0.2
Ohio,OH,fh-read,2025,1.3
Ohio,OH,fh-spf,2025,0.3
Ohio,OH,fh-time,2025,0.7
Ohio,OH,fh-tv,2025,0.0
Ohio,OH,fh-uw,2025,0.6
Ohio,OH,sc-born,2025,4.4
Ohio,OH,sc-eng-a,2025,3.1
Ohio,OH,sc-eng-c,2025,2.7
Ohio,OH,sc-mid,2025,1.5
Ohio,OH,sm-em,2025,0.6
Ohio,OH,sm-grad,2025,2.1
Ohio,OH,sm-hr,2025,3.0
Ohio,OH,sm-neet,2025,2.5
Ohio,OH,st-fc,2025,3.1
Ohio,OH,st-fc trust,2025,3.6
Ohio,OH,st-fcc,2025,2.6
Ohio,OH,st-vc,2025,2.8
Oklahoma,OK,Civic Engagement,2025,1.0
Oklahoma,OK,Community Life,2025,0.4
Oklahoma,OK,Family Health,2025,5.5
Oklahoma,OK,Future Generations,2025,4.1
Oklahoma,OK,Social Cohesion,2025,9.0
Oklahoma,OK,Social Mobility,2025,6.7
Oklahoma,OK,Social Trust,2025,8.8
Oklahoma,OK,Total,2025,35.6
Oklahoma,OK,ce-ao,2025,2.1
Oklahoma,OK,ce-vt,2025,-1.8
Oklahoma,OK,cl-cdd,2025,-2.0
Oklahoma,OK,cl-don,2025,0.7
Oklahoma,OK,cl-mem,2025,-0.2
Oklahoma,OK,cl-np,2025,0.7
Oklahoma,OK,cl-npo,2025,0.6
Oklahoma,OK,cl-porg,2025,0.7
Oklahoma,OK,cl-rel,2025,0.8
Oklahoma,OK,cl-ta,2025,-0.8
Oklahoma,OK,cl-tfn,2025,-2.1
Oklahoma,OK,cl-vol,2025,0.9
Oklahoma,OK,cv-pm,2025,0.8
Oklahoma,OK,fg-act,2025,-0.3
Oklahoma,OK,fg-br,2025,0.8
Oklahoma,OK,fg-play,2025,1.0
Oklahoma,OK,fg-read,2025,1.5
Oklahoma,OK,fg-sch,2025,0.1
Oklahoma,OK,fg-yorg,2025,0.8
Oklahoma,OK,fh-eat,2025,3.3
Oklahoma,OK,fh-ed,2025,0.1
Oklahoma,OK,fh-ma,2025,0.8
Oklahoma,OK,fh-read,2025,-0.2
Oklahoma,OK,fh-spf,2025,0.8
Oklahoma,OK,fh-time,2025,1.4
Oklahoma,OK,fh-tv,2025,0.0
Oklahoma,OK,fh-uw,2025,0.2
Oklahoma,OK,sc-born,2025,2.1
Oklahoma,OK,sc-eng-a,2025,2.5
Oklahoma,OK,sc-eng-c,2025,2.5
Oklahoma,OK,sc-mid,2025,1.8
Oklahoma,OK,sm-em,2025,1.9
Oklahoma,OK,sm-grad,2025,1.1
Oklahoma,OK,sm-hr,2025,2.3
Oklahoma,OK,sm-neet,2025,1.4
Oklahoma,OK,st-fc,2025,2.1
Oklahoma,OK,st-fc trust,2025,2.4
Oklahoma,OK,st-fcc,2025,2.7
Oklahoma,OK,st-vc,2025,1.6
Oregon,OR,Civic Engagement,2025,10.3
Oregon,OR,Community Life,2025,3.4
Oregon,OR,Family Health,2025,8.1
Oregon,OR,Future Generations,2025,5.2
Oregon,OR,Social Cohesion,2025,4.7
Oregon,OR,Social Mobility,2025,8.5
Oregon,OR,Social Trust,2025,14.7
Oregon,OR,Total,2025,54.9
Oregon,OR,ce-ao,2025,2.0
Oregon,OR,ce-vt,2025,6.2
Oregon,OR,cl-cdd,2025,-1.4
Oregon,OR,cl-don,2025,1.5
Oregon,OR,cl-mem,2025,1.9
Oregon,OR,cl-np,2025,0.3
Oregon,OR,cl-npo,2025,0.6
Oregon,OR,cl-porg,2025,0.7
Oregon,OR,cl-rel,2025,-1.6
Oregon,OR,cl-ta,2025,-0.7
Oregon,OR,cl-tfn,2025,-0.8
Oregon,OR,cl-vol,2025,1.8
Oregon,OR,cv-pm,2025,2.1
Oregon,OR,fg-act,2025,1.4
Oregon,OR,fg-br,2025,-1.5
Oregon,OR,fg-play,2025,1.6
Oregon,OR,fg-read,2025,1.9
Oregon,OR,fg-sch,2025,1.2
Oregon,OR,fg-yorg,2025,2.1
Oregon,OR,fh-eat,2025,1.3
Oregon,OR,fh-ed,2025,0.3
Oregon,OR,fh-ma,2025,0.8
Oregon,OR,fh-read,2025,2.2
Oregon,OR,fh-spf,2025,1.6
Oregon,OR,fh-time,2025,1.8
Oregon,OR,fh-tv,2025,0.0
Oregon,OR,fh-uw,2025,1.5
Oregon,OR,sc-born,2025,-0.1
Oregon,OR,sc-eng-a,2025,2.0
Oregon,OR,sc-eng-c,2025,0.9
Oregon,OR,sc-mid,2025,1.9
Oregon,OR,sm-em,2025,0.5
Oregon,OR,sm-grad,2025,3.7
Oregon,OR,sm-hr,2025,1.9
Oregon,OR,sm-neet,2025,2.3
Oregon,OR,st-fc,2025,4.5
Oregon,OR,st-fc trust,2025,4.4
Oregon,OR,st-fcc,2025,3.4
Oregon,OR,st-vc,2025,2.5
Pennsylvania,PA,Civic Engagement,2025,11.2
Pennsylvania,PA,Community Life,2025,1.4
Pennsylvania,PA,Family Health,2025,6.8
Pennsylvania,PA,Future Generations,2025,1.4
Pennsylvania,PA,Social Cohesion,2025,9.1
Pennsylvania,PA,Social Mobility,2025,13.2
Pennsylvania,PA,Social Trust,2025,12.0
Pennsylvania,PA,Total,2025,55.0
Pennsylvania,PA,ce-ao,2025,2.0
Pennsylvania,PA,ce-vt,2025,6.5
Pennsylvania,PA,cl-cdd,2025,-2.0
Pennsylvania,PA,cl-don,2025,1.4
Pennsylvania,PA,cl-mem,2025,1.1
Pennsylvania,PA,cl-np,2025,1.4
Pennsylvania,PA,cl-npo,2025,0.9
Pennsylvania,PA,cl-porg,2025,0.7
Pennsylvania,PA,cl-rel,2025,-0.7
Pennsylvania,PA,cl-ta,2025,-1.4
Pennsylvania,PA,cl-tfn,2025,-1.5
Pennsylvania,PA,cl-vol,2025,1.0
Pennsylvania,PA,cv-pm,2025,2.7
Pennsylvania,PA,fg-act,2025,1.3
Pennsylvania,PA,fg-br,2025,-0.8
Pennsylvania,PA,fg-play,2025,0.1
Pennsylvania,PA,fg-read,2025,0.7
Pennsylvania,PA,fg-sch,2025,1.2
Pennsylvania,PA,fg-yorg,2025,0.4
Pennsylvania,PA,fh-eat,2025,1.1
Pennsylvania,PA,fh-ed,2025,1.2
Pennsylvania,PA,fh-ma,2025,0.6
Pennsylvania,PA,fh-read,2025,1.5
Pennsylvania,PA,fh-spf,2025,1.2
Pennsylvania,PA,fh-time,2025,1.0
Pennsylvania,PA,fh-tv,2025,0.0
Pennsylvania,PA,fh-uw,2025,1.3
Pennsylvania,PA,sc-born,2025,3.8
Pennsylvania,PA,sc-eng-a,2025,2.3
Pennsylvania,PA,sc-eng-c,2025,1.6
Pennsylvania,PA,sc-mid,2025,1.4
Pennsylvania,PA,sm-em,2025,2.9
Pennsylvania,PA,sm-grad,2025,3.1
Pennsylvania,PA,sm-hr,2025,3.9
Pennsylvania,PA,sm-neet,2025,3.3
Pennsylvania,PA,st-fc,2025,3.1
Pennsylvania,PA,st-fc trust,2025,3.3
Pennsylvania,PA,st-fcc,2025,2.6
Pennsylvania,PA,st-vc,2025,3.0
Rhode Island,RI,Civic Engagement,2025,6.6
Rhode Island,RI,Community Life,2025,-0.8
Rhode Island,RI,Family Health,2025,4.3
Rhode Island,RI,Future Generations,2025,2.8
Rhode Island,RI,Social Cohesion,2025,4.7
Rhode Island,RI,Social Mobility,2025,15.1
Rhode Island,RI,Social Trust,2025,11.5
Rhode Island,RI,Total,2025,44.2
Rhode Island,RI,ce-ao,2025,2.3
Rhode Island,RI,ce-vt,2025,2.4
Rhode Island,RI,cl-cdd,2025,-1.8
Rhode Island,RI,cl-don,2025,0.7
Rhode Island,RI,cl-mem,2025,-0.7
Rhode Island,RI,cl-np,2025,0.3
Rhode Island,RI,cl-npo,2025,1.1
Rhode Island,RI,cl-porg,2025,0.7
Rhode Island,RI,cl-rel,2025,-0.7
Rhode Island,RI,cl-ta,2025,-0.8
Rhode Island,RI,cl-tfn,2025,-0.4
Rhode Island,RI,cl-vol,2025,-0.6
Rhode Island,RI,cv-pm,2025,1.9
Rhode Island,RI,fg-act,2025,-1.3
Rhode Island,RI,fg-br,2025,-1.5
Rhode Island,RI,fg-play,2025,-0.5
Rhode Island,RI,fg-read,2025,4.8
Rhode Island,RI,fg-sch,2025,2.3
Rhode Island,RI,fg-yorg,2025,1.6
Rhode Island,RI,fh-eat,2025,0.5
Rhode Island,RI,fh-ed,2025,0.6
Rhode Island,RI,fh-ma,2025,-0.1
Rhode Island,RI,fh-read,2025,1.5
Rhode Island,RI,fh-spf,2025,1.6
Rhode Island,RI,fh-time,2025,0.4
Rhode Island,RI,fh-tv,2025,0.0
Rhode Island,RI,fh-uw,2025,0.5
Rhode Island,RI,sc-born,2025,1.2
Rhode Island,RI,sc-eng-a,2025,0.5
Rhode Island,RI,sc-eng-c,2025,0.7
Rhode Island,RI,sc-mid,2025,2.3
Rhode Island,RI,sm-em,2025,3.1
Rhode Island,RI,sm-grad,2025,4.1
Rhode Island,RI,sm-hr,2025,2.5
Rhode Island,RI,sm-neet,2025,5.4
Rhode Island,RI,st-fc,2025,0.3
Rhode Island,RI,st-fc trust,2025,3.7
Rhode Island,RI,st-fcc,2025,3.5
Rhode Island,RI,st-vc,2025,4.0
South Carolina,SC,Civic Engagement,2025,7.1
South Carolina,SC,Community Life,2025,1.5
South Carolina,SC,Family Health,2025,5.1
South Carolina,SC,Future Generations,2025,6.2
South Carolina,SC,Social Cohesion,2025,8.5
South Carolina,SC,Social Mobility,2025,9.4
South Carolina,SC,Social Trust,2025,11.2
South Carolina,SC,Total,2025,48.9
South Carolina,SC,ce-ao,2025,2.0
South Carolina,SC,ce-vt,2025,2.3
South Carolina,SC,cl-cdd,2025,-1.9
South Carolina,SC,cl-don,2025,0.3
South Carolina,SC,cl-mem,2025,0.7
South Carolina,SC,cl-np,2025,0.5
South Carolina,SC,cl-npo,2025,0.6
South Carolina,SC,cl-porg,2025,0.8
South Carolina,SC,cl-rel,2025,0.9
South Carolina,SC,cl-ta,2025,-1.2
South Carolina,SC,cl-tfn,2025,-1.1
South Carolina,SC,cl-vol,2025,0.6
South Carolina,SC,cv-pm,2025,2.9
South Carolina,SC,fg-act,2025,-0.6
South Carolina,SC,fg-br,2025,-0.1
South Carolina,SC,fg-play,2025,1.5
South Carolina,SC,fg-read,2025,0.5
South Carolina,SC,fg-sch,2025,0.9
South Carolina,SC,fg-yorg,2025,1.7
South Carolina,SC,fh-eat,2025,1.7
South Carolina,SC,fh-ed,2025,0.7
South Carolina,SC,fh-ma,2025,1.1
South Carolina,SC,fh-read,2025,1.0
South Carolina,SC,fh-spf,2025,1.1
South Carolina,SC,fh-time,2025,0.2
South Carolina,SC,fh-tv,2025,0.0
South Carolina,SC,fh-uw,2025,0.2
South Carolina,SC,sc-born,2025,0.9
South Carolina,SC,sc-eng-a,2025,3.0
South Carolina,SC,sc-eng-c,2025,2.6
South Carolina,SC,sc-mid,2025,2.0
South Carolina,SC,sm-em,2025,1.2
South Carolina,SC,sm-grad,2025,2.3
South Carolina,SC,sm-hr,2025,4.2
South Carolina,SC,sm-neet,2025,1.7
South Carolina,SC,st-fc,2025,3.7
South Carolina,SC,st-fc trust,2025,3.2
South Carolina,SC,st-fcc,2025,3.1
South Carolina,SC,st-vc,2025,1.0
South Dakota,SD,Civic Engagement,2025,9.1
South Dakota,SD,Community Life,2025,3.4
South Dakota,SD,Family Health,2025,6.1
South Dakota,SD,Future Generations,2025,6.2
South Dakota,SD,Social Cohesion,2025,11.8
South Dakota,SD,Social Mobility,2025,15.9
South Dakota,SD,Social Trust,2025,4.9
South Dakota,SD,Total,2025,57.4
South Dakota,SD,ce-ao,2025,1.9
South Dakota,SD,ce-vt,2025,3.1
South Dakota,SD,cl-cdd,2025,-2.3
South Dakota,SD,cl-don,2025,1.4
South Dakota,SD,cl-mem,2025,1.5
South Dakota,SD,cl-np,2025,1.2
South Dakota,SD,cl-npo,2025,0.6
South Dakota,SD,cl-porg,2025,0.7
South Dakota,SD,cl-rel,2025,1.4
South Dakota,SD,cl-ta,2025,-1.3
South Dakota,SD,cl-tfn,2025,-3.5
South Dakota,SD,cl-vol,2025,2.6
South Dakota,SD,cv-pm,2025,4.1
South Dakota,SD,fg-act,2025,3.4
South Dakota,SD,fg-br,2025,1.1
South Dakota,SD,fg-play,2025,1.7
South Dakota,SD,fg-read,2025,1.0
South Dakota,SD,fg-sch,2025,0.5
South Dakota,SD,fg-yorg,2025,0.8
South Dakota,SD,fh-eat,2025,0.8
South Dakota,SD,fh-ed,2025,1.7
South Dakota,SD,fh-ma,2025,1.1
South Dakota,SD,fh-read,2025,0.3
South Dakota,SD,fh-spf,2025,-0.4
South Dakota,SD,fh-time,2025,1.7
South Dakota,SD,fh-tv,2025,0.0
South Dakota,SD,fh-uw,2025,1.9
South Dakota,SD,sc-born,2025,2.6
South Dakota,SD,sc-eng-a,2025,3.4
South Dakota,SD,sc-eng-c,2025,3.4
South Dakota,SD,sc-mid,2025,2.5
South Dakota,SD,sm-em,2025,6.1
South Dakota,SD,sm-grad,2025,2.5
South Dakota,SD,sm-hr,2025,3.9
South Dakota,SD,sm-neet,2025,3.4
South Dakota,SD,st-fc,2025,0.4
South Dakota,SD,st-fc trust,2025,1.6
South Dakota,SD,st-fcc,2025,0.6
South Dakota,SD,st-vc,2025,2.2
Tennessee,TN,Civic Engagement,2025,5.1
Tennessee,TN,Community Life,2025,3.3
Tennessee,TN,Family Health,2025,6.2
Tennessee,TN,Future Generations,2025,2.1
Tennessee,TN,Social Cohesion,2025,8.0
Tennessee,TN,Social Mobility,2025,8.0
Tennessee,TN,Social Trust,2025,10.2
Tennessee,TN,Total,2025,42.9
Tennessee,TN,ce-ao,2025,2.0
Tennessee,TN,ce-vt,2025,0.2
Tennessee,TN,cl-cdd,2025,-2.1
Tennessee,TN,cl-don,2025,1.5
Tennessee,TN,cl-mem,2025,1.5
Tennessee,TN,cl-np,2025,1.1
Tennessee,TN,cl-npo,2025,0.5
Tennessee,TN,cl-porg,2025,0.7
Tennessee,TN,cl-rel,2025,0.9
Tennessee,TN,cl-ta,2025,-0.6
Tennessee,TN,cl-tfn,2025,-2.3
Tennessee,TN,cl-vol,2025,1.1
Tennessee,TN,cv-pm,2025,2.9
Tennessee,TN,fg-act,2025,1.0
Tennessee,TN,fg-br,2025,0.7
Tennessee,TN,fg-play,2025,0.2
Tennessee,TN,fg-read,2025,1.0
Tennessee,TN,fg-sch,2025,-0.3
Tennessee,TN,fg-yorg,2025,0.8
Tennessee,TN,fh-eat,2025,0.7
Tennessee,TN,fh-ed,2025,1.1
Tennessee,TN,fh-ma,2025,0.9
Tennessee,TN,fh-read,2025,1.8
Tennessee,TN,fh-spf,2025,1.2
Tennessee,TN,fh-time,2025,0.9
Tennessee,TN,fh-tv,2025,0.0
Tennessee,TN,fh-uw,2025,0.6
Tennessee,TN,sc-born,2025,1.7
Tennessee,TN,sc-eng-a,2025,2.8
Tennessee,TN,sc-eng-c,2025,1.7
Tennessee,TN,sc-mid,2025,1.8
Tennessee,TN,sm-em,2025,1.2
Tennessee,TN,sm-grad,2025,2.0
Tennessee,TN,sm-hr,2025,2.6
Tennessee,TN,sm-neet,2025,2.1
Tennessee,TN,st-fc,2025,4.2
Tennessee,TN,st-fc trust,2025,3.4
Tennessee,TN,st-fcc,2025,3.1
Tennessee,TN,st-vc,2025,-0.5
Texas,TX,Civic Engagement,2025,2.7
Texas,TX,Community Life,2025,-1.1
Texas,TX,Family Health,2025,6.0
Texas,TX,Future Generations,2025,5.6
Texas,TX,Social Cohesion,2025,-0.9
Texas,TX,Social Mobility,2025,7.8
Texas,TX,Social Trust,2025,9.7
Texas,TX,Total,2025,30.0
Texas,TX,ce-ao,2025,1.9
Texas,TX,ce-vt,2025,-0.3
Texas,TX,cl-cdd,2025,-1.9
Texas,TX,cl-don,2025,-0.4
Texas,TX,cl-mem,2025,0.1
Texas,TX,cl-np,2025,0.6
Texas,TX,cl-npo,2025,0.5
Texas,TX,cl-porg,2025,0.7
Texas,TX,cl-rel,2025,0.0
Texas,TX,cl-ta,2025,-0.4
Texas,TX,cl-tfn,2025,-1.9
Texas,TX,cl-vol,2025,0.3
Texas,TX,cv-pm,2025,1.1
Texas,TX,fg-act,2025,0.9
Texas,TX,fg-br,2025,1.6
Texas,TX,fg-play,2025,0.1
Texas,TX,fg-read,2025,1.7
Texas,TX,fg-sch,2025,1.2
Texas,TX,fg-yorg,2025,0.9
Texas,TX,fh-eat,2025,2.5
Texas,TX,fh-ed,2025,-0.3
Texas,TX,fh-ma,2025,1.4
Texas,TX,fh-read,2025,-0.8
Texas,TX,fh-spf,2025,2.6
Texas,TX,fh-time,2025,0.8
Texas,TX,fh-tv,2025,0.0
Texas,TX,fh-uw,2025,0.7
Texas,TX,sc-born,2025,1.8
Texas,TX,sc-eng-a,2025,-1.4
Texas,TX,sc-eng-c,2025,-2.8
Texas,TX,sc-mid,2025,1.5
Texas,TX,sm-em,2025,1.6
Texas,TX,sm-grad,2025,2.7
Texas,TX,sm-hr,2025,1.9
Texas,TX,sm-neet,2025,1.7
Texas,TX,st-fc,2025,2.7
Texas,TX,st-fc trust,2025,2.6
Texas,TX,st-fcc,2025,2.7
Texas,TX,st-vc,2025,1.7
United States,US,Civic Engagement,2025,8.1
United States,US,Community Life,2025,0.2
United States,US,Family Health,2025,6.9
United States,US,Future Generations,2025,4.1
United States,US,Social Cohesion,2025,4.4
United States,US,Social Mobility,2025,9.7
United States,US,Social Trust,2025,10.4
United States,US,Total,2025,43.9
United States,US,ce-ao,2025,2.4
United States,US,ce-vt,2025,3.1
United States,US,cl-cdd,2025,-1.8
United States,US,cl-don,2025,0.4
United States,US,cl-mem,2025,0.7
United States,US,cl-np,2025,0.6
United States,US,cl-npo,2025,0.7
United States,US,cl-porg,2025,0.8
United States,US,cl-rel,2025,-0.4
United States,US,cl-ta,2025,-0.9
United States,US,cl-tfn,2025,-1.7
United States,US,cl-vol,2025,0.6
United States,US,cv-pm,2025,2.7
United States,US,fg-act,2025,0.9
United States,US,fg-br,2025,-0.1
United States,US,fg-play,2025,0.8
United States,US,fg-read,2025,1.4
United States,US,fg-sch,2025,0.9
United States,US,fg-yorg,2025,1.0
United States,US,fh-eat,2025,1.8
United States,US,fh-ed,2025,0.7
United States,US,fh-ma,2025,0.9
United States,US,fh-read,2025,0.9
United States,US,fh-spf,2025,2.0
United States,US,fh-time,2025,0.8
United States,US,fh-tv,2025,0.0
United States,US,fh-uw,2025,1.0
United States,US,sc-born,2025,1.7
United States,US,sc-eng-a,2025,0.6
United States,US,sc-eng-c,2025,0.3
United States,US,sc-mid,2025,1.8
United States,US,sm-em,2025,1.6
United States,US,sm-grad,2025,3.3
United States,US,sm-hr,2025,2.3
United States,US,sm-neet,2025,2.5
United States,US,st-fc,2025,3.2
United States,US,st-fc trust,2025,2.9
United States,US,st-fcc,2025,2.3
United States,US,st-vc,2025,2.0
Utah,UT,Civic Engagement,2025,9.3
Utah,UT,Community Life,2025,12.5
Utah,UT,Family Health,2025,13.5
Utah,UT,Future Generations,2025,7.2
Utah,UT,Social Cohesion,2025,9.9
Utah,UT,Social Mobility,2025,14.2
Utah,UT,Social Trust,2025,15.7
Utah,UT,Total,2025,82.4
Utah,UT,ce-ao,2025,1.9
Utah,UT,ce-vt,2025,3.2
Utah,UT,cl-cdd,2025,-1.0
Utah,UT,cl-don,2025,2.9
Utah,UT,cl-mem,2025,4.6
Utah,UT,cl-np,2025,-0.2
Utah,UT,cl-npo,2025,0.5
Utah,UT,cl-porg,2025,0.9
Utah,UT,cl-rel,2025,1.5
Utah,UT,cl-ta,2025,0.2
Utah,UT,cl-tfn,2025,-2.2
Utah,UT,cl-vol,2025,4.1
Utah,UT,cv-pm,2025,4.2
Utah,UT,fg-act,2025,0.5
Utah,UT,fg-br,2025,3.0
Utah,UT,fg-play,2025,3.6
Utah,UT,fg-read,2025,3.9
Utah,UT,fg-sch,2025,0.5
Utah,UT,fg-yorg,2025,0.1
Utah,UT,fh-eat,2025,0.5
Utah,UT,fh-ed,2025,0.6
Utah,UT,fh-ma,2025,3.4
Utah,UT,fh-read,2025,0.5
Utah,UT,fh-spf,2025,4.1
Utah,UT,fh-time,2025,0.6
Utah,UT,fh-tv,2025,0.0
Utah,UT,fh-uw,2025,3.8
Utah,UT,sc-born,2025,2.3
Utah,UT,sc-eng-a,2025,2.0
Utah,UT,sc-eng-c,2025,2.4
Utah,UT,sc-mid,2025,3.3
Utah,UT,sm-em,2025,2.6
Utah,UT,sm-grad,2025,3.9
Utah,UT,sm-hr,2025,4.0
Utah,UT,sm-neet,2025,3.7
Utah,UT,st-fc,2025,4.4
Utah,UT,st-fc trust,2025,4.7
Utah,UT,st-fcc,2025,3.3
Utah,UT,st-vc,2025,3.4
Vermont,VT,Civic Engagement,2025,21.1
Vermont,VT,Community Life,2025,3.6
Vermont,VT,Family Health,2025,12.0
Vermont,VT,Future Generations,2025,5.5
Vermont,VT,Social Cohesion,2025,10.2
Vermont,VT,Social Mobility,2025,15.4
Vermont,VT,Social Trust,2025,12.6
Vermont,VT,Total,2025,80.5
Vermont,VT,ce-ao,2025,2.0
Vermont,VT,ce-vt,2025,6.3
Vermont,VT,cl-cdd,2025,-2.2
Vermont,VT,cl-don,2025,1.8
Vermont,VT,cl-mem,2025,2.6
Vermont,VT,cl-np,2025,0.1
Vermont,VT,cl-npo,2025,0.7
Vermont,VT,cl-porg,2025,0.7
Vermont,VT,cl-rel,2025,-1.9
Vermont,VT,cl-ta,2025,-1.7
Vermont,VT,cl-tfn,2025,-1.6
Vermont,VT,cl-vol,2025,3.0
Vermont,VT,cv-pm,2025,12.9
Vermont,VT,fg-act,2025,-0.5
Vermont,VT,fg-br,2025,-2.5
Vermont,VT,fg-play,2025,0.4
Vermont,VT,fg-read,2025,-1.2
Vermont,VT,fg-sch,2025,3.6
Vermont,VT,fg-yorg,2025,2.2
Vermont,VT,fh-eat,2025,2.3
Vermont,VT,fh-ed,2025,2.3
Vermont,VT,fh-ma,2025,0.9
Vermont,VT,fh-read,2025,5.0
Vermont,VT,fh-spf,2025,0.2
Vermont,VT,fh-time,2025,1.5
Vermont,VT,fh-tv,2025,0.0
Vermont,VT,fh-uw,2025,1.8
Vermont,VT,sc-born,2025,0.1
Vermont,VT,sc-eng-a,2025,3.8
Vermont,VT,sc-eng-c,2025,4.1
Vermont,VT,sc-mid,2025,2.3
Vermont,VT,sm-em,2025,0.4
Vermont,VT,sm-grad,2025,5.5
Vermont,VT,sm-hr,2025,5.3
Vermont,VT,sm-neet,2025,4.2
Vermont,VT,st-fc,2025,3.4
Vermont,VT,st-fc trust,2025,2.2
Vermont,VT,st-fcc,2025,3.5
Vermont,VT,st-vc,2025,3.6
Virginia,VA,Civic Engagement,2025,11.0
Virginia,VA,Community Life,2025,3.0
Virginia,VA,Family Health,2025,9.0
Virginia,VA,Future Generations,2025,1.4
Virginia,VA,Social Cohesion,2025,4.8
Virginia,VA,Social Mobility,2025,12.4
Virginia,VA,Social Trust,2025,11.6
Virginia,VA,Total,2025,53.3
Virginia,VA,ce-ao,2025,2.6
Virginia,VA,ce-vt,2025,6.4
Virginia,VA,cl-cdd,2025,-1.1
Virginia,VA,cl-don,2025,1.5
Virginia,VA,cl-mem,2025,1.0
Virginia,VA,cl-np,2025,0.9
Virginia,VA,cl-npo,2025,0.6
Virginia,VA,cl-porg,2025,0.8
Virginia,VA,cl-rel,2025,0.1
Virginia,VA,cl-ta,2025,-1.0
Virginia,VA,cl-tfn,2025,-1.4
Virginia,VA,cl-vol,2025,1.4
Virginia,VA,cv-pm,2025,2.1
Virginia,VA,fg-act,2025,0.4
Virginia,VA,fg-br,2025,-0.1
Virginia,VA,fg-play,2025,0.6
Virginia,VA,fg-read,2025,0.5
Virginia,VA,fg-sch,2025,0.2
Virginia,VA,fg-yorg,2025,0.3
Virginia,VA,fh-eat,2025,1.8
Virginia,VA,fh-ed,2025,0.8
Virginia,VA,fh-ma,2025,1.5
Virginia,VA,fh-read,2025,1.8
Virginia,VA,fh-spf,2025,1.9
Virginia,VA,fh-time,2025,0.9
Virginia,VA,fh-tv,2025,0.0
Virginia,VA,fh-uw,2025,1.9
Virginia,VA,sc-born,2025,0.4
Virginia,VA,sc-eng-a,2025,1.6
Virginia,VA,sc-eng-c,2025,1.4
Virginia,VA,sc-mid,2025,1.4
Virginia,VA,sm-em,2025,0.6
Virginia,VA,sm-grad,2025,5.1
Virginia,VA,sm-hr,2025,3.0
Virginia,VA,sm-neet,2025,3.7
Virginia,VA,st-fc,2025,2.7
Virginia,VA,st-fc trust,2025,3.4
Virginia,VA,st-fcc,2025,2.2
Virginia,VA,st-vc,2025,3.3
Washington,WA,Civic Engagement,2025,10.3
Washington,WA,Community Life,2025,1.3
Washington,WA,Family Health,2025,12.9
Washington,WA,Future Generations,2025,3.4
Washington,WA,Social Cohesion,2025,2.6
Washington,WA,Social Mobility,2025,8.6
Washington,WA,Social Trust,2025,13.9
Washington,WA,Total,2025,53.0
Washington,WA,ce-ao,2025,1.9
Washington,WA,ce-vt,2025,5.9
Washington,WA,cl-cdd,2025,-1.5
Washington,WA,cl-don,2025,1.8
Washington,WA,cl-mem,2025,0.6
Washington,WA,cl-np,2025,0.2
Washington,WA,cl-npo,2025,0.5
Washington,WA,cl-porg,2025,0.7
Washington,WA,cl-rel,2025,-1.0
Washington,WA,cl-ta,2025,-1.2
Washington,WA,cl-tfn,2025,-1.5
Washington,WA,cl-vol,2025,1.4
Washington,WA,cv-pm,2025,2.4
Washington,WA,fg-act,2025,1.5
Washington,WA,fg-br,2025,-0.4
Washington,WA,fg-play,2025,1.2
Washington,WA,fg-read,2025,3.0
Washington,WA,fg-sch,2025,0.4
Washington,WA,fg-yorg,2025,1.0
Washington,WA,fh-eat,2025,4.2
Washington,WA,fh-ed,2025,0.7
Washington,WA,fh-ma,2025,1.4
Washington,WA,fh-read,2025,2.9
Washington,WA,fh-spf,2025,2.0
Washington,WA,fh-time,2025,1.3
Washington,WA,fh-tv,2025,0.0
Washington,WA,fh-uw,2025,2.5
Washington,WA,sc-born,2025,0.0
Washington,WA,sc-eng-a,2025,0.9
Washington,WA,sc-eng-c,2025,-0.1
Washington,WA,sc-mid,2025,1.8
Washington,WA,sm-em,2025,-0.2
Washington,WA,sm-grad,2025,4.5
Washington,WA,sm-hr,2025,1.9
Washington,WA,sm-neet,2025,2.3
Washington,WA,st-fc,2025,4.7
Washington,WA,st-fc trust,2025,4.0
Washington,WA,st-fcc,2025,3.0
Washington,WA,st-vc,2025,2.1
West Virginia,WV,Civic Engagement,2025,2.6
West Virginia,WV,Community Life,2025,-5.4
West Virginia,WV,Family Health,2025,3.7
West Virginia,WV,Future Generations,2025,4.2
West Virginia,WV,Social Cohesion,2025,13.0
West Virginia,WV,Social Mobility,2025,6.0
West Virginia,WV,Social Trust,2025,6.6
West Virginia,WV,Total,2025,30.8
West Virginia,WV,ce-ao,2025,1.9
West Virginia,WV,ce-vt,2025,-0.8
West Virginia,WV,cl-cdd,2025,-2.4
West Virginia,WV,cl-don,2025,-1.7
West Virginia,WV,cl-mem,2025,0.0
West Virginia,WV,cl-np,2025,0.0
West Virginia,WV,cl-npo,2025,0.5
West Virginia,WV,cl-porg,2025,0.7
West Virginia,WV,cl-rel,2025,-0.5
West Virginia,WV,cl-ta,2025,-1.7
West Virginia,WV,cl-tfn,2025,-2.3
West Virginia,WV,cl-vol,2025,-0.3
West Virginia,WV,cv-pm,2025,1.5
West Virginia,WV,fg-act,2025,-1.9
West Virginia,WV,fg-br,2025,-1.2
West Virginia,WV,fg-play,2025,1.8
West Virginia,WV,fg-read,2025,-0.4
West Virginia,WV,fg-sch,2025,2.1
West Virginia,WV,fg-yorg,2025,0.2
West Virginia,WV,fh-eat,2025,1.8
West Virginia,WV,fh-ed,2025,0.2
West Virginia,WV,fh-ma,2025,0.5
West Virginia,WV,fh-read,2025,-0.4
West Virginia,WV,fh-spf,2025,0.4
West Virginia,WV,fh-time,2025,1.8
West Virginia,WV,fh-tv,2025,0.0
West Virginia,WV,fh-uw,2025,0.2
West Virginia,WV,sc-born,2025,3.3
West Virginia,WV,sc-eng-a,2025,4.0
West Virginia,WV,sc-eng-c,2025,4.3
West Virginia,WV,sc-mid,2025,1.4
West Virginia,WV,sm-em,2025,1.4
West Virginia,WV,sm-grad,2025,-0.3
West Virginia,WV,sm-hr,2025,4.8
West Virginia,WV,sm-neet,2025,0.2
West Virginia,WV,st-fc,2025,1.9
West Virginia,WV,st-fc trust,2025,1.4
West Virginia,WV,st-fcc,2025,0.4
West Virginia,WV,st-vc,2025,3.0
Wisconsin,WI,Civic Engagement,2025,15.4
Wisconsin,WI,Community Life,2025,0.1
Wisconsin,WI,Family Health,2025,5.8
Wisconsin,WI,Future Generations,2025,2.9
Wisconsin,WI,Social Cohesion,2025,11.5
Wisconsin,WI,Social Mobility,2025,12.0
Wisconsin,WI,Social Trust,2025,14.4
Wisconsin,WI,Total,2025,62.1
Wisconsin,WI,ce-ao,2025,2.4
Wisconsin,WI,ce-vt,2025,8.9
Wisconsin,WI,cl-cdd,2025,-2.1
Wisconsin,WI,cl-don,2025,1.4
Wisconsin,WI,cl-mem,2025,0.5
Wisconsin,WI,cl-np,2025,0.4
Wisconsin,WI,cl-npo,2025,0.6
Wisconsin,WI,cl-porg,2025,0.7
Wisconsin,WI,cl-rel,2025,-0.7
Wisconsin,WI,cl-ta,2025,-1.3
Wisconsin,WI,cl-tfn,2025,-2.0
Wisconsin,WI,cl-vol,2025,0.9
Wisconsin,WI,cv-pm,2025,4.1
Wisconsin,WI,fg-act,2025,1.1
Wisconsin,WI,fg-br,2025,-0.6
Wisconsin,WI,fg-play,2025,1.1
Wisconsin,WI,fg-read,2025,1.1
Wisconsin,WI,fg-sch,2025,0.5
Wisconsin,WI,fg-yorg,2025,0.9
Wisconsin,WI,fh-eat,2025,0.1
Wisconsin,WI,fh-ed,2025,0.7
Wisconsin,WI,fh-ma,2025,0.7
Wisconsin,WI,fh-read,2025,1.4
Wisconsin,WI,fh-spf,2025,0.2
Wisconsin,WI,fh-time,2025,1.2
Wisconsin,WI,fh-tv,2025,0.0
Wisconsin,WI,fh-uw,2025,1.4
Wisconsin,WI,sc-born,2025,3.8
Wisconsin,WI,sc-eng-a,2025,3.0
Wisconsin,WI,sc-eng-c,2025,2.4
Wisconsin,WI,sc-mid,2025,2.4
Wisconsin,WI,sm-em,2025,1.6
Wisconsin,WI,sm-grad,2025,2.6
Wisconsin,WI,sm-hr,2025,3.7
Wisconsin,WI,sm-neet,2025,4.1
Wisconsin,WI,st-fc,2025,5.3
Wisconsin,WI,st-fc trust,2025,3.6
Wisconsin,WI,st-fcc,2025,2.7
Wisconsin,WI,st-vc,2025,2.8
Wyoming,WY,Civic Engagement,2025,9.5
Wyoming,WY,Community Life,2025,0.0
Wyoming,WY,Family Health,2025,9.8
Wyoming,WY,Future Generations,2025,5.0
Wyoming,WY,Social Cohesion,2025,9.1
Wyoming,WY,Social Mobility,2025,10.2
Wyoming,WY,Social Trust,2025,13.5
Wyoming,WY,Total,2025,57.2
Wyoming,WY,ce-ao,2025,1.9
Wyoming,WY,ce-vt,2025,1.9
Wyoming,WY,cl-cdd,2025,-2.2
Wyoming,WY,cl-don,2025,0.5
Wyoming,WY,cl-mem,2025,1.5
Wyoming,WY,cl-np,2025,0.0
Wyoming,WY,cl-npo,2025,0.5
Wyoming,WY,cl-porg,2025,0.7
Wyoming,WY,cl-rel,2025,-0.6
Wyoming,WY,cl-ta,2025,-1.6
Wyoming,WY,cl-tfn,2025,-2.3
Wyoming,WY,cl-vol,2025,1.4
Wyoming,WY,cv-pm,2025,5.7
Wyoming,WY,fg-act,2025,0.1
Wyoming,WY,fg-br,2025,-0.5
Wyoming,WY,fg-play,2025,1.8
Wyoming,WY,fg-read,2025,0.5
Wyoming,WY,fg-sch,2025,1.1
Wyoming,WY,fg-yorg,2025,0.9
Wyoming,WY,fh-eat,2025,2.7
Wyoming,WY,fh-ed,2025,1.5
Wyoming,WY,fh-ma,2025,1.5
Wyoming,WY,fh-read,2025,1.2
Wyoming,WY,fh-spf,2025,0.1
Wyoming,WY,fh-time,2025,2.3
Wyoming,WY,fh-tv,2025,0.0
Wyoming,WY,fh-uw,2025,2.3
Wyoming,WY,sc-born,2025,-0.6
Wyoming,WY,sc-eng-a,2025,3.4
Wyoming,WY,sc-eng-c,2025,3.7
Wyoming,WY,sc-mid,2025,2.6
Wyoming,WY,sm-em,2025,1.0
Wyoming,WY,sm-grad,2025,1.6
Wyoming,WY,sm-hr,2025,4.0
Wyoming,WY,sm-neet,2025,3.6
Wyoming,WY,st-fc,2025,3.4
Wyoming,WY,st-fc trust,2025,3.2
Wyoming,WY,st-fcc,2025,3.1
Wyoming,WY,st-vc,2025,3.8
