State,State Code,Metric,2013,2017,2021,2025
Alabama,AL,Civic Engagement,4.47101176,2.878913976,5.335981008,2.489102698
Alabama,AL,Community Life,6.484992501,7.537981016,-0.09550704,-3.43374731
Alabama,AL,Family Health,4.914823131,4.607563037,3.457699951,5.166592858
Alabama,AL,Future Generations,6.603434641,4.933202103,3.581020615,3.55168716
Alabama,AL,Social Cohesion,11.32232796,11.34109066,11.64046908,10.79440383
Alabama,AL,Social Mobility,2.360867102,3.739177301,6.613267263,8.807001032
Alabama,AL,Social Trust,1.024006855,2.68543249,6.335821821,7.033213733
Alabama,AL,Total,37.18146395,37.72336058,36.8687527,34.408254
Alabama,AL,ce-ao,1.909101982,1.912499398,1.894370132,1.927903799
Alabama,AL,ce-vt,2.144965139,0.071147223,1.502205546,0.781396574
Alabama,AL,cl-cdd,1.064473535,0.736958319,-1.724996175,-1.872252918
Alabama,AL,cl-don,1.514091042,0.620509338,-0.951428355,-0.732826127
Alabama,AL,cl-mem,-0.326799114,0.163820487,0.212015959,0.194043821
Alabama,AL,cl-np,0.935999044,0.935181945,0.664601674,0.658841571
Alabama,AL,cl-npo,0.599175573,0.626797977,0.589475939,0.555004595
Alabama,AL,cl-porg,0.732065919,0.72562924,0.717394902,0.691145343
Alabama,AL,cl-rel,2.862768697,2.742680302,0.70117759,0.70117759
Alabama,AL,cl-ta,1.055914527,0.800482726,-0.192855354,-0.597752188
Alabama,AL,cl-tfn,-0.460344088,0.862569075,-0.401062071,-3.429433364
Alabama,AL,cl-vol,0.508119944,0.99549187,-0.770225648,-0.81510698
Alabama,AL,cv-pm,0.416944639,0.895267355,1.939405331,-0.220197674
Alabama,AL,fg-act,-0.831915094,0.02344968,1.595893884,0.10127275
Alabama,AL,fg-br,1.298411307,1.231678635,0.956406365,0.439228161
Alabama,AL,fg-play,0.761541341,0.589787841,0.5658126,0.562720024
Alabama,AL,fg-read,0.404152258,-0.318008959,1.350555418,0.898190962
Alabama,AL,fg-sch,1.743318992,0.951734446,0.530617767,0.99641378
Alabama,AL,fg-yorg,0.599018122,0.51560048,0.334510344,0.369429475
Alabama,AL,fh-eat,2.427453233,0.893394805,1.749147692,3.316169295
Alabama,AL,fh-ed,-2.183421237,0.248361675,0.379877974,-0.439173167
Alabama,AL,fh-ma,1.068783397,0.773126806,0.960751102,0.659342602
Alabama,AL,fh-read,1.171337791,0.966828308,0.023909343,-0.175935583
Alabama,AL,fh-spf,0.586244319,0.411368675,0.641261896,0.598509367
Alabama,AL,fh-time,1.268198307,1.48072797,0.360726567,2.065263349
Alabama,AL,fh-tv,1.19047619,1.19047619,0,0
Alabama,AL,fh-uw,0.57622732,-0.166245202,-0.081691298,0.003515806
Alabama,AL,sc-born,3.78954194,3.761208173,3.634554503,3.167090799
Alabama,AL,sc-eng-a,3.24864164,3.35891682,3.380975801,3.294603447
Alabama,AL,sc-eng-c,3.207355258,3.20279597,3.39506345,2.92727942
Alabama,AL,sc-mid,1.076789122,1.018169699,1.229875326,1.405430165
Alabama,AL,sm-em,2.1289499,2.1289499,2.1289499,2.1289499
Alabama,AL,sm-grad,-0.775271362,-0.218534441,0.422636359,1.165325043
Alabama,AL,sm-hr,2.99571286,2.441191192,3.002407763,3.622331631
Alabama,AL,sm-neet,-1.988524296,-0.61242935,1.05927324,1.890394458
Alabama,AL,st-fc,-0.872096452,-0.53833875,1.836789077,0.985143834
Alabama,AL,st-fc trust,-0.875811709,1.078277581,1.794650438,2.624854125
Alabama,AL,st-fcc,1.235341596,1.12206934,2.000049353,1.730998447
Alabama,AL,st-vc,1.536573419,1.023424319,0.704332953,1.692217327
Alaska,AK,Civic Engagement,11.87765753,10.96335437,13.80818768,13.03781512
Alaska,AK,Community Life,10.04121282,10.57578964,4.752051019,0.660068614
Alaska,AK,Family Health,13.20084508,9.779619625,11.52301551,11.15275613
Alaska,AK,Future Generations,20.43237998,19.86084983,12.06272279,9.08981236
Alaska,AK,Social Cohesion,5.049479089,5.927072264,6.932914087,6.936639491
Alaska,AK,Social Mobility,-2.716910213,0.084580632,-2.820193703,1.761638326
Alaska,AK,Social Trust,1.165713699,2.053254211,4.76879347,6.243506187
Alaska,AK,Total,59.05037798,59.24452057,51.02749086,48.88223623
Alaska,AK,ce-ao,2.473265894,2.704824467,2.552793228,2.521918467
Alaska,AK,ce-vt,0.538066156,1.88386701,3.017281729,5.72146316
Alaska,AK,cl-cdd,-0.047920045,-0.306956303,-2.034764506,-2.179885676
Alaska,AK,cl-don,2.503471757,1.417476964,0.264168022,0.447387486
Alaska,AK,cl-mem,3.039092634,1.316876221,1.113319604,1.828327909
Alaska,AK,cl-np,0.250568855,0.331599569,0.278714675,0.261934707
Alaska,AK,cl-npo,0.924155241,1.044162554,0.898313668,0.677495187
Alaska,AK,cl-porg,0.796841237,0.78989768,0.78797739,0.696507498
Alaska,AK,cl-rel,-0.739883149,0.22082401,-1.100148333,-1.100148333
Alaska,AK,cl-ta,0.64310195,2.801059202,2.373519134,-0.01902065
Alaska,AK,cl-tfn,1.068671155,-0.335591027,-0.014544042,-3.576372659
Alaska,AK,cl-vol,1.80576199,3.321084033,0.429445577,1.705892177
Alaska,AK,cv-pm,8.866325479,6.374662898,8.238112726,4.794433492
Alaska,AK,fg-act,-0.445865824,-0.166328025,4.934939314,5.516107202
Alaska,AK,fg-br,4.209624101,3.734153817,2.190960788,1.240020219
Alaska,AK,fg-play,1.914574102,1.708466316,1.1793722,0.669603672
Alaska,AK,fg-read,0.575102684,0.811282586,8.185403121,-0.758519236
Alaska,AK,fg-sch,4.621943544,4.845294392,2.655679753,3.105583689
Alaska,AK,fg-yorg,2.875444905,2.952652029,2.015802455,1.044667327
Alaska,AK,fh-eat,3.833159405,2.437488048,4.122397149,3.761824909
Alaska,AK,fh-ed,1.004597346,1.400490888,0.192244587,1.151795543
Alaska,AK,fh-ma,1.176379213,0.957600832,1.494953873,0.360128712
Alaska,AK,fh-read,3.240708348,1.537206926,2.649955106,2.114137377
Alaska,AK,fh-spf,1.297998382,1.320269585,1.474276498,1.187010908
Alaska,AK,fh-time,0.904120548,0.509293408,1.827743108,2.793260932
Alaska,AK,fh-tv,1.19047619,1.19047619,0,0
Alaska,AK,fh-uw,1.743881837,1.617269938,1.68194777,1.643390438
Alaska,AK,sc-born,-0.937158005,-0.634728244,-0.460634599,-0.461571265
Alaska,AK,sc-eng-a,1.881532719,2.042077374,2.242514517,2.369287957
Alaska,AK,sc-eng-c,1.503908697,1.965211154,2.360131207,2.57663202
Alaska,AK,sc-mid,2.601195678,2.554511979,2.790902962,2.452290778
Alaska,AK,sm-em,-3.244721921,-3.244721921,-3.244721921,-3.244721921
Alaska,AK,sm-grad,0.427778353,1.400230191,1.546707339,2.143461922
Alaska,AK,sm-hr,1.190894335,1.586262098,1.862945073,2.867961712
Alaska,AK,sm-neet,-1.090860981,0.342810263,-2.985124195,-0.005063388
Alaska,AK,st-fc,3.070059348,0.825666866,1.606701771,3.960096706
Alaska,AK,st-fc trust,0.365165281,0.994938971,2.786130474,2.272354251
Alaska,AK,st-fcc,-1.940666564,1.723185987,3.207617007,1.465255476
Alaska,AK,st-vc,-0.328844365,-1.490537613,-2.831655782,-1.454200245
Arizona,AZ,Civic Engagement,2.517604211,2.791984814,11.03946199,6.70772047
Arizona,AZ,Community Life,4.269999021,5.866923333,2.712259768,0.198374771
Arizona,AZ,Family Health,7.82295969,5.258546787,4.7676803,6.490747885
Arizona,AZ,Future Generations,6.597766497,3.241849465,1.320745418,-0.437084679
Arizona,AZ,Social Cohesion,-0.698945839,1.384155345,2.69822885,2.607088346
Arizona,AZ,Social Mobility,-1.167518996,0.72097928,4.396347444,6.758650572
Arizona,AZ,Social Trust,-7.428575577,6.281654113,7.032460215,12.01645431
Arizona,AZ,Total,11.91328901,25.54609314,33.96718398,34.34195168
Arizona,AZ,ce-ao,2.01708148,2.121061783,2.233210464,2.044496226
Arizona,AZ,ce-vt,-0.609718831,1.455008627,6.736105089,2.92545893
Arizona,AZ,cl-cdd,1.323946517,0.967982889,-1.455199993,-1.736767401
Arizona,AZ,cl-don,0.407882615,0.957879589,0.398275785,0.532270979
Arizona,AZ,cl-mem,-0.122864041,-0.31806115,0.156117966,0.528666548
Arizona,AZ,cl-np,0.916478177,5.5855393,0.455208697,0.367416347
Arizona,AZ,cl-npo,0.602105535,0.636205641,0.576938287,0.537601722
Arizona,AZ,cl-porg,0.793876382,0.799433708,0.772069898,0.687446887
Arizona,AZ,cl-rel,0.100735615,0.70117759,-0.259529569,-0.259529569
Arizona,AZ,cl-ta,1.661502854,0.921394768,1.090245447,-0.822585467
Arizona,AZ,cl-tfn,0.529745862,0.709403875,0.167543648,-1.916994611
Arizona,AZ,cl-vol,0.297014199,1.459489313,-0.189401694,0.911498282
Arizona,AZ,cv-pm,1.110241562,-0.784085596,2.070146432,1.737765314
Arizona,AZ,fg-act,0.79922927,0.253610549,0.296582753,2.558050545
Arizona,AZ,fg-br,1.999104358,1.415193482,0.088881635,-0.244781722
Arizona,AZ,fg-play,1.463170956,0.755850947,1.10501378,0.51550609
Arizona,AZ,fg-read,1.358076877,-0.176108084,1.7717812,1.131707107
Arizona,AZ,fg-sch,0.358837591,-0.717106946,-0.639142915,-0.797487833
Arizona,AZ,fg-yorg,0.577398094,0.707295493,0.325744445,0.235373679
Arizona,AZ,fh-eat,3.137565581,1.230818122,1.997298826,1.45124093
Arizona,AZ,fh-ed,-0.146649539,-0.311519218,-1.763074498,0.502457021
Arizona,AZ,fh-ma,0.826680857,0.809405345,0.951445984,0.742585446
Arizona,AZ,fh-read,1.694802082,0.071413862,-0.038768518,0.566001979
Arizona,AZ,fh-spf,1.14123046,1.361036102,1.847747676,2.123057521
Arizona,AZ,fh-time,1.080469013,1.910280504,1.679228976,1.03963034
Arizona,AZ,fh-tv,1.020408163,1.020408163,0,0
Arizona,AZ,fh-uw,0.088861236,0.18711207,0.093801855,0.065774647
Arizona,AZ,sc-born,-1.161715675,-1.026791857,-0.931878307,-1.046284396
Arizona,AZ,sc-eng-a,-0.128535495,0.189962219,0.530626662,0.769708678
Arizona,AZ,sc-eng-c,-1.242027922,0.412241668,1.048461721,0.986784403
Arizona,AZ,sc-mid,1.833333253,1.808743315,2.051018773,1.896879662
Arizona,AZ,sm-em,-0.058901708,-0.058901708,-0.058901708,-0.058901708
Arizona,AZ,sm-grad,0.48903393,0.822091458,1.541966291,2.5176922
Arizona,AZ,sm-hr,0.681903444,0.197106533,1.587593852,2.619018797
Arizona,AZ,sm-neet,-2.279554662,-0.239317002,1.325689009,1.680841283
Arizona,AZ,st-fc,-14.1206138,0.277176876,0.4224018,4.057733129
Arizona,AZ,st-fc trust,3.150375534,3.279797356,3.749047912,4.149884975
Arizona,AZ,st-fcc,1.940340068,1.087763485,1.598060584,2.164558609
Arizona,AZ,st-vc,1.601322616,1.636916396,1.262949918,1.644277602
Arkansas,AR,Civic Engagement,-0.073729245,3.090708612,3.164184357,0.258253268
Arkansas,AR,Community Life,5.405645217,6.725725657,3.348207814,-0.960065881
Arkansas,AR,Family Health,6.627359506,3.861493176,2.021465443,5.020340321
Arkansas,AR,Future Generations,9.813667364,7.075290232,5.001288371,3.177743359
Arkansas,AR,Social Cohesion,9.456332287,9.56382253,9.602184132,9.730590483
Arkansas,AR,Social Mobility,2.621812117,3.077696711,6.139027193,7.255432461
Arkansas,AR,Social Trust,5.859283501,7.114478027,7.309177746,8.842124783
Arkansas,AR,Total,39.71037075,40.50921495,36.58553506,33.32441879
Arkansas,AR,ce-ao,1.876237607,1.891371044,1.881997812,1.882333944
Arkansas,AR,ce-vt,-1.803415218,0.661246441,-1.482035422,-1.720774699
Arkansas,AR,cl-cdd,0.232458602,0.017265785,-1.972319155,-2.090227148
Arkansas,AR,cl-don,-0.156173407,0.465831914,1.029377063,0.069658556
Arkansas,AR,cl-mem,-0.332452125,-0.066738613,-0.075435419,-0.026759036
Arkansas,AR,cl-np,0.724505454,0.722607099,0.977350446,0.306792116
Arkansas,AR,cl-npo,0.893027473,0.696734117,0.741527435,0.500437327
Arkansas,AR,cl-porg,0.784991632,0.798377929,0.788273471,0.703486985
Arkansas,AR,cl-rel,2.622591907,1.541796354,0.22082401,0.22082401
Arkansas,AR,cl-ta,0.853517861,1.243292703,0.502596813,-0.503430105
Arkansas,AR,cl-tfn,1.172487276,0.596312505,0.633237628,-2.503805824
Arkansas,AR,cl-vol,-0.432345401,1.45011875,-0.492193189,0.579522206
Arkansas,AR,cv-pm,-0.146551633,0.538091126,2.764221966,0.096694023
Arkansas,AR,fg-act,0.975697262,-0.442236937,1.422283371,-0.358731125
Arkansas,AR,fg-br,1.98242119,1.882322182,1.098213292,0.581035088
Arkansas,AR,fg-play,0.861931866,0.577575568,0.371554571,0.402862188
Arkansas,AR,fg-read,0.951390187,-0.591510392,0.186736963,0.492609887
Arkansas,AR,fg-sch,3.024950483,1.557489371,1.379302604,0.879370264
Arkansas,AR,fg-yorg,0.673141371,0.699473033,0.48512178,0.255228033
Arkansas,AR,fh-eat,2.726875444,1.956454271,3.136111035,3.320621144
Arkansas,AR,fh-ed,-0.087470869,-1.095599317,-1.671882067,-0.047058899
Arkansas,AR,fh-ma,1.352691737,1.21437651,1.043734016,0.797903764
Arkansas,AR,fh-read,2.067239746,-0.666493689,-1.13238178,-0.084186779
Arkansas,AR,fh-spf,0.251175192,0.484983586,0.462889431,0.716057186
Arkansas,AR,fh-time,0.168849146,1.893315471,0.57556699,1.166496898
Arkansas,AR,fh-tv,1.19047619,1.19047619,0,0
Arkansas,AR,fh-uw,0.14799911,0.074456345,-0.055661275,-0.012769606
Arkansas,AR,sc-born,2.391714284,2.463279718,2.28093057,2.22988906
Arkansas,AR,sc-eng-a,2.884727035,2.895701546,2.878876418,2.847690608
Arkansas,AR,sc-eng-c,2.506106624,2.545387239,2.901999208,2.936102754
Arkansas,AR,sc-mid,1.673784344,1.659454027,1.540377935,1.71690806
Arkansas,AR,sm-em,3.702668566,3.702668566,3.702668566,3.702668566
Arkansas,AR,sm-grad,-1.341480173,-0.906963364,-0.456410752,0.372150994
Arkansas,AR,sm-hr,2.084169685,1.532735488,1.870235409,2.447478906
Arkansas,AR,sm-neet,-1.823545961,-1.250743979,1.02253397,0.733133995
Arkansas,AR,st-fc,2.189282731,2.491439584,2.869987253,2.972845249
Arkansas,AR,st-fc trust,1.162100703,2.05139175,2.781950449,3.010760025
Arkansas,AR,st-fcc,1.581492884,2.104649118,1.697427747,3.273684551
Arkansas,AR,st-vc,0.926407182,0.466997576,-0.040187702,-0.415165042
California,CA,Civic Engagement,3.641562868,3.084680769,8.68760593,5.695695104
California,CA,Community Life,6.633862937,5.906210962,-0.321088241,-2.946330016
California,CA,Family Health,11.40033069,10.16848155,1.851036754,1.006394226
California,CA,Future Generations,7.913983049,5.711538767,4.398430608,4.059525994
California,CA,Social Cohesion,-7.511197593,-5.564011743,-3.876494335,-3.90072631
California,CA,Social Mobility,0.226663957,2.382470803,5.118092018,6.22643707
California,CA,Social Trust,10.81734517,10.77598724,11.65094185,11.53468516
California,CA,Total,33.12255108,32.46535835,27.50852459,21.67568123
California,CA,ce-ao,1.977202234,2.039636744,2.004545509,2.049785862
California,CA,ce-vt,0.124863561,0.317507793,3.614129923,2.218423378
California,CA,cl-cdd,1.71335649,1.650682978,-0.585564287,-0.91872299
California,CA,cl-don,0.13836573,0.148232896,-1.124285378,-0.646219065
California,CA,cl-mem,0.404348972,0.096679706,0.072021079,0.143102841
California,CA,cl-np,0.714447354,0.548337475,0.327897254,0.342674832
California,CA,cl-npo,0.682386559,0.766552904,0.685282798,0.580089193
California,CA,cl-porg,0.740655463,0.745616552,0.731323461,0.690673129
California,CA,cl-rel,0.581089195,0.340912405,-0.980059938,-0.980059938
California,CA,cl-ta,1.577208859,1.310670926,0.555243826,-1.051669046
California,CA,cl-tfn,2.06838047,1.846161009,0.647569832,-1.620025347
California,CA,cl-vol,0.441427689,0.651384563,-0.908183919,-0.062221782
California,CA,cv-pm,1.539497073,0.727536232,3.068930498,1.427485864
California,CA,fg-act,1.678082579,1.36282581,1.340080175,1.062912425
California,CA,fg-br,2.099203365,1.465242985,0.414203409,-0.444979737
California,CA,fg-play,1.649900239,1.145637577,1.093735437,1.131245629
California,CA,fg-read,1.071453446,1.738629543,1.169591465,0.987209057
California,CA,fg-sch,0.619204208,0.163136601,0.607882255,0.678423662
California,CA,fg-yorg,0.907680887,1.033675348,0.816465971,1.341661109
California,CA,fh-eat,2.585494025,1.830330751,3.876646613,2.001010052
California,CA,fh-ed,1.771988587,1.6590591,-0.320128214,0.768395012
California,CA,fh-ma,1.153872216,1.312451585,1.554078099,1.177440813
California,CA,fh-read,1.00889911,-0.558872673,1.117640303,1.097235205
California,CA,fh-spf,3.391293512,3.879794131,4.759299161,5.010748579
California,CA,fh-time,0.528871699,0.952845935,0.74118073,0.688470748
California,CA,fh-tv,1.19047619,1.19047619,0,0
California,CA,fh-uw,0.959911542,1.09287272,-9.569173812,-9.569173812
California,CA,sc-born,1.312654552,1.391724538,1.594762611,1.618720575
California,CA,sc-eng-a,-4.563615125,-4.184272406,-3.61129813,-3.524499776
California,CA,sc-eng-c,-5.116416245,-3.489455188,-2.839373638,-3.017368448
California,CA,sc-mid,0.856179224,0.717991314,0.979414823,1.02242134
California,CA,sm-em,0.939065752,0.939065752,0.939065752,0.939065752
California,CA,sm-grad,1.577459785,2.151371883,2.952066222,3.679178952
California,CA,sm-hr,-1.68738593,-2.115767401,-1.523399326,-0.868662765
California,CA,sm-neet,-0.602475649,1.407800569,2.750359371,2.476855131
California,CA,st-fc,2.731723607,3.111452154,3.727570415,3.87175188
California,CA,st-fc trust,3.761361901,3.873840005,3.865106052,4.0571327
California,CA,st-fcc,2.701728382,2.31694031,2.730032536,2.93149494
California,CA,st-vc,1.622531278,1.47375477,1.328232849,0.674305641
Colorado,CO,Civic Engagement,13.56228709,10.45819084,13.43205376,12.40953379
Colorado,CO,Community Life,7.907640239,7.641740686,4.131242407,5.507610425
Colorado,CO,Family Health,14.31677782,12.19330421,10.86126127,9.887135969
Colorado,CO,Future Generations,15.55791457,12.48450903,10.16913585,11.09698135
Colorado,CO,Social Cohesion,3.533158916,4.403466636,5.18066345,4.703922407
Colorado,CO,Social Mobility,7.302877369,9.884353887,12.94696362,14.60281879
Colorado,CO,Social Trust,12.75740291,14.06844023,13.39742554,14.5429104
Colorado,CO,Total,74.93805891,71.13400552,70.11874589,72.75091313
Colorado,CO,ce-ao,2.730712948,2.096162925,2.019992877,2.017698238
Colorado,CO,ce-vt,6.047434096,5.629089424,4.76191491,7.296224163
Colorado,CO,cl-cdd,1.883355393,1.342071577,-1.164728381,-1.483655839
Colorado,CO,cl-don,1.857510931,1.517200809,1.522404088,2.564132855
Colorado,CO,cl-mem,1.309870746,0.722271002,1.113063858,0.858624331
Colorado,CO,cl-np,2.386019591,1.948205203,1.193869014,0.915831579
Colorado,CO,cl-npo,0.692767227,0.723285827,0.638128003,0.917685217
Colorado,CO,cl-porg,0.807324912,0.802005823,0.78538611,0.701966123
Colorado,CO,cl-rel,0.100735615,0.22082401,-0.980059938,-0.980059938
Colorado,CO,cl-ta,1.512614415,0.672256833,0.249433398,-0.335456155
Colorado,CO,cl-tfn,0.271170011,1.107884192,0.339170872,0.15390223
Colorado,CO,cl-vol,1.355646381,1.876012191,0.463716016,1.626815761
Colorado,CO,cv-pm,4.784140043,2.732938491,6.650145975,3.095611387
Colorado,CO,fg-act,1.404828589,2.112437639,0.133716898,0.830027932
Colorado,CO,fg-br,1.590366745,1.164945964,0.097223219,-0.286489642
Colorado,CO,fg-play,4.189986409,2.724445765,3.252976058,3.133567344
Colorado,CO,fg-read,1.656485618,3.103700717,1.854328614,1.047579057
Colorado,CO,fg-sch,0.527741669,0.035387958,0.234013289,0.106474188
Colorado,CO,fg-yorg,4.063848222,4.398226331,3.195211333,4.444435675
Colorado,CO,fh-eat,3.141693741,1.338240248,3.04018301,1.130838124
Colorado,CO,fh-ed,2.397116126,1.88400481,-0.139981257,1.672266397
Colorado,CO,fh-ma,1.305320345,1.517424118,1.512546708,0.992014542
Colorado,CO,fh-read,3.819943928,2.263428664,2.117422787,1.061464162
Colorado,CO,fh-spf,0.611358375,1.127266839,1.403120941,1.259333188
Colorado,CO,fh-time,-0.439634298,0.501327775,-0.590046102,0.439827366
Colorado,CO,fh-tv,1.020408163,1.020408163,0,0
Colorado,CO,fh-uw,3.4809796,3.561611753,3.518015179,3.331392191
Colorado,CO,sc-born,-0.541756766,-0.49057124,-0.564478603,-0.737699435
Colorado,CO,sc-eng-a,1.344777256,1.569623209,1.821049869,1.886843209
Colorado,CO,sc-eng-c,0.765343573,1.328678132,1.777826468,1.497693001
Colorado,CO,sc-mid,1.964794853,1.995736534,2.146265716,2.057085633
Colorado,CO,sm-em,1.36128315,1.36128315,1.36128315,1.36128315
Colorado,CO,sm-grad,3.448412988,4.191006725,5.190592112,6.294480139
Colorado,CO,sm-hr,1.508232285,1.373639516,2.28347658,2.583488745
Colorado,CO,sm-neet,0.984948947,2.958424495,4.11161178,4.363566757
Colorado,CO,st-fc,4.096480086,4.635156798,4.580168312,5.53765087
Colorado,CO,st-fc trust,3.215932308,3.619525361,3.960235231,4.542638931
Colorado,CO,st-fcc,2.878526985,3.282150628,2.976239205,3.454027217
Colorado,CO,st-vc,2.566463531,2.531607446,1.880782788,1.008593385
Connecticut,CT,Civic Engagement,7.304619178,8.961030776,12.0916275,10.36778287
Connecticut,CT,Community Life,8.682041623,7.447841814,5.970027033,1.272615606
Connecticut,CT,Family Health,7.043792226,7.047177956,3.284915284,7.487943348
Connecticut,CT,Future Generations,-0.152156729,0.305779956,-1.143446879,-0.720337469
Connecticut,CT,Social Cohesion,5.117368886,4.969952295,4.485882575,4.327737755
Connecticut,CT,Social Mobility,9.700224283,11.45107568,12.33363685,14.07161218
Connecticut,CT,Social Trust,11.06875418,10.23983126,13.54407956,14.24371104
Connecticut,CT,Total,48.76464365,50.42268974,50.56672192,51.05106534
Connecticut,CT,ce-ao,1.973436552,1.909110541,1.902145725,1.890141044
Connecticut,CT,ce-vt,2.512256335,3.04946562,4.302800915,4.523175633
Connecticut,CT,cl-cdd,2.827112032,2.610745632,-0.992335661,-1.365527039
Connecticut,CT,cl-don,1.772112153,1.123142057,2.483621146,2.01727155
Connecticut,CT,cl-mem,0.899521639,0.131403787,1.014694324,-0.004271164
Connecticut,CT,cl-np,0.061475321,-0.007586412,0.16619643,-0.050921411
Connecticut,CT,cl-npo,0.756883352,0.819287837,0.734489663,0.548516108
Connecticut,CT,cl-porg,0.744885019,0.736747455,0.729451133,0.69177403
Connecticut,CT,cl-rel,0.22082401,-0.01935278,-1.340325123,-1.340325123
Connecticut,CT,cl-ta,1.187792015,0.646017008,0.020661089,-1.313765124
Connecticut,CT,cl-tfn,1.994882347,2.249703212,1.559989676,-1.435478995
Connecticut,CT,cl-vol,1.105141089,1.760893236,0.767445126,2.108894323
Connecticut,CT,cv-pm,2.818926291,4.002454615,5.886680858,3.954466197
Connecticut,CT,fg-act,2.524685407,2.219867601,-0.805892417,0.886157156
Connecticut,CT,fg-br,-0.328197561,-0.711910423,-0.995524277,-1.04557378
Connecticut,CT,fg-play,-0.65320175,-0.245710413,-0.57886675,-0.664576866
Connecticut,CT,fg-read,1.735421701,3.614231674,0.042949665,-0.122601901
Connecticut,CT,fg-sch,0.492534931,0.647584208,0.483071945,0.842845386
Connecticut,CT,fg-yorg,0.387426561,0.513889932,0.329021161,0.387080281
Connecticut,CT,fh-eat,0.173077384,-0.317451913,1.26771265,0.552353546
Connecticut,CT,fh-ed,0.57586798,1.439632847,-1.714489253,0.391373305
Connecticut,CT,fh-ma,1.20606433,1.069080542,0.988874472,0.717662391
Connecticut,CT,fh-read,2.342356961,1.838239806,0.776858559,2.205951989
Connecticut,CT,fh-spf,1.121867058,1.278845676,1.47229069,1.961302017
Connecticut,CT,fh-time,0.432914,0.309617694,-0.468842871,1.399479958
Connecticut,CT,fh-tv,1.19047619,1.19047619,0,0
Connecticut,CT,fh-uw,1.191644513,1.429213303,1.509996918,1.5078107
Connecticut,CT,sc-born,1.500041778,1.466933975,1.230151784,1.156250732
Connecticut,CT,sc-eng-a,0.527632371,0.553324813,0.60253594,0.415661431
Connecticut,CT,sc-eng-c,1.585434918,1.691619976,1.721055637,1.343983914
Connecticut,CT,sc-mid,1.50425982,1.25807353,0.932139213,1.411841678
Connecticut,CT,sm-em,2.09056702,2.09056702,2.09056702,2.09056702
Connecticut,CT,sm-grad,3.292918168,3.919329198,4.366599652,5.262799694
Connecticut,CT,sm-hr,2.925148376,2.46740936,2.330540175,2.805025598
Connecticut,CT,sm-neet,1.391590719,2.9737701,3.545929999,3.913219868
Connecticut,CT,st-fc,2.781736914,2.953792122,3.945802661,4.14722007
Connecticut,CT,st-fc trust,2.356800557,1.774771643,2.567391484,3.12986442
Connecticut,CT,st-fcc,2.991116198,2.034282693,3.198482923,2.798367123
Connecticut,CT,st-vc,2.93910051,3.476984805,3.832402494,4.168259429
Delaware,DE,Civic Engagement,12.52491288,7.186518582,11.22426532,9.102959796
Delaware,DE,Community Life,7.922218873,13.61079818,3.650171526,2.076846328
Delaware,DE,Family Health,7.575503695,7.137059416,1.102867474,3.610033506
Delaware,DE,Future Generations,7.223776855,5.623645521,4.365037615,1.430504351
Delaware,DE,Social Cohesion,6.430207346,6.899419269,5.802987341,4.061361949
Delaware,DE,Social Mobility,7.036117836,7.96010009,10.18100609,13.45373083
Delaware,DE,Social Trust,5.219238422,9.846391592,11.31625802,14.82445632
Delaware,DE,Total,53.93197591,58.26393265,47.64259339,48.55989309
Delaware,DE,ce-ao,1.907954007,1.961601621,1.938546858,1.938935039
Delaware,DE,ce-vt,4.624180712,2.32773842,4.80782631,4.495628793
Delaware,DE,cl-cdd,1.681988744,1.311326286,-1.378484989,-1.65288074
Delaware,DE,cl-don,1.192627714,2.478194033,0.524224026,0.3524803
Delaware,DE,cl-mem,0.303969066,1.28844468,1.613053527,0.825476975
Delaware,DE,cl-np,0.306699904,0.183648475,0.373412772,-0.141414569
Delaware,DE,cl-npo,0.962239948,1.216109487,1.087463504,1.080410166
Delaware,DE,cl-porg,0.750766917,0.72860181,0.711278191,0.749842623
Delaware,DE,cl-rel,0.821265984,0.70117759,-0.139441174,-0.139441174
Delaware,DE,cl-ta,1.089462982,3.018576364,0.574053862,-0.897666102
Delaware,DE,cl-tfn,2.063729339,2.407893779,-1.883784737,-1.093188078
Delaware,DE,cl-vol,0.738156921,1.771800434,1.163324326,1.198931619
Delaware,DE,cv-pm,5.992778163,2.897178541,4.477892153,2.668395964
Delaware,DE,fg-act,-0.369952208,2.210021822,-1.955436572,3.068335433
Delaware,DE,fg-br,1.340119226,0.831282606,0.038832132,-0.586786664
Delaware,DE,fg-play,-0.033541998,-0.101930991,0.084553931,0.109402174
Delaware,DE,fg-read,1.687381022,-0.200079171,0.716977989,0.174319069
Delaware,DE,fg-sch,1.711913755,1.17742637,1.320349581,1.069407924
Delaware,DE,fg-yorg,1.797360254,1.842319029,1.466289433,0.361646132
Delaware,DE,fh-eat,1.736274235,1.199579598,0.259106067,-1.973342138
Delaware,DE,fh-ed,0.011120682,0.020091137,-2.831944072,-0.190398891
Delaware,DE,fh-ma,1.183379089,1.123410642,1.050653247,1.155689522
Delaware,DE,fh-read,2.699306528,1.309702276,0.566279019,0.368802941
Delaware,DE,fh-spf,1.800802545,1.602981612,1.392062989,2.301465667
Delaware,DE,fh-time,0.421963288,2.126450734,1.049340638,2.709262771
Delaware,DE,fh-tv,1.19047619,1.19047619,0,0
Delaware,DE,fh-uw,-0.277342671,-0.245156584,-0.198819168,-0.159774114
Delaware,DE,sc-born,-0.073410898,-0.040231526,-0.289625543,-0.583038086
Delaware,DE,sc-eng-a,2.296559754,2.305427428,2.25849882,1.949798372
Delaware,DE,sc-eng-c,1.592318699,2.118304919,1.803120646,0.393740061
Delaware,DE,sc-mid,2.614739791,2.515918449,2.030993419,2.300861603
Delaware,DE,sm-em,1.937033212,1.937033212,1.937033212,1.937033212
Delaware,DE,sm-grad,1.150611313,1.764938675,2.426047069,3.379629785
Delaware,DE,sm-hr,3.428418557,3.110560781,3.258157326,4.60357978
Delaware,DE,sm-neet,0.520054753,1.147567422,2.559768482,3.533488057
Delaware,DE,st-fc,3.020025898,4.145916922,4.346070142,5.622318937
Delaware,DE,st-fc trust,0.691119353,2.700316883,2.772403607,4.003001144
Delaware,DE,st-fcc,1.407850869,2.276744442,2.700606493,3.275027063
Delaware,DE,st-vc,0.100242302,0.723413345,1.497177782,1.924109178
District of Columbia,DC,Community Life,25.80970506,22.4037231,19.73785871,10.25418279
District of Columbia,DC,Family Health,-1.696936501,-0.215856693,0.127392064,-2.309909047
District of Columbia,DC,Future Generations,23.38669345,24.45848549,21.90745755,25.56786237
District of Columbia,DC,Social Mobility,10.68446979,14.43207616,12.07861223,15.58960332
District of Columbia,DC,Social Trust,-69.77788602,-26.73781423,-21.54528588,-22.5749461
District of Columbia,DC,ce-ao,23.26345335,19.34347886,10.29147165,19.00427134
District of Columbia,DC,ce-vt,8.572561069,7.854644515,12.29138443,2.91168551
District of Columbia,DC,cl-cdd,2.286906447,2.323304407,-0.000845037,-0.253941855
District of Columbia,DC,cl-don,-0.21403063,1.618359006,2.465563531,2.405438085
District of Columbia,DC,cl-mem,2.732687731,2.563829805,2.386467899,2.13965872
District of Columbia,DC,cl-np,3.324311538,2.173513999,2.223513009,3.323112944
District of Columbia,DC,cl-npo,8.478789172,7.156621974,6.260565377,4.661665675
District of Columbia,DC,cl-porg,7.615351437,7.256044705,6.626354067,2.426810353
District of Columbia,DC,cl-rel,1.061442774,-0.01935278,-1.220236728,-1.220236728
District of Columbia,DC,cl-ta,-0.549162329,-1.690574831,-2.236776345,-4.209989133
District of Columbia,DC,cl-tfn,5.179410482,2.34872737,3.652760227,1.948754147
District of Columbia,DC,cl-vol,1.505216417,3.170067851,1.803160678,2.102081668
District of Columbia,DC,fg-act,0.744293744,0.365408575,-0.982282072,-0.190757261
District of Columbia,DC,fg-br,3.533955802,2.874970671,1.715490504,0.689475679
District of Columbia,DC,fg-play,4.395618946,2.892529907,4.808610688,3.718249533
District of Columbia,DC,fg-read,0.136935379,1.066203885,-1.102525129,1.530233885
District of Columbia,DC,fg-sch,3.252784259,3.053172487,2.993154247,2.81578911
District of Columbia,DC,fg-yorg,4.408769961,7.484983925,5.087716262,9.821727256
District of Columbia,DC,fh-eat,2.336805524,2.484081246,5.57432723,2.482206745
District of Columbia,DC,fh-ed,-1.461346983,0.958195804,-1.320441377,2.330746226
District of Columbia,DC,fh-ma,-5.183260872,-4.329220637,-4.599859629,-4.89621437
District of Columbia,DC,fh-read,5.565780525,5.146160148,6.706738531,5.40266563
District of Columbia,DC,fh-spf,-1.481737184,-0.9724117,-1.825378091,-2.39301583
District of Columbia,DC,fh-time,-0.749466566,-3.228161355,-4.803597275,-5.53871888
District of Columbia,DC,fh-tv,1.19047619,1.19047619,0,0
District of Columbia,DC,fh-uw,-0.723710945,-0.274500199,0.416834685,-0.082563409
District of Columbia,DC,sc-born,-1.188731895,-1.558639342,-1.343938933,-1.939479033
District of Columbia,DC,sc-eng-a,2.337767041,1.900516836,1.934840773,2.147265247
District of Columbia,DC,sc-eng-c,2.218611502,0.598714196,0.210714423,0.896452803
District of Columbia,DC,sm-em,7.617772647,7.617772647,7.617772647,7.617772647
District of Columbia,DC,sm-grad,8.063351892,9.309889904,10.16516804,11.99904784
District of Columbia,DC,sm-hr,-5.225125166,-5.690417317,-4.778684906,-5.055641427
District of Columbia,DC,sm-neet,0.228470416,3.194830928,-0.925643555,1.028424265
District of Columbia,DC,st-fc,-16.63646102,-5.773497757,-4.9001644,-5.282219284
District of Columbia,DC,st-fc trust,-6.55905159,-6.26207041,-2.514678534,-3.258909562
District of Columbia,DC,st-fcc,-40.47860415,-7.941221025,-9.527683799,-8.436569747
District of Columbia,DC,st-vc,-6.103769264,-6.761025041,-4.602759145,-5.597247504
Florida,FL,Civic Engagement,4.260341029,2.86457794,6.355377269,8.302288789
Florida,FL,Community Life,3.886596439,4.926406009,-1.224983531,-3.449134519
Florida,FL,Family Health,4.100988233,4.553553215,5.000531241,5.222301332
Florida,FL,Future Generations,4.868408681,2.600035556,0.786970539,-0.133560075
Florida,FL,Social Cohesion,-1.439664731,-1.025992969,-0.871218082,-1.48421222
Florida,FL,Social Mobility,0.568075364,2.37090867,5.264517072,7.444987803
Florida,FL,Social Trust,1.255737089,2.08673638,6.394169441,10.41036449
Florida,FL,Total,17.5004821,18.3762248,21.70536395,26.3130356
Florida,FL,ce-ao,2.327233593,2.426478709,2.350329804,2.339117093
Florida,FL,ce-vt,1.639939744,1.021559104,2.236787938,4.353303455
Florida,FL,cl-cdd,0.188027373,0.132284548,-1.747269662,-1.913883252
Florida,FL,cl-don,-0.698538832,-0.460064653,-1.481535415,-1.045558442
Florida,FL,cl-mem,0.038111689,1.151736368,0.122389606,0.707293556
Florida,FL,cl-np,0.823461228,0.581848779,0.7007344,0.701591242
Florida,FL,cl-npo,0.609803172,0.672349269,0.607118371,0.518086838
Florida,FL,cl-porg,0.82371198,0.816716711,0.79480341,0.693185565
Florida,FL,cl-rel,1.061442774,0.821265984,-0.739883149,-0.739883149
Florida,FL,cl-ta,0.849318034,0.692554916,0.277679959,-1.036762017
Florida,FL,cl-tfn,1.640505288,1.04253367,0.574784001,-2.065913293
Florida,FL,cl-vol,-0.437757666,0.189313744,-1.380340315,-0.479583578
Florida,FL,cv-pm,0.293167692,-0.583459874,1.768259527,1.609868242
Florida,FL,fg-act,0.53130145,1.389990778,0.529064671,0.567654362
Florida,FL,fg-br,0.33078757,0.214005395,-0.470004488,-0.845375766
Florida,FL,fg-play,2.048392566,1.530894576,1.635651467,1.210199448
Florida,FL,fg-read,0.399507374,0.688800506,1.087422581,0.595575501
Florida,FL,fg-sch,0.15486046,-0.630276795,-1.016103653,-1.165106393
Florida,FL,fg-yorg,0.711565191,0.618733862,0.375103701,0.71124266
Florida,FL,fh-eat,1.497261561,1.688294782,5.238990449,1.201256762
Florida,FL,fh-ed,-0.73495658,0.331750497,-1.737409217,-0.367814971
Florida,FL,fh-ma,0.644151289,0.597415873,0.783957774,0.913387204
Florida,FL,fh-read,1.393130121,0.009118512,-0.612968562,0.553084423
Florida,FL,fh-spf,0.927812124,1.162413941,1.726824535,2.32249272
Florida,FL,fh-time,0.676749174,0.912566793,0.529746689,1.436245147
Florida,FL,fh-tv,1.19047619,1.19047619,0,0
Florida,FL,fh-uw,-0.303159456,-0.148007183,-0.095188555,0.034033604
Florida,FL,sc-born,-1.603475834,-1.540231973,-1.563058178,-1.679163047
Florida,FL,sc-eng-a,-1.004673336,-0.964650319,-1.010955343,-1.118134811
Florida,FL,sc-eng-c,-0.311442484,0.056096008,0.087774537,-0.349437571
Florida,FL,sc-mid,1.479926923,1.422793315,1.615020902,1.662523209
Florida,FL,sm-em,-0.212435516,-0.212435516,-0.212435516,-0.212435516
Florida,FL,sm-grad,0.275638051,1.031019516,1.694417511,2.927318901
Florida,FL,sm-hr,1.651657859,0.621424026,1.599651196,2.462465348
Florida,FL,sm-neet,-1.14678503,0.930900644,2.182883881,2.267639069
Florida,FL,st-fc,-1.774075769,-1.901808134,0.333915044,1.924969517
Florida,FL,st-fc trust,0.504798427,1.197285232,2.149897876,2.976113775
Florida,FL,st-fcc,1.919344963,1.664336914,1.969787345,2.707263716
Florida,FL,st-vc,0.605669467,1.126922368,1.940569175,2.802017481
Georgia,GA,Civic Engagement,5.456829678,4.119178499,9.104387872,11.06584809
Georgia,GA,Community Life,8.881682598,4.999021835,-0.677759874,-0.604513439
Georgia,GA,Family Health,6.607020333,3.641892926,5.878830646,4.102314272
Georgia,GA,Future Generations,10.23853784,8.22587324,5.970716029,5.21170587
Georgia,GA,Social Cohesion,6.273223981,6.334221574,6.305282095,5.799491581
Georgia,GA,Social Mobility,0.316835279,1.856677983,5.508316723,7.791011218
Georgia,GA,Social Trust,7.867039725,6.591228806,10.63793976,11.94639171
Georgia,GA,Total,45.64116944,35.76809486,42.72771325,45.3122493
Georgia,GA,ce-ao,1.984184264,2.060987735,1.9938156,2.000755572
Georgia,GA,ce-vt,2.144965139,1.384167338,4.073243918,5.064930147
Georgia,GA,cl-cdd,1.559241857,1.625006971,-1.06749117,-1.366771915
Georgia,GA,cl-don,0.707609368,-0.004931231,-0.003130434,-0.269489439
Georgia,GA,cl-mem,1.041346339,-0.016560197,-0.052920493,1.214932342
Georgia,GA,cl-np,3.405940213,1.318823104,3.55446706,4.032710024
Georgia,GA,cl-npo,0.633165034,0.691425876,0.610863377,0.631349031
Georgia,GA,cl-porg,0.762830929,0.731537229,0.79021166,0.701989125
Georgia,GA,cl-rel,2.022149933,1.661884748,-0.139441174,-0.139441174
Georgia,GA,cl-ta,1.702587362,0.654102546,0.217681867,-1.674776006
Georgia,GA,cl-tfn,1.68049209,0.443382883,-1.397694334,-1.465223906
Georgia,GA,cl-vol,0.331501543,0.83817998,-0.703330344,0.396146589
Georgia,GA,cv-pm,1.327680275,0.674023426,3.037328354,4.000162369
Georgia,GA,fg-act,1.235002111,2.260546646,1.259477205,-0.248877577
Georgia,GA,fg-br,2.241010292,1.715490504,0.914698445,0.447569745
Georgia,GA,fg-play,0.839014395,0.229730365,0.483760921,0.352064838
Georgia,GA,fg-read,0.741760017,1.505395472,1.299988254,0.044265993
Georgia,GA,fg-sch,2.004602069,1.532008986,1.238417697,1.195400813
Georgia,GA,fg-yorg,1.74106514,2.006685639,1.34360029,1.479435184
Georgia,GA,fh-eat,2.623459008,0.728161159,3.997931056,2.206653416
Georgia,GA,fh-ed,-0.370070727,0.169966791,0.234263034,0.866227523
Georgia,GA,fh-ma,0.939555385,1.005188335,0.872523845,0.763498888
Georgia,GA,fh-read,1.736814916,-0.38831461,0.00521968,-0.575773031
Georgia,GA,fh-spf,1.107727162,1.262246733,1.484044944,2.091061995
Georgia,GA,fh-time,0.477895832,0.702012797,0.258283797,-0.504760977
Georgia,GA,fh-tv,1.19047619,1.19047619,0,0
Georgia,GA,fh-uw,0.091638757,0.162631722,0.006369398,-0.060874497
Georgia,GA,sc-born,1.547528668,1.403920281,1.330307144,1.109416874
Georgia,GA,sc-eng-a,1.661743563,1.741515628,1.877323652,1.761786271
Georgia,GA,sc-eng-c,1.922402912,1.857815728,1.634711966,1.401294375
Georgia,GA,sc-mid,1.141548839,1.330969938,1.462939333,1.526994061
Georgia,GA,sm-em,0.708765041,0.708765041,0.708765041,0.708765041
Georgia,GA,sm-grad,0.777564194,1.468008567,2.222934125,3.073323865
Georgia,GA,sm-hr,1.206982988,0.473724343,1.536379626,2.433431116
Georgia,GA,sm-neet,-2.376476944,-0.793819969,1.040237931,1.575491197
Georgia,GA,st-fc,2.295092951,1.825804566,3.201884749,3.469822225
Georgia,GA,st-fc trust,2.169844961,1.340543395,2.784620661,3.640984686
Georgia,GA,st-fcc,1.422998288,1.506173095,2.203490423,2.634469616
Georgia,GA,st-vc,1.979103525,1.91870775,2.447943924,2.201115179
Hawaii,HI,Civic Engagement,-0.07287267,-1.688927061,9.464417592,2.164477004
Hawaii,HI,Community Life,5.039080713,5.915515122,-1.931131352,-1.618889899
Hawaii,HI,Family Health,15.07446034,14.32107491,13.08941539,10.75814084
Hawaii,HI,Future Generations,9.626617028,6.276867306,5.287430703,3.089966737
Hawaii,HI,Social Cohesion,2.257754501,1.00149122,2.550431636,3.323225702
Hawaii,HI,Social Mobility,3.462277724,5.040305835,7.344619302,8.709626987
Hawaii,HI,Social Trust,9.331254021,11.00721591,12.89985687,14.02565865
Hawaii,HI,Total,44.71857166,41.87354324,48.70504014,40.45220602
Hawaii,HI,ce-ao,2.147042758,2.106673832,2.058123646,2.074805226
Hawaii,HI,ce-vt,-2.58390901,-4.571780785,3.246838727,-3.194530623
Hawaii,HI,cl-cdd,1.16086386,0.848907415,-1.220357279,-1.470970129
Hawaii,HI,cl-don,1.092102152,0.718142545,-0.170719346,1.857831628
Hawaii,HI,cl-mem,0.445110851,0.435112925,-0.426220293,-0.316465719
Hawaii,HI,cl-np,0.179412614,0.115329402,0.067580017,0.048764219
Hawaii,HI,cl-npo,0.781176174,0.777723141,0.707765953,0.553810488
Hawaii,HI,cl-porg,0.70947081,0.711452189,0.706940469,0.687885025
Hawaii,HI,cl-rel,0.821265984,-0.01935278,-1.340325123,-1.340325123
Hawaii,HI,cl-ta,1.421861231,1.296162035,-0.033279077,-0.311396569
Hawaii,HI,cl-tfn,-0.237501538,0.896876226,-0.627230558,-3.38535374
Hawaii,HI,cl-vol,0.005595051,1.099398841,-0.748063376,0.635124111
Hawaii,HI,cv-pm,0.363993581,0.776179892,4.159455219,3.2842024
Hawaii,HI,fg-act,1.149752356,-1.158704041,2.905229311,-0.377846038
Hawaii,HI,fg-br,2.49125781,1.723832088,0.88133211,-0.403271817
Hawaii,HI,fg-play,3.119952194,2.202314109,2.280327909,2.331983739
Hawaii,HI,fg-read,1.704451582,0.468026937,10.2191906,-0.508961976
Hawaii,HI,fg-sch,-0.063966598,-0.58680309,-0.281909925,-0.441757043
Hawaii,HI,fg-yorg,0.87050128,0.845235097,0.645203708,0.573022945
Hawaii,HI,fh-eat,3.711389389,2.977116663,5.369233157,2.671711794
Hawaii,HI,fh-ed,0.501017708,-0.054905365,-3.149202171,-1.261594594
Hawaii,HI,fh-ma,1.795186902,1.999970154,1.715606632,1.740587623
Hawaii,HI,fh-read,3.233398369,0.774991764,3.054266834,-0.038785174
Hawaii,HI,fh-spf,4.284695354,4.874631372,5.225371147,5.522665886
Hawaii,HI,fh-time,0.224038203,2.633797388,1.854176833,2.995965554
Hawaii,HI,fh-tv,1.19047619,1.19047619,0,0
Hawaii,HI,fh-uw,1.324734417,1.11547293,1.201532193,0.92061322
Hawaii,HI,sc-born,1.357756411,1.116518616,1.007051252,1.122314229
Hawaii,HI,sc-eng-a,-1.243191735,-1.312140928,-0.817992533,-0.597184681
Hawaii,HI,sc-eng-c,-0.709236728,-1.632740189,-0.509657879,0.505592235
Hawaii,HI,sc-mid,2.852426554,2.829853721,2.871030796,2.292503919
Hawaii,HI,sm-em,1.39966603,1.39966603,1.39966603,1.39966603
Hawaii,HI,sm-grad,1.22296134,1.887919022,2.552134412,3.536480522
Hawaii,HI,sm-hr,-0.216872801,-0.636335371,0.624853932,1.448343071
Hawaii,HI,sm-neet,1.056523154,2.389056153,2.767964928,2.325137364
Hawaii,HI,st-fc,1.297147175,3.083535793,4.163623296,5.009384526
Hawaii,HI,st-fc trust,2.084672952,2.849459931,3.384989726,3.398740752
Hawaii,HI,st-fcc,2.774747016,2.303692334,2.298221882,1.809026721
Hawaii,HI,st-vc,3.174686878,2.770527853,3.053021962,3.80850665
Idaho,ID,Civic Engagement,11.88094611,5.127828075,9.087595905,9.311122852
Idaho,ID,Community Life,11.08138126,11.98149727,6.911611435,6.109089016
Idaho,ID,Family Health,16.0783813,10.8999663,11.95341025,13.86947606
Idaho,ID,Future Generations,6.817880263,5.033783834,3.276816486,2.837874872
Idaho,ID,Social Cohesion,7.653008427,7.127575249,8.325889315,8.27142406
Idaho,ID,Social Mobility,2.549885716,5.994115016,9.972690456,9.272441485
Idaho,ID,Social Trust,13.70765069,12.04647085,11.14625773,14.03636885
Idaho,ID,Total,69.76913376,58.21123659,60.67427157,63.7077972
Idaho,ID,ce-ao,1.976867886,1.997132158,1.972569754,1.939536968
Idaho,ID,ce-vt,3.063193129,2.222830872,3.522307124,2.852000691
Idaho,ID,cl-cdd,1.194114142,0.779882507,-1.656875805,-1.780253985
Idaho,ID,cl-don,0.525595865,1.522350277,1.7628144,1.72740781
Idaho,ID,cl-mem,1.354821165,2.290889106,1.210631617,0.979058642
Idaho,ID,cl-np,0.222117321,0.215771538,0.105969542,0.057051004
Idaho,ID,cl-npo,0.554682283,0.544856221,0.514303877,0.456256492
Idaho,ID,cl-porg,0.719743837,0.718941477,0.703880291,0.689749205
Idaho,ID,cl-rel,2.022149933,0.821265984,0.70117759,0.70117759
Idaho,ID,cl-ta,2.580753352,1.984489526,1.539947804,0.770033658
Idaho,ID,cl-tfn,1.032000117,1.261592391,-0.535439949,-0.853890707
Idaho,ID,cl-vol,2.291634709,2.837112292,1.014295807,1.639296326
Idaho,ID,cv-pm,6.840885094,0.907865044,3.592719026,4.519585193
Idaho,ID,fg-act,-0.012921823,1.732932037,0.433219765,1.402890709
Idaho,ID,fg-br,2.72482216,2.49125781,1.290069723,0.497619248
Idaho,ID,fg-play,0.71842795,0.565848432,0.982417181,1.906140557
Idaho,ID,fg-read,1.249559999,1.255308111,2.106494541,3.508661562
Idaho,ID,fg-sch,0.161797219,-0.575597607,-0.629552918,-0.951914295
Idaho,ID,fg-yorg,0.94020618,0.874347255,0.541610337,0.440071071
Idaho,ID,fh-eat,3.146903223,2.014233077,2.309724249,1.623506307
Idaho,ID,fh-ed,1.642036338,1.650473228,0.985796596,1.510975334
Idaho,ID,fh-ma,2.677043215,2.408712208,2.552343702,2.83108649
Idaho,ID,fh-read,3.556888083,-0.114785572,-0.656067936,0.419627767
Idaho,ID,fh-spf,1.13933064,0.911690848,1.592577642,2.081182269
Idaho,ID,fh-time,1.043583026,1.310496982,2.320442138,2.451242745
Idaho,ID,fh-tv,1.020408163,1.020408163,0,0
Idaho,ID,fh-uw,2.87259677,2.719145528,2.848593856,2.95185515
Idaho,ID,sc-born,0.104079025,0.337461448,0.034510845,-0.384484653
Idaho,ID,sc-eng-a,2.503122715,2.511461969,2.574362219,2.666251782
Idaho,ID,sc-eng-c,2.39120122,2.281786416,2.630062495,2.999577865
Idaho,ID,sc-mid,2.654605467,1.996865416,3.086953756,2.990079066
Idaho,ID,sm-em,1.092599559,1.092599559,1.092599559,1.092599559
Idaho,ID,sm-grad,0.100712747,0.313791393,1.124323812,2.116387815
Idaho,ID,sm-hr,2.749203649,2.686902538,3.899649058,4.322713131
Idaho,ID,sm-neet,-1.392630239,1.900821525,3.856118027,1.74074098
Idaho,ID,st-fc,3.373823177,3.032350775,2.794101956,3.82626052
Idaho,ID,st-fc trust,3.679974176,2.93883828,2.574267323,4.063822399
Idaho,ID,st-fcc,2.99106192,2.559740011,2.416417272,2.795859485
Idaho,ID,st-vc,3.662791419,3.515541781,3.361471175,3.350426446
Illinois,IL,Civic Engagement,5.925025146,5.999320334,11.31275195,8.745185667
Illinois,IL,Community Life,8.281611351,9.386919666,6.718731771,1.165646384
Illinois,IL,Family Health,8.830299419,6.02549007,3.883244137,5.828903694
Illinois,IL,Future Generations,9.403994755,7.855170332,5.827504516,7.599761975
Illinois,IL,Social Cohesion,4.2619259,5.353766443,5.959499044,5.229838253
Illinois,IL,Social Mobility,4.999868062,6.01878977,9.018767348,10.42067542
Illinois,IL,Social Trust,5.785732391,6.22078958,9.655305268,11.23217107
Illinois,IL,Total,47.48845702,46.86024619,52.37580404,50.22218246
Illinois,IL,ce-ao,2.019337183,2.02437694,2.017980417,2.027440851
Illinois,IL,ce-vt,1.961319541,2.998733524,5.129206106,2.764769032
Illinois,IL,cl-cdd,1.620470283,1.273622104,-1.463582445,-1.740519669
Illinois,IL,cl-don,1.617204136,1.449688926,1.617901791,0.639339778
Illinois,IL,cl-mem,0.303619417,0.796481477,1.036640393,0.97018189
Illinois,IL,cl-np,1.333610537,1.048483329,0.871164658,0.726301451
Illinois,IL,cl-npo,0.819129571,0.956705441,0.841774271,0.768017668
Illinois,IL,cl-porg,0.986361295,0.97181276,0.922355547,0.731928286
Illinois,IL,cl-rel,1.301619564,0.70117759,-0.379617964,-0.379617964
Illinois,IL,cl-ta,1.279485676,0.799436596,0.609949698,-1.080713962
Illinois,IL,cl-tfn,1.261683233,2.586172415,1.16954085,-1.448184884
Illinois,IL,cl-vol,0.712508459,1.125444462,0.900187185,0.964695572
Illinois,IL,cv-pm,1.944368422,0.976209869,4.16556543,3.952975784
Illinois,IL,fg-act,1.412024986,2.586505314,0.235578844,2.210536715
Illinois,IL,fg-br,1.440218234,1.248361803,0.214005395,-0.711910423
Illinois,IL,fg-play,3.048956021,2.454820984,2.550311645,2.134015397
Illinois,IL,fg-read,1.776881079,1.560698983,0.894223129,1.192657319
Illinois,IL,fg-sch,1.388937486,1.027136162,0.853102778,2.950445424
Illinois,IL,fg-yorg,0.391218096,0.506461273,0.267583194,0.693957586
Illinois,IL,fh-eat,1.576386916,0.409579483,1.96509232,0.827837499
Illinois,IL,fh-ed,0.538666314,0.946957735,-2.287311543,0.604792437
Illinois,IL,fh-ma,1.020712437,0.955493014,0.722770765,0.345254626
Illinois,IL,fh-read,2.475434305,0.917888217,1.935225682,2.013540009
Illinois,IL,fh-spf,1.228466005,1.317037043,1.290723274,1.54363164
Illinois,IL,fh-time,1.133488055,0.531270605,-0.240250821,0.35079178
Illinois,IL,fh-tv,1.19047619,1.19047619,0,0
Illinois,IL,fh-uw,0.857145386,0.947263973,1.144201817,1.114539653
Illinois,IL,sc-born,3.281230084,3.317132563,3.35137146,3.186195885
Illinois,IL,sc-eng-a,0.027739231,0.221758253,0.470803464,0.345462194
Illinois,IL,sc-eng-c,-0.363637904,0.609772033,0.984519663,0.385518689
Illinois,IL,sc-mid,1.31659449,1.205103595,1.152804457,1.312661485
Illinois,IL,sm-em,0.248164762,0.248164762,0.248164762,0.248164762
Illinois,IL,sm-grad,1.789666002,2.350535053,3.173178424,3.91014442
Illinois,IL,sm-hr,2.631231422,1.932417622,2.700126567,3.332347879
Illinois,IL,sm-neet,0.330805875,1.487672332,2.897297594,2.930018356
Illinois,IL,st-fc,2.058557448,1.506793985,3.453018999,3.954184634
Illinois,IL,st-fc trust,0.911288736,1.10007348,2.367021782,3.054269423
Illinois,IL,st-fcc,1.316234511,1.755408772,2.252010322,1.615585804
Illinois,IL,st-vc,1.499651696,1.858513344,1.583254165,2.608131213
Indiana,IN,Civic Engagement,3.541872501,4.112437614,6.179225256,3.677261343
Indiana,IN,Community Life,6.910958249,8.775625398,3.92090629,1.418856059
Indiana,IN,Family Health,8.02498209,5.509726614,5.178010451,6.565920249
Indiana,IN,Future Generations,7.071179747,5.495991446,4.721168528,3.272895348
Indiana,IN,Social Cohesion,10.8463566,11.01525501,11.00046718,10.11682178
Indiana,IN,Social Mobility,3.39601617,5.098989693,7.331080746,10.07251063
Indiana,IN,Social Trust,10.88922261,9.655348623,11.70231654,12.66464964
Indiana,IN,Total,50.68058796,49.66337439,50.03317499,47.78891505
Indiana,IN,ce-ao,1.896586569,1.936014096,1.915022037,1.910635416
Indiana,IN,ce-vt,0.951268752,0.483936616,1.731762543,0.648253515
Indiana,IN,cl-cdd,0.475063324,0.040693631,-2.082776138,-2.198068348
Indiana,IN,cl-don,0.704179748,1.358634244,0.984608157,0.511387732
Indiana,IN,cl-mem,-0.139068178,0.207147437,0.463977482,0.93205688
Indiana,IN,cl-np,1.332410808,1.238884647,0.655758728,0.524569893
Indiana,IN,cl-npo,0.771777446,0.808317752,0.775057524,0.767542708
Indiana,IN,cl-porg,0.733293513,0.730010485,0.723209261,0.699974998
Indiana,IN,cl-rel,1.902061538,1.061442774,0.340912405,0.340912405
Indiana,IN,cl-ta,1.349107499,1.087647214,0.79039646,-0.750153568
Indiana,IN,cl-tfn,0.706262089,1.201595224,-0.777092298,-2.264096815
Indiana,IN,cl-vol,0.883344594,2.320830269,0.619837299,1.181231719
Indiana,IN,cv-pm,0.69401718,1.692486901,2.532440675,1.118372413
Indiana,IN,fg-act,0.920174056,1.465362758,0.502300807,1.304572223
Indiana,IN,fg-br,1.698807336,1.582025161,1.006455869,0.589376672
Indiana,IN,fg-play,0.404116512,-0.007636148,0.040347016,-0.258764123
Indiana,IN,fg-read,0.519812325,0.938855279,0.484574987,1.330563195
Indiana,IN,fg-sch,0.919250409,0.340310225,0.726012217,0.888810583
Indiana,IN,fg-yorg,1.691945574,1.74929506,1.374630584,0.962507101
Indiana,IN,fh-eat,1.297640372,-0.446251328,2.254376948,1.570215549
Indiana,IN,fh-ed,0.585449389,1.307445461,0.147299922,1.935354423
Indiana,IN,fh-ma,1.318973604,1.089462535,0.928007635,0.871159911
Indiana,IN,fh-read,2.950572448,1.281747464,-0.089542826,-0.190129313
Indiana,IN,fh-spf,0.656974875,0.485554388,0.637912191,0.917874934
Indiana,IN,fh-time,0.804176389,1.301282395,1.630104733,1.999772414
Indiana,IN,fh-tv,1.19047619,1.19047619,0,0
Indiana,IN,fh-uw,0.411195014,0.490485699,0.532853591,0.555992372
Indiana,IN,sc-born,3.587151031,3.510997227,3.399400004,3.273909713
Indiana,IN,sc-eng-a,2.927521441,2.89791784,2.908590291,2.744468145
Indiana,IN,sc-eng-c,2.154917688,2.463742312,2.664169861,2.037145409
Indiana,IN,sc-mid,2.17676644,2.142597628,2.028307022,2.061298516
Indiana,IN,sm-em,0.785531945,0.785531945,0.785531945,0.785531945
Indiana,IN,sm-grad,-0.553489154,0.009510912,0.595185874,1.552719098
Indiana,IN,sm-hr,3.378041719,2.827734641,3.495159228,4.105932384
Indiana,IN,sm-neet,-0.214068341,1.476212195,2.455203699,3.628327205
Indiana,IN,st-fc,3.389415047,3.072773027,3.809382242,4.587835497
Indiana,IN,st-fc trust,2.664644646,2.673191094,3.083240698,3.403556548
Indiana,IN,st-fcc,2.438312073,2.015727378,2.800302514,2.280615106
Indiana,IN,st-vc,2.396850842,1.893657124,2.009391087,2.392642487
Iowa,IA,Civic Engagement,12.79472191,6.374802841,11.47113516,10.56015315
Iowa,IA,Community Life,11.44096622,11.80212133,5.359122481,0.808032618
Iowa,IA,Family Health,10.02449837,7.538932964,7.259257483,5.07880606
Iowa,IA,Future Generations,7.483057695,7.374083673,6.29149631,5.201725
Iowa,IA,Social Cohesion,12.26143624,11.89000979,12.15739477,11.3803204
Iowa,IA,Social Mobility,10.80941954,11.78642797,11.24024313,14.54923222
Iowa,IA,Social Trust,9.519469865,11.27388004,11.79690112,12.67071111
Iowa,IA,Total,74.33356985,68.04025861,65.57555045,60.24898056
Iowa,IA,ce-ao,2.012767454,1.945278741,1.939223933,1.917806961
Iowa,IA,ce-vt,5.588320101,2.850393792,6.093345496,6.221897414
Iowa,IA,cl-cdd,1.210758,0.928939294,-1.936286292,-2.076366959
Iowa,IA,cl-don,0.862509572,1.20374971,1.957738691,0.654223848
Iowa,IA,cl-mem,1.561268422,1.383165045,0.969692823,0.386865245
Iowa,IA,cl-np,0.590240159,0.943179129,0.740549864,0.995250047
Iowa,IA,cl-npo,0.996663024,0.993926146,0.90127422,0.537777633
Iowa,IA,cl-porg,0.794475993,0.740029491,0.732948662,0.689080838
Iowa,IA,cl-rel,1.421707959,0.941354379,-0.859971544,-0.859971544
Iowa,IA,cl-ta,2.137755831,0.635075003,0.607729726,-0.976961554
Iowa,IA,cl-tfn,1.690660979,2.424167477,-0.042323898,-1.113323834
Iowa,IA,cl-vol,1.975924439,3.480654082,1.0920338,1.490341985
Iowa,IA,cv-pm,5.193634359,1.579130307,3.438565729,2.420448774
Iowa,IA,fg-act,2.560420334,0.728076534,1.33926104,0.671966747
Iowa,IA,fg-br,1.398510314,1.531975657,0.939723197,0.364153905
Iowa,IA,fg-play,0.893449038,0.669771828,1.057982695,1.05382415
Iowa,IA,fg-read,1.08830344,0.604461524,1.171473828,1.581196381
Iowa,IA,fg-sch,2.197442461,2.075993389,1.830363986,1.770745181
Iowa,IA,fg-yorg,0.499303316,0.638314908,0.366260996,0.279093429
Iowa,IA,fh-eat,2.47964583,0.995648955,3.06543489,0.597098144
Iowa,IA,fh-ed,1.042913062,1.881034097,0.133007494,0.739025189
Iowa,IA,fh-ma,1.750136786,1.579456347,1.407761323,1.320060942
Iowa,IA,fh-read,2.435586811,0.400891269,-0.195298858,1.454159378
Iowa,IA,fh-spf,-0.02102594,0.168171636,0.298496585,0.032133171
Iowa,IA,fh-time,0.579487594,0.904592163,1.834520689,0.040764563
Iowa,IA,fh-tv,1.19047619,1.19047619,0,0
Iowa,IA,fh-uw,1.757754232,1.609138499,1.925211606,1.742032348
Iowa,IA,sc-born,4.138974828,3.92035576,3.707665571,3.668440402
Iowa,IA,sc-eng-a,3.032422001,2.92049912,2.787053635,2.722225455
Iowa,IA,sc-eng-c,2.514193721,2.615045702,2.829278885,2.411838859
Iowa,IA,sc-mid,2.575845694,2.434109205,2.833396681,2.577815687
Iowa,IA,sm-em,2.935001816,2.935001816,2.935001816,2.935001816
Iowa,IA,sm-grad,0.26316082,0.563156488,1.288225423,1.943036989
Iowa,IA,sm-hr,4.343468948,3.83380715,3.838778056,4.574008255
Iowa,IA,sm-neet,3.267787952,4.45446252,3.178237833,5.097185159
Iowa,IA,st-fc,2.013383177,3.20572312,3.374371716,4.020475192
Iowa,IA,st-fc trust,2.008411703,2.434165552,2.780830485,2.635369801
Iowa,IA,st-fcc,2.375545286,2.692264137,2.81782305,3.112611145
Iowa,IA,st-vc,3.122129699,2.941727227,2.823875868,2.902254976
Kansas,KS,Civic Engagement,8.39841652,5.559459472,9.455229642,9.156447451
Kansas,KS,Community Life,11.99148058,12.61394581,5.272859484,3.910021983
Kansas,KS,Family Health,11.18702734,9.066535112,7.051300821,7.856981704
Kansas,KS,Future Generations,8.326127333,7.861084088,6.168538454,3.993012869
Kansas,KS,Social Cohesion,8.595252777,8.623886231,9.300196986,8.395162298
Kansas,KS,Social Mobility,7.226813456,8.667916477,9.904435755,12.21931554
Kansas,KS,Social Trust,7.579602498,8.62199349,8.618794661,11.66975795
Kansas,KS,Total,63.3047205,61.01482068,55.7713558,57.2006998
Kansas,KS,ce-ao,1.900945079,1.989922181,1.933591248,1.942507772
Kansas,KS,ce-vt,2.787724732,1.853106372,3.88959832,2.732631052
Kansas,KS,cl-cdd,1.084355424,0.485878257,-1.833981016,-1.997804251
Kansas,KS,cl-don,1.555340347,3.065619706,1.281126624,1.337996053
Kansas,KS,cl-mem,1.397390105,1.315787318,0.123175734,0.579146285
Kansas,KS,cl-np,0.51947202,0.465370754,0.337432326,0.26173156
Kansas,KS,cl-npo,0.615371121,0.618809947,0.591960626,0.539623924
Kansas,KS,cl-porg,0.779214079,0.790146657,0.770921213,0.692991382
Kansas,KS,cl-rel,2.382415117,1.061442774,0.70117759,0.70117759
Kansas,KS,cl-ta,1.682883564,1.357481574,1.101417678,-0.351676621
Kansas,KS,cl-tfn,1.234022831,1.800500589,-0.726341951,-1.995538805
Kansas,KS,cl-vol,2.344843418,2.60415724,1.429421969,2.406302174
Kansas,KS,cv-pm,3.709746709,1.71643092,3.632040074,4.481308627
Kansas,KS,fg-act,0.542968992,2.161888504,0.876660333,1.69845872
Kansas,KS,fg-br,2.507940978,2.207643956,1.123238044,0.647767759
Kansas,KS,fg-play,0.907616074,0.747174306,0.855038656,0.336936355
Kansas,KS,fg-read,2.855585749,1.704019521,1.836460442,1.204708581
Kansas,KS,fg-sch,1.727278083,1.823312708,1.806793198,1.479021644
Kansas,KS,fg-yorg,0.407916421,0.462591755,0.327289072,0.198282821
Kansas,KS,fh-eat,2.495738029,2.345589591,2.311376362,2.343794523
Kansas,KS,fh-ed,1.663458029,0.59651336,-0.043208548,0.745007646
Kansas,KS,fh-ma,1.661403753,1.578520554,1.783274801,1.483058248
Kansas,KS,fh-read,2.933416006,0.795372772,0.879346086,1.364579098
Kansas,KS,fh-spf,0.239564428,0.371759145,0.621182018,0.703033527
Kansas,KS,fh-time,0.708192227,1.810299471,0.881591715,0.706327794
Kansas,KS,fh-tv,1.19047619,1.19047619,0,0
Kansas,KS,fh-uw,1.485254864,1.568480219,1.792955191,1.82067782
Kansas,KS,sc-born,2.049344187,1.980076615,2.066634158,2.08708287
Kansas,KS,sc-eng-a,2.273390303,2.287466002,2.252555932,2.213286577
Kansas,KS,sc-eng-c,2.026203017,2.282680336,2.449291987,2.067147892
Kansas,KS,sc-mid,2.246315269,2.073663277,2.531714909,2.02764496
Kansas,KS,sm-em,1.284516247,1.284516247,1.284516247,1.284516247
Kansas,KS,sm-grad,1.529085675,1.993415941,2.66465022,3.191317272
Kansas,KS,sm-hr,2.931223261,2.46375381,2.760241182,3.093090607
Kansas,KS,sm-neet,1.481988274,2.926230479,3.195028107,4.650391418
Kansas,KS,st-fc,1.838634266,2.238502757,2.594580925,4.326541027
Kansas,KS,st-fc trust,1.271480094,1.646723746,2.77003344,3.379285526
Kansas,KS,st-fcc,2.305149659,2.951301534,1.576381845,2.522966974
Kansas,KS,st-vc,2.164338478,1.785465453,1.677798451,1.440964426
Kentucky,KY,Civic Engagement,2.896115209,2.486548714,7.823132454,4.235914047
Kentucky,KY,Community Life,8.725443786,7.368400739,-0.227990103,-0.084890185
Kentucky,KY,Family Health,8.528209318,5.340502992,6.404785643,5.140377744
Kentucky,KY,Future Generations,5.66066868,4.816037733,3.063697953,4.722372353
Kentucky,KY,Social Cohesion,11.58290477,11.52072714,11.2591639,10.53006411
Kentucky,KY,Social Mobility,3.441373346,4.417934016,5.872081562,8.379616454
Kentucky,KY,Social Trust,2.198840335,7.923987205,7.79097832,10.70389152
Kentucky,KY,Total,43.03355544,43.87413854,41.98584972,43.62734605
Kentucky,KY,ce-ao,1.973463891,1.943830166,1.942841191,1.940162617
Kentucky,KY,ce-vt,0.951268752,-0.112636109,5.175117506,2.278108197
Kentucky,KY,cl-cdd,0.854221749,0.497482897,-2.020922586,-2.164782476
Kentucky,KY,cl-don,0.439738588,0.78982314,-0.20786119,0.293121967
Kentucky,KY,cl-mem,0.375065719,-0.265342157,-0.404846159,-0.206291828
Kentucky,KY,cl-np,0.818582639,0.71616628,0.386978988,0.376850248
Kentucky,KY,cl-npo,0.699435669,0.643423753,0.607518078,0.570491171
Kentucky,KY,cl-porg,0.743262167,0.750421697,0.737837485,0.724920279
Kentucky,KY,cl-rel,2.262326723,1.301619564,0.340912405,0.340912405
Kentucky,KY,cl-ta,1.887139114,1.228561298,0.587386506,0.071238609
Kentucky,KY,cl-tfn,1.964834329,1.796838185,-1.141799218,-2.150699143
Kentucky,KY,cl-vol,0.353641478,1.123055259,-0.747138009,0.271416356
Kentucky,KY,cv-pm,-0.028617433,0.655354656,0.705173757,0.017643233
Kentucky,KY,fg-act,1.026921382,2.299811265,3.241927076,3.121434849
Kentucky,KY,fg-br,1.557000409,1.540317241,0.898015278,0.572693504
Kentucky,KY,fg-play,0.266341059,0.288691856,0.193116306,0.320130603
Kentucky,KY,fg-read,0.165512846,0.776661134,-0.024308369,0.158868704
Kentucky,KY,fg-sch,1.787556825,1.027750404,0.854244297,2.169731401
Kentucky,KY,fg-yorg,0.162880827,0.353932321,0.097089421,0.085692728
Kentucky,KY,fh-eat,2.277895802,0.179958159,2.951186436,0.931155488
Kentucky,KY,fh-ed,0.340719813,-0.158679401,0.159775467,0.226329395
Kentucky,KY,fh-ma,1.370823903,1.082556048,1.048633803,0.896582023
Kentucky,KY,fh-read,2.34414798,0.883230201,-0.047986861,0.885802167
Kentucky,KY,fh-spf,0.511952123,0.528141407,0.7743768,0.678427222
Kentucky,KY,fh-time,1.062563604,2.150932203,1.997082752,1.776386157
Kentucky,KY,fh-tv,1.19047619,1.19047619,0,0
Kentucky,KY,fh-uw,0.620106094,0.674364375,0.589181521,0.602424916
Kentucky,KY,sc-born,3.772217863,3.684113149,3.481465998,3.462966627
Kentucky,KY,sc-eng-a,3.40550621,3.381483074,3.311499051,3.158264388
Kentucky,KY,sc-eng-c,3.181002404,3.135114429,2.866146102,2.593373842
Kentucky,KY,sc-mid,1.224178292,1.320016487,1.600052745,1.315459258
Kentucky,KY,sm-em,2.704699961,2.704699961,2.704699961,2.704699961
Kentucky,KY,sm-grad,-1.118071652,-0.471034888,0.064657768,0.860308998
Kentucky,KY,sm-hr,2.930710912,1.943257617,2.46677263,3.266432196
Kentucky,KY,sm-neet,-1.075965876,0.241011326,0.635951203,1.548175298
Kentucky,KY,st-fc,0.444862678,1.714801473,2.079751666,3.497594541
Kentucky,KY,st-fc trust,-0.25309003,1.243742727,0.821960428,1.557294763
Kentucky,KY,st-fcc,-1.289863443,1.511595045,1.411359092,2.203821549
Kentucky,KY,st-vc,3.29693113,3.453847961,3.477907134,3.44518067
Louisiana,LA,Civic Engagement,8.468116106,4.641321256,5.992220888,3.284365051
Louisiana,LA,Community Life,2.728505572,5.565734039,1.805706009,-1.505394546
Louisiana,LA,Family Health,3.155947743,0.793684053,-2.080567462,-3.032644918
Louisiana,LA,Future Generations,10.59726955,9.321859962,5.864892648,4.818360639
Louisiana,LA,Social Cohesion,12.25269821,11.9463995,11.70931778,11.0545986
Louisiana,LA,Social Mobility,1.144958994,2.000816705,4.908327686,5.714638432
Louisiana,LA,Social Trust,-4.851962681,-1.081704754,2.78430657,1.67130649
Louisiana,LA,Total,33.49553349,33.18811076,30.98420412,22.00522975
Louisiana,LA,ce-ao,2.029227812,2.090108518,2.056278693,2.063677437
Louisiana,LA,ce-vt,4.165066717,2.026743285,2.144965139,1.626166324
Louisiana,LA,cl-cdd,-0.025657544,0.013284854,-1.914881682,-2.007068426
Louisiana,LA,cl-don,-1.724472617,-0.110942211,-0.684669897,-0.517759637
Louisiana,LA,cl-mem,-0.109217062,0.228131579,1.001400767,0.842665418
Louisiana,LA,cl-np,0.399835641,0.140980456,0.036978598,0.077748639
Louisiana,LA,cl-npo,0.568037798,0.599637989,0.570151335,0.503123762
Louisiana,LA,cl-porg,0.728177633,0.750105384,0.740148446,0.70015043
Louisiana,LA,cl-rel,2.982857092,2.142238328,0.70117759,0.70117759
Louisiana,LA,cl-ta,0.784545228,0.942682135,0.557619062,-1.428841835
Louisiana,LA,cl-tfn,0.391194604,0.303017722,-0.63248103,-1.970263096
Louisiana,LA,cl-vol,-0.892617104,0.710863115,-0.447640264,-0.335647177
Louisiana,LA,cv-pm,2.273821577,0.524469453,1.790977056,-0.405478711
Louisiana,LA,fg-act,0.589553175,-0.223178548,-0.07738627,-0.039096389
Louisiana,LA,fg-br,2.274376628,2.541307314,1.565341993,1.006455869
Louisiana,LA,fg-play,2.665169806,2.369647733,1.969719625,1.244712963
Louisiana,LA,fg-read,-0.318108481,-0.152051607,0.627018635,1.443368153
Louisiana,LA,fg-sch,1.878693379,1.055899228,0.321146482,0.755505412
Louisiana,LA,fg-yorg,0.246606553,0.247719033,0.053720332,0.205566183
Louisiana,LA,fh-eat,3.070949978,1.633652918,1.896492533,1.403030523
Louisiana,LA,fh-ed,-2.990985243,-2.002549356,-3.461812348,-0.751090349
Louisiana,LA,fh-ma,0.002729414,-0.16360756,-0.350318193,-0.467751636
Louisiana,LA,fh-read,1.752678329,0.66157883,-0.796206553,-1.044538725
Louisiana,LA,fh-spf,0.512710734,0.287410049,0.392758297,0.409435843
Louisiana,LA,fh-time,1.872934019,1.400958892,1.407370457,-1.40239337
Louisiana,LA,fh-tv,1.19047619,1.19047619,0,0
Louisiana,LA,fh-uw,-1.065069488,-1.02375972,-1.515612897,-1.684778024
Louisiana,LA,sc-born,4.990373101,5.044543192,4.934084725,4.861491842
Louisiana,LA,sc-eng-a,3.006068759,2.985169021,3.022093991,2.907168723
Louisiana,LA,sc-eng-c,3.631127395,3.512189516,3.192793046,2.650655843
Louisiana,LA,sc-mid,0.625128952,0.404497771,0.560346015,0.63528219
Louisiana,LA,sm-em,2.627934202,2.627934202,2.627934202,2.627934202
Louisiana,LA,sm-grad,-1.105349613,-0.498566834,0.020874456,0.610358422
Louisiana,LA,sm-hr,2.160838261,1.471289271,2.212406658,2.873108065
Louisiana,LA,sm-neet,-2.538463856,-1.599839934,0.04711237,-0.396762257
Louisiana,LA,st-fc,-1.288753572,-0.335653128,1.031671063,0.662549833
Louisiana,LA,st-fc trust,-1.21477767,-0.720938932,1.067077029,1.463413589
Louisiana,LA,st-fcc,-2.570070969,-0.393603646,0.524550467,-0.740730397
Louisiana,LA,st-vc,0.221639528,0.368490952,0.161008011,0.286073465
Maine,ME,Civic Engagement,14.68742616,15.60265903,17.8413224,17.33237813
Maine,ME,Community Life,7.652125931,6.845459266,5.079155219,-0.823985509
Maine,ME,Family Health,13.48840072,10.86475641,10.36472558,11.65173962
Maine,ME,Future Generations,3.526149113,0.778435872,-0.20146572,-1.637542938
Maine,ME,Social Cohesion,12.19792089,12.36246537,12.22799964,12.23773516
Maine,ME,Social Mobility,7.211405991,10.22981234,11.79329405,14.45491801
Maine,ME,Social Trust,12.55385153,12.26758978,15.20415824,16.10220968
Maine,ME,Total,71.31728034,68.95117807,72.30918939,69.31745214
Maine,ME,ce-ao,1.962256705,2.015465364,1.978461713,1.968002847
Maine,ME,ce-vt,5.221028905,7.092698929,6.460636692,7.810431837
Maine,ME,cl-cdd,0.789163395,0.457505351,-2.017797556,-2.192145556
Maine,ME,cl-don,1.026350656,1.541859503,1.122947679,0.747010782
Maine,ME,cl-mem,1.88461908,1.803963056,1.591815848,1.830499884
Maine,ME,cl-np,0.149865591,0.06981147,-0.015079904,0.028804525
Maine,ME,cl-npo,0.693937167,0.703364704,0.635070929,0.594156376
Maine,ME,cl-porg,0.746687307,0.741112699,0.724963301,0.695319328
Maine,ME,cl-rel,-0.619794754,-0.739883149,-1.460413518,-1.460413518
Maine,ME,cl-ta,1.750131406,0.808407021,-0.31205554,-2.59220372
Maine,ME,cl-tfn,0.303692506,-0.994365669,0.503722044,-2.164858171
Maine,ME,cl-vol,1.866502565,2.981001101,2.273104477,1.52650353
Maine,ME,cv-pm,7.504140551,6.49449474,9.402223991,7.553943445
Maine,ME,fg-act,2.197124181,4.596461934,-0.60139624,0.131166695
Maine,ME,fg-br,-1.037232196,-1.103964868,-1.704558911,-2.063247021
Maine,ME,fg-play,0.035524,-0.103987896,-0.332749216,-0.547052309
Maine,ME,fg-read,0.245181452,2.131548779,-0.437591761,2.412690682
Maine,ME,fg-sch,1.81289215,0.835882992,0.97281582,0.504299783
Maine,ME,fg-yorg,1.539582122,0.891027019,0.930181827,1.014304255
Maine,ME,fh-eat,2.367571661,1.125813067,2.879920467,1.633282914
Maine,ME,fh-ed,1.990126849,2.162088184,0.595397209,2.371743559
Maine,ME,fh-ma,1.376648308,1.176611034,0.953933459,1.287598834
Maine,ME,fh-read,4.726962427,3.562725638,3.68720123,4.198671438
Maine,ME,fh-spf,0.221627422,0.590940973,0.405476459,0.697018515
Maine,ME,fh-time,2.044667754,1.181871602,2.003158733,1.74657318
Maine,ME,fh-tv,1.19047619,1.19047619,0,0
Maine,ME,fh-uw,0.760796302,1.064705915,1.567092285,1.658807782
Maine,ME,sc-born,2.873320973,2.830169852,2.449026451,2.028467208
Maine,ME,sc-eng-a,3.554982447,3.561324166,3.660580194,3.651722543
Maine,ME,sc-eng-c,3.58559052,3.899161764,3.969204447,3.855587342
Maine,ME,sc-mid,2.184026945,2.071809585,2.149188544,2.701958064
Maine,ME,sm-em,1.43804891,1.43804891,1.43804891,1.43804891
Maine,ME,sm-grad,1.018141843,1.525876722,2.423675248,3.534954081
Maine,ME,sm-hr,4.126880882,4.166374544,4.352932821,5.098806899
Maine,ME,sm-neet,0.628334355,3.09951216,3.578637067,4.383108116
Maine,ME,st-fc,2.645935884,2.850919446,3.531224315,4.112673329
Maine,ME,st-fc trust,3.400790046,2.829575233,3.854779194,4.032615106
Maine,ME,st-fcc,2.076322031,2.219865226,3.317825411,3.322439996
Maine,ME,st-vc,4.430803571,4.367229878,4.500329316,4.634481247
Maryland,MD,Civic Engagement,8.092766852,9.526228116,14.39755954,10.72782927
Maryland,MD,Community Life,7.9429769,9.751419872,2.259387211,3.034564386
Maryland,MD,Family Health,7.448159753,6.728816491,4.444368132,3.964900705
Maryland,MD,Future Generations,6.064833152,6.425611522,5.049187668,4.909478137
Maryland,MD,Social Cohesion,5.359111567,5.119643068,4.407753759,3.015468623
Maryland,MD,Social Mobility,8.646979019,9.919879572,11.65517461,13.0660166
Maryland,MD,Social Trust,5.211871578,4.962078355,7.87116802,11.4520649
Maryland,MD,Total,48.76669882,52.433677,50.08459894,50.17032262
Maryland,MD,ce-ao,2.000407038,1.99525579,1.971736504,1.96465047
Maryland,MD,ce-vt,3.614129923,3.947400772,7.51659888,5.542408702
Maryland,MD,cl-cdd,3.495729688,3.233814961,0.254340546,-0.21081255
Maryland,MD,cl-don,1.552912835,1.974160603,0.213331082,1.737476353
Maryland,MD,cl-mem,0.988027994,1.317814232,0.843121212,1.814647283
Maryland,MD,cl-np,0.276938491,0.408072592,0.146601469,0.301180713
Maryland,MD,cl-npo,0.712126808,0.858842256,0.772669466,0.680463297
Maryland,MD,cl-porg,0.883339442,0.879131556,0.907183972,0.735185248
Maryland,MD,cl-rel,1.061442774,0.340912405,-0.499706359,-0.499706359
Maryland,MD,cl-ta,0.562672587,0.167880077,-0.089764163,-1.172393777
Maryland,MD,cl-tfn,1.032840967,1.653068823,-0.221657567,-1.662350789
Maryland,MD,cl-vol,1.149613493,2.55960992,0.334209568,1.401243131
Maryland,MD,cv-pm,2.478229892,3.583571555,4.909224161,3.220770094
Maryland,MD,fg-act,0.51135234,0.35877806,0.00606628,1.781568372
Maryland,MD,fg-br,1.448559818,1.214995467,0.672792511,-0.161365883
Maryland,MD,fg-play,1.144098818,1.824840034,1.647558519,1.796245229
Maryland,MD,fg-read,1.903984796,2.953621582,1.688883235,1.030199161
Maryland,MD,fg-sch,0.95315891,0.743153065,0.79875495,1.253534369
Maryland,MD,fg-yorg,0.497404555,0.500752448,0.247019131,0.384571709
Maryland,MD,fh-eat,1.986746741,-0.315220062,3.120718869,-0.282658314
Maryland,MD,fh-ed,-0.210823539,0.882042107,-2.658745358,-0.078359247
Maryland,MD,fh-ma,0.683639736,0.987399731,0.961099686,0.629024324
Maryland,MD,fh-read,3.379184462,1.784433757,1.67087885,1.600641125
Maryland,MD,fh-spf,1.627355545,2.026469182,2.263366126,2.157274718
Maryland,MD,fh-time,-0.87356384,0.388936681,-1.10745791,-0.294722889
Maryland,MD,fh-tv,1.19047619,1.19047619,0,0
Maryland,MD,fh-uw,0.855620648,0.974755095,0.935235892,0.894517773
Maryland,MD,sc-born,0.334197269,0.216384443,0.236695249,0.165310424
Maryland,MD,sc-eng-a,1.423481994,1.356953624,1.192802305,0.874179045
Maryland,MD,sc-eng-c,1.694593003,1.58680753,0.976308557,0.206926675
Maryland,MD,sc-mid,1.906839302,1.95949747,2.001947647,1.769052478
Maryland,MD,sm-em,1.860267452,1.860267452,1.860267452,1.860267452
Maryland,MD,sm-grad,3.503551767,4.061760476,4.670051915,5.509196122
Maryland,MD,sm-hr,2.647133757,2.023694606,2.461581918,3.151908171
Maryland,MD,sm-neet,0.636026043,1.974157037,2.663273321,2.544644856
Maryland,MD,st-fc,2.267083822,1.957108567,3.523524397,3.708483566
Maryland,MD,st-fc trust,2.180928767,2.041162292,2.954393143,3.494076691
Maryland,MD,st-fcc,-0.045174036,-0.091004124,0.199883397,2.774205055
Maryland,MD,st-vc,0.809033025,1.05481162,1.193367084,1.475299587
Massachusetts,MA,Civic Engagement,12.93161218,9.069673079,11.94480396,-0.97653758
Massachusetts,MA,Community Life,7.313605865,8.250788032,2.93441521,2.687607258
Massachusetts,MA,Family Health,10.84840125,6.390807968,6.187106412,7.019062631
Massachusetts,MA,Future Generations,1.794751337,1.877433463,-0.534580912,0.132566622
Massachusetts,MA,Social Cohesion,4.874187522,4.719792407,4.115799432,2.769454801
Massachusetts,MA,Social Mobility,12.52395087,13.84703969,16.17607299,16.85819168
Massachusetts,MA,Social Trust,9.82569453,10.82757074,11.50565383,11.66977084
Massachusetts,MA,Total,60.11220356,54.98310538,52.32927092,40.16011625
Massachusetts,MA,ce-ao,2.065037401,2.044756348,1.976320891,1.986526014
Massachusetts,MA,ce-vt,6.231079694,4.364184456,4.165066717,-8.814085922
Massachusetts,MA,cl-cdd,2.23840581,1.972111404,-1.01331899,-1.350122971
Massachusetts,MA,cl-don,1.150714054,1.927187501,1.266078078,1.421083627
Massachusetts,MA,cl-mem,0.523930242,0.918386551,0.901916206,0.807653764
Massachusetts,MA,cl-np,0.104093138,0.373740999,0.179040375,0.125306547
Massachusetts,MA,cl-npo,0.905523331,1.122429938,1.015369808,1.211823589
Massachusetts,MA,cl-porg,0.776794483,0.760306421,0.756898238,0.720920055
Massachusetts,MA,cl-rel,0.22082401,-0.619794754,-1.700590308,-1.700590308
Massachusetts,MA,cl-ta,0.989340267,0.483134892,-0.027588659,-1.310713425
Massachusetts,MA,cl-tfn,1.906036284,1.75529788,0.552765223,-0.13869693
Massachusetts,MA,cl-vol,0.840443194,1.903839604,0.169566624,1.676126885
Massachusetts,MA,cv-pm,4.635495087,2.660732275,5.80341635,5.851022327
Massachusetts,MA,fg-act,2.247849849,0.453365375,1.768138876,0.725093818
Massachusetts,MA,fg-br,0.255713314,-0.236440138,-0.645177751,-1.020549028
Massachusetts,MA,fg-play,-0.683953243,-0.600038632,-0.673391569,-0.621238935
Massachusetts,MA,fg-read,2.792898278,1.628499426,2.337230809,1.427394165
Massachusetts,MA,fg-sch,0.425464948,0.46570632,-0.013465303,0.527532823
Massachusetts,MA,fg-yorg,1.199275872,1.622394759,0.975647349,1.202632889
Massachusetts,MA,fh-eat,0.3293492,-1.496966801,1.81225266,-0.284912491
Massachusetts,MA,fh-ed,1.696012101,1.323465091,-1.482008532,1.449625534
Massachusetts,MA,fh-ma,0.629977646,0.696187303,0.822369148,0.444590066
Massachusetts,MA,fh-read,4.21287867,1.379916372,1.88015805,2.811467303
Massachusetts,MA,fh-spf,1.238155356,1.519280372,2.128027504,2.124022879
Massachusetts,MA,fh-time,0.838778347,0.996310223,-0.310893115,-0.525254166
Massachusetts,MA,fh-tv,1.19047619,1.19047619,0,0
Massachusetts,MA,fh-uw,1.903249933,1.972615408,2.368385098,2.169367279
Massachusetts,MA,sc-born,2.644727015,2.452673625,2.100127622,1.925405479
Massachusetts,MA,sc-eng-a,0.308818379,0.277008497,0.201471106,-0.000427184
Massachusetts,MA,sc-eng-c,0.853118686,0.884973708,0.584963453,0.029456409
Massachusetts,MA,sc-mid,1.067523442,1.105136577,1.229237252,0.815020097
Massachusetts,MA,sm-em,3.472368998,3.472368998,3.472368998,3.472368998
Massachusetts,MA,sm-grad,4.164892514,4.84249749,5.86941803,6.688817122
Massachusetts,MA,sm-hr,1.689023905,1.372338021,1.627032989,1.809468498
Massachusetts,MA,sm-neet,3.197665453,4.159835181,5.20725297,4.887537063
Massachusetts,MA,st-fc,3.667643769,3.840711315,3.995249998,3.884899423
Massachusetts,MA,st-fc trust,3.302675216,3.213036802,3.113867554,3.014728843
Massachusetts,MA,st-fcc,1.403529016,1.939088624,1.97095056,2.202092894
Massachusetts,MA,st-vc,1.45184653,1.834734,2.425585722,2.568049681
Michigan,MI,Civic Engagement,8.754633159,7.519920923,9.848851737,11.45340769
Michigan,MI,Community Life,7.901308103,6.242753687,4.864717029,-1.173354123
Michigan,MI,Family Health,9.722208023,4.902927361,6.84637464,7.929919355
Michigan,MI,Future Generations,4.512691545,2.978123085,1.513600134,3.092065718
Michigan,MI,Social Cohesion,11.87122466,12.06703147,12.04851634,11.5506544
Michigan,MI,Social Mobility,3.088297004,5.110565322,8.434351427,9.007965943
Michigan,MI,Social Trust,8.646586953,8.864540672,9.298699119,9.352253701
Michigan,MI,Total,54.49694945,47.68586252,52.85511042,51.21291268
Michigan,MI,ce-ao,1.970616413,1.945297803,1.939463253,1.964018611
Michigan,MI,ce-vt,4.394623714,3.236003636,4.440535114,7.994077435
Michigan,MI,cl-cdd,1.120703576,0.683227423,-1.906463553,-2.087730484
Michigan,MI,cl-don,0.709452727,0.530557223,0.899552717,0.574308424
Michigan,MI,cl-mem,0.429604627,0.410314084,0.831847731,0.24665156
Michigan,MI,cl-np,1.175139657,1.520969838,0.710859075,0.669009138
Michigan,MI,cl-npo,0.683707968,0.761264101,0.752783428,0.535973027
Michigan,MI,cl-porg,0.731921497,0.741799254,0.729865518,0.689460847
Michigan,MI,cl-rel,1.181531169,0.581089195,-0.499706359,-0.499706359
Michigan,MI,cl-ta,1.287830658,0.854384204,0.506131449,-1.19833674
Michigan,MI,cl-tfn,1.708476279,1.01535597,0.994761309,-1.991752624
Michigan,MI,cl-vol,1.168783176,1.347989658,0.649481236,0.470047742
Michigan,MI,cv-pm,2.389393032,2.338619483,3.46885337,1.495311642
Michigan,MI,fg-act,1.05037417,1.330623236,0.517414096,1.462144455
Michigan,MI,fg-br,0.614401424,0.514302416,-0.002875788,-0.77030151
Michigan,MI,fg-play,0.138503424,0.564615572,0.354471711,0.907362738
Michigan,MI,fg-read,1.056479036,2.170408513,1.562300551,1.305594757
Michigan,MI,fg-sch,1.921553469,0.710105777,0.597149213,1.378210716
Michigan,MI,fg-yorg,0.334002713,0.196391625,0.06032162,0.546105201
Michigan,MI,fh-eat,2.751881683,0.432449463,2.537603211,1.956502495
Michigan,MI,fh-ed,0.451486898,0.539775199,-0.880577756,1.776135746
Michigan,MI,fh-ma,1.07637476,0.834980967,0.60647504,0.706968822
Michigan,MI,fh-read,2.871183219,0.659927782,2.599953645,1.956598306
Michigan,MI,fh-spf,0.841404666,0.844577277,0.961192107,1.037481284
Michigan,MI,fh-time,1.184400334,0.844730276,1.1564236,0.516287021
Michigan,MI,fh-tv,1.19047619,1.19047619,0,0
Michigan,MI,fh-uw,0.545476464,0.746486399,1.006367232,1.301598908
Michigan,MI,sc-born,4.782107504,4.775594799,4.723691951,4.660745556
Michigan,MI,sc-eng-a,2.869398467,2.812150228,2.818286037,2.752961513
Michigan,MI,sc-eng-c,2.718199986,2.83461365,2.791958212,2.434819229
Michigan,MI,sc-mid,1.501518708,1.64467279,1.714580136,1.702128104
Michigan,MI,sm-em,-0.25081954,-0.25081954,-0.25081954,-0.25081954
Michigan,MI,sm-grad,0.210874062,0.846703183,1.500161872,2.272239703
Michigan,MI,sm-hr,3.905814493,3.602174629,4.107982285,5.043179243
Michigan,MI,sm-neet,-0.777572012,0.912507049,3.077026809,1.943366536
Michigan,MI,st-fc,2.166765836,2.063929093,2.791990644,3.332928587
Michigan,MI,st-fc trust,3.03854767,2.624533127,3.1041084,2.264091903
Michigan,MI,st-fcc,2.12825799,2.644281202,2.047755842,2.582598054
Michigan,MI,st-vc,1.313015457,1.531797249,1.354844233,1.172635157
Minnesota,MN,Civic Engagement,14.76493657,12.7839747,16.50124286,14.94537564
Minnesota,MN,Community Life,12.13273234,13.38504413,7.067199223,6.42102205
Minnesota,MN,Family Health,13.08076415,8.385630442,8.20657321,8.492009927
Minnesota,MN,Future Generations,9.838500244,8.770119165,7.502827882,5.908186237
Minnesota,MN,Social Cohesion,9.676750706,9.448539787,9.748851083,9.602750913
Minnesota,MN,Social Mobility,12.6687026,14.02118718,15.75367151,16.64144298
Minnesota,MN,Social Trust,11.58041937,12.58419702,14.42319019,15.70735258
Minnesota,MN,Total,83.74280597,79.37869242,79.20355595,77.71814033
Minnesota,MN,ce-ao,2.027279346,2.017005557,2.060196971,2.053949544
Minnesota,MN,ce-vt,7.332953282,5.272954698,9.490789059,8.779162366
Minnesota,MN,cl-cdd,2.314643777,1.788421114,-1.422703654,-1.723571619
Minnesota,MN,cl-don,2.414849799,2.999289212,2.528927782,1.78759745
Minnesota,MN,cl-mem,1.243412057,1.238261481,2.114501518,2.215239397
Minnesota,MN,cl-np,1.073380332,1.016550452,0.773261626,0.784313304
Minnesota,MN,cl-npo,0.824673857,0.883707239,0.8575953,0.608893158
Minnesota,MN,cl-porg,0.757467526,0.750667218,0.745563159,0.696260553
Minnesota,MN,cl-rel,1.181531169,0.70117759,-0.859971544,-0.859971544
Minnesota,MN,cl-ta,1.652196663,1.282305072,0.879185996,-0.59301873
Minnesota,MN,cl-tfn,1.733243916,1.418245646,-0.576463707,-0.013635952
Minnesota,MN,cl-vol,2.325357351,4.11139067,1.377860717,2.579657718
Minnesota,MN,cv-pm,5.404703943,5.494014445,4.950256826,4.112263728
Minnesota,MN,fg-act,1.854553222,1.772125017,2.60761243,0.920246031
Minnesota,MN,fg-br,1.665441,1.598708328,0.756208351,-0.036242124
Minnesota,MN,fg-play,2.851665826,2.220211013,2.324237378,2.283626315
Minnesota,MN,fg-read,2.961472091,2.221213592,3.064971737,1.995774975
Minnesota,MN,fg-sch,1.227864263,1.269949166,1.475250934,0.820020739
Minnesota,MN,fg-yorg,0.814029073,0.757877603,0.446188592,0.871385895
Minnesota,MN,fh-eat,1.785863026,-0.813545361,2.686731124,0.782914841
Minnesota,MN,fh-ed,2.345370335,1.835381444,-0.659993597,1.416367887
Minnesota,MN,fh-ma,1.699563884,1.720508686,1.594428727,1.324564015
Minnesota,MN,fh-read,4.248736518,1.773971912,1.315422127,1.721135412
Minnesota,MN,fh-spf,0.563497455,0.637344201,0.703993241,0.783614516
Minnesota,MN,fh-time,0.448369959,1.099863899,1.423655976,1.458042573
Minnesota,MN,fh-tv,1.19047619,1.19047619,0,0
Minnesota,MN,fh-uw,1.98936297,2.132105662,2.510097814,2.420705671
Minnesota,MN,sc-born,3.53527063,3.394976268,3.399677046,3.359280227
Minnesota,MN,sc-eng-a,2.499980305,2.384772456,2.38053064,2.325651312
Minnesota,MN,sc-eng-c,1.199790194,1.317901146,1.476724978,1.468956022
Minnesota,MN,sc-mid,2.441709577,2.350889917,2.491918419,2.448863351
Minnesota,MN,sm-em,2.512783274,2.512783274,2.512783274,2.512783274
Minnesota,MN,sm-grad,2.18468218,2.862388323,3.610716471,4.410535489
Minnesota,MN,sm-hr,4.540166765,3.973335348,4.55336296,4.923139013
Minnesota,MN,sm-neet,3.431070377,4.672680238,5.076808804,4.794985206
Minnesota,MN,st-fc,3.688254453,3.567281393,4.502966319,5.0548898
Minnesota,MN,st-fc trust,1.982660306,2.797980816,3.571604485,4.559324913
Minnesota,MN,st-fcc,2.525216789,2.952391384,3.032233138,3.007313152
Minnesota,MN,st-vc,3.384287819,3.266543427,3.316386248,3.085824716
Mississippi,MS,Civic Engagement,12.12010367,6.58881818,8.94858764,3.90102514
Mississippi,MS,Community Life,8.544767329,6.489003021,1.445535035,-1.811454869
Mississippi,MS,Family Health,2.516498512,2.819050794,-0.440157127,0.285097472
Mississippi,MS,Future Generations,7.366005819,5.626574735,3.807377573,3.623766704
Mississippi,MS,Social Cohesion,12.43338398,12.46623833,12.28050289,12.18630051
Mississippi,MS,Social Mobility,0.086149967,1.600457036,3.649618078,6.581385135
Mississippi,MS,Social Trust,1.589871261,7.775998054,8.822593019,9.396388294
Mississippi,MS,Total,44.65678054,43.36614015,38.51405711,34.16250839
Mississippi,MS,ce-ao,1.92129074,1.936294482,1.949873917,1.926383669
Mississippi,MS,ce-vt,7.929801476,4.820681502,6.001522697,0.101907861
Mississippi,MS,cl-cdd,0.229197333,0.273189914,-1.8678439,-1.995150929
Mississippi,MS,cl-don,0.911918879,0.051379089,-0.822573005,-1.395344063
Mississippi,MS,cl-mem,0.627066301,0.195883183,0.61775758,0.632224427
Mississippi,MS,cl-np,0.693847775,0.888833953,0.63347257,0.572908954
Mississippi,MS,cl-npo,0.564039007,0.551643555,0.53098579,0.473269209
Mississippi,MS,cl-porg,0.711468162,0.716570252,0.709855373,0.689733744
Mississippi,MS,cl-rel,3.823475856,2.502503512,2.382415117,2.382415117
Mississippi,MS,cl-ta,0.96564043,1.515946505,0.289420913,-1.304210283
Mississippi,MS,cl-tfn,-0.073031226,0.586686204,-1.351856034,-2.322453067
Mississippi,MS,cl-vol,1.01418992,0.368390721,-0.910470698,-0.967089953
Mississippi,MS,cv-pm,2.26901145,-0.168157803,0.997191027,1.87273361
Mississippi,MS,fg-act,-0.384210226,1.035882018,1.515869424,-1.279016956
Mississippi,MS,fg-br,2.149252868,1.690465752,1.256703387,0.764549935
Mississippi,MS,fg-play,0.959039045,0.625165425,0.502781423,0.330816312
Mississippi,MS,fg-read,-0.229362683,1.222132408,0.092306649,2.507709562
Mississippi,MS,fg-sch,1.617640814,1.317615838,0.829601342,1.443326384
Mississippi,MS,fg-yorg,0.184737818,0.117802809,-0.050834437,-0.122848161
Mississippi,MS,fh-eat,3.077315498,1.655656046,2.496576218,2.72245289
Mississippi,MS,fh-ed,-2.920333469,-0.190115889,-1.25692029,-0.111616699
Mississippi,MS,fh-ma,0.382350286,0.087671842,0.032616454,0.003989259
Mississippi,MS,fh-read,1.303372911,0.131849094,-2.052374459,-0.689987465
Mississippi,MS,fh-spf,0.631440769,0.766051284,0.706771043,0.807966202
Mississippi,MS,fh-time,1.327750647,1.512778585,1.111837098,-0.820516608
Mississippi,MS,fh-tv,1.19047619,1.19047619,0,0
Mississippi,MS,fh-uw,-1.28539813,-1.144840169,-1.552022711,-1.579673863
Mississippi,MS,sc-born,3.982163586,3.990228076,3.984539533,3.776747669
Mississippi,MS,sc-eng-a,3.579585239,3.627337856,3.578987412,3.571386764
Mississippi,MS,sc-eng-c,3.808301094,3.872720723,3.715242011,3.59057124
Mississippi,MS,sc-mid,1.063334062,0.975951673,1.001733931,1.247594837
Mississippi,MS,sm-em,2.589551322,2.589551322,2.589551322,2.589551322
Mississippi,MS,sm-grad,-1.478352698,-1.19219113,-0.757090515,0.185124047
Mississippi,MS,sm-hr,2.659488666,1.841486888,2.320865071,3.939889251
Mississippi,MS,sm-neet,-3.684537323,-1.638390043,-0.503707801,-0.133179485
Mississippi,MS,st-fc,-0.919933757,1.711958212,1.077568839,2.579109801
Mississippi,MS,st-fc trust,-0.514596918,2.50977409,2.429561055,1.750671109
Mississippi,MS,st-fcc,0.014236686,0.591012086,2.231960061,1.411190567
Mississippi,MS,st-vc,3.01016525,2.963253667,3.083503064,3.655416817
Missouri,MO,Civic Engagement,5.718382153,6.017916078,10.44248001,8.327788421
Missouri,MO,Community Life,11.07183568,8.700462672,5.013743938,0.793696133
Missouri,MO,Family Health,10.12612622,7.045568067,4.638662758,5.752796814
Missouri,MO,Future Generations,10.88495931,9.421903042,7.20654894,5.179976512
Missouri,MO,Social Cohesion,11.35916625,11.72567099,11.26234812,11.72454962
Missouri,MO,Social Mobility,5.615652433,7.475466621,9.052229323,11.10746332
Missouri,MO,Social Trust,1.131734917,0.841932457,4.412219846,6.710013775
Missouri,MO,Total,55.90785696,51.22891993,52.02823294,49.59628459
Missouri,MO,ce-ao,2.010689071,2.260893776,2.168722016,2.298738388
Missouri,MO,ce-vt,3.063193129,3.461704076,4.394623714,3.265203287
Missouri,MO,cl-cdd,0.881946077,0.48402458,-1.891201802,-2.056491777
Missouri,MO,cl-don,1.957006128,1.474357808,1.442252227,0.382821639
Missouri,MO,cl-mem,1.513270118,0.890293033,0.278934599,0.547648595
Missouri,MO,cl-np,1.025518039,1.138975315,0.592026693,0.858417196
Missouri,MO,cl-npo,0.733680466,0.88781778,0.78755137,0.609590726
Missouri,MO,cl-porg,0.945190783,0.769619504,0.756423152,0.692143816
Missouri,MO,cl-rel,1.781973143,1.061442774,-0.01935278,-0.01935278
Missouri,MO,cl-ta,1.544463943,1.131067556,0.361988504,-0.618289561
Missouri,MO,cl-tfn,0.803960407,0.691981446,0.028781576,-1.657443172
Missouri,MO,cl-vol,1.792290691,1.793882772,1.37716529,0.85657687
Missouri,MO,cv-pm,0.644499953,0.295318226,3.879134284,2.763846746
Missouri,MO,fg-act,2.15765092,1.79066544,-0.12888288,0.436316721
Missouri,MO,fg-br,1.548658825,1.281728139,0.789574686,0.022148964
Missouri,MO,fg-play,1.645197598,0.938995378,0.960970938,0.448708058
Missouri,MO,fg-read,0.224271214,1.269161497,3.276310489,0.643927587
Missouri,MO,fg-sch,1.133738421,0.879351022,0.485284504,0.54077471
Missouri,MO,fg-yorg,2.929044696,3.181194155,2.568535831,2.441685942
Missouri,MO,fh-eat,2.561373969,0.603612739,1.571570705,1.192559601
Missouri,MO,fh-ed,0.577269269,0.907254889,-0.717182111,0.865451364
Missouri,MO,fh-ma,1.295209238,0.983752884,1.047844475,0.790973403
Missouri,MO,fh-read,2.489253194,0.77135753,1.176305521,1.667371303
Missouri,MO,fh-spf,0.475249146,0.463408593,0.39217613,0.587951693
Missouri,MO,fh-time,1.867620741,2.393890501,0.858574159,0.395192245
Missouri,MO,fh-tv,1.19047619,1.19047619,0,0
Missouri,MO,fh-uw,0.860150664,0.922290932,1.082484339,1.212096673
Missouri,MO,sc-born,3.162327332,3.153085813,3.108038826,2.9647175
Missouri,MO,sc-eng-a,3.300880075,3.375848936,3.373708481,3.336353186
Missouri,MO,sc-eng-c,3.094539789,3.300998197,3.021365371,3.301852241
Missouri,MO,sc-mid,1.801419055,1.895738043,1.75923544,2.121626692
Missouri,MO,sm-em,2.320866587,2.320866587,2.320866587,2.320866587
Missouri,MO,sm-grad,0.340580836,0.859830441,1.555520316,2.432795685
Missouri,MO,sm-hr,2.893402816,2.24553912,2.868650755,3.633022694
Missouri,MO,sm-neet,0.060802193,2.049230473,2.307191665,2.720778351
Missouri,MO,st-fc,-1.085377272,-0.935346392,0.854984613,1.539218381
Missouri,MO,st-fc trust,-0.590272117,-1.249307855,0.864905135,1.649785233
Missouri,MO,st-fcc,1.538716683,2.251610852,1.936489422,2.362807336
Missouri,MO,st-vc,1.268667623,0.774975852,0.755840676,1.158202824
Montana,MT,Civic Engagement,13.0854637,10.95141178,14.48543099,12.49543557
Montana,MT,Community Life,8.089578097,10.12868704,4.842082581,7.243245524
Montana,MT,Family Health,13.96001655,10.89650132,8.62052518,10.95752072
Montana,MT,Future Generations,6.72256617,7.177039882,3.332907101,0.483792649
Montana,MT,Social Cohesion,11.1602388,11.49093236,11.73735947,11.3982445
Montana,MT,Social Mobility,8.811335605,8.786004058,13.70408926,13.93728165
Montana,MT,Social Trust,-1.247379586,-2.094477584,-0.383751481,4.938409043
Montana,MT,Total,60.58181933,57.33609885,56.3386431,61.45392966
Montana,MT,ce-ao,2.239757998,2.042195955,1.982074119,1.983917528
Montana,MT,ce-vt,3.88959832,3.972009282,7.470687481,5.037383307
Montana,MT,cl-cdd,0.859572965,0.63891477,-1.757228867,-1.897643612
Montana,MT,cl-don,1.155131626,1.201853569,1.715635642,2.322858089
Montana,MT,cl-mem,1.096553105,1.968801712,1.441217889,1.878306737
Montana,MT,cl-np,0.907282714,1.510464267,0.563262677,0.502680561
Montana,MT,cl-npo,0.717146152,0.730827339,0.654096686,0.586137714
Montana,MT,cl-porg,0.716470289,0.742507346,0.722085357,0.692032187
Montana,MT,cl-rel,0.340912405,0.340912405,-0.619794754,-0.619794754
Montana,MT,cl-ta,1.642739548,-0.171497279,0.342087702,-0.091710547
Montana,MT,cl-tfn,0.473850486,2.308352561,-0.583430381,0.238167365
Montana,MT,cl-vol,1.946774485,3.006929387,1.17018444,2.237248733
Montana,MT,cv-pm,6.956107381,4.937206547,5.032669385,5.474134736
Montana,MT,fg-act,-0.433010052,0.736093378,4.921666736,-1.676796653
Montana,MT,fg-br,1.07318854,1.148262796,-0.361563897,-0.85371735
Montana,MT,fg-play,0.778080088,0.678245673,0.662962973,0.886252377
Montana,MT,fg-read,1.646848734,-0.192615247,5.250479476,0.2652197
Montana,MT,fg-sch,1.165471993,1.054063236,0.666036825,-0.238157244
Montana,MT,fg-yorg,1.464970159,1.90412155,1.254502166,0.52815065
Montana,MT,fh-eat,4.168981328,2.214631045,3.257392113,1.824242912
Montana,MT,fh-ed,1.961598162,2.037687654,0.986509955,1.73528288
Montana,MT,fh-ma,1.270850836,1.236457804,1.135240552,1.316287291
Montana,MT,fh-read,4.315624585,2.05399821,0.138186606,1.356109165
Montana,MT,fh-spf,-0.288760276,-0.276613469,0.032744533,0.148560213
Montana,MT,fh-time,1.232862952,2.105697979,1.098734175,2.289617003
Montana,MT,fh-tv,1.020408163,1.020408163,0,0
Montana,MT,fh-uw,1.298858958,1.524642096,1.971717246,2.287421255
Montana,MT,sc-born,1.500772952,1.307674496,1.178816523,0.822157994
Montana,MT,sc-eng-a,3.892934773,3.941392226,3.962938605,3.911488147
Montana,MT,sc-eng-c,3.846335938,4.167226044,4.24185676,4.126682904
Montana,MT,sc-mid,1.920195139,2.07463959,2.353747583,2.53791545
Montana,MT,sm-em,4.70063717,4.70063717,4.70063717,4.70063717
Montana,MT,sm-grad,0.966379179,1.666923774,2.536695782,2.841210849
Montana,MT,sm-hr,2.859869468,2.428729444,3.407999203,3.682573466
Montana,MT,sm-neet,0.284449789,-0.01028633,3.058757105,2.712860169
Montana,MT,st-fc,-0.463551223,1.118615199,1.68102931,0.048178817
Montana,MT,st-fc trust,-3.117116104,-1.737592252,0.672431457,1.408497321
Montana,MT,st-fcc,-0.607542955,-3.664179923,-4.288068776,2.16095965
Montana,MT,st-vc,2.940830695,2.188679392,1.550856527,1.320773255
Nebraska,NE,Civic Engagement,7.993592004,9.165917009,8.874714323,10.2858461
Nebraska,NE,Community Life,12.5092712,11.6542986,7.90521742,4.391579832
Nebraska,NE,Family Health,11.67164946,8.093662233,8.987917393,8.607029994
Nebraska,NE,Future Generations,10.01117056,10.17968083,8.240215279,6.556754494
Nebraska,NE,Social Cohesion,9.338504457,8.649535921,8.56449871,8.636995919
Nebraska,NE,Social Mobility,10.53519959,12.10884321,13.09576233,14.2839334
Nebraska,NE,Social Trust,8.439313988,8.235229535,6.832250106,11.19464552
Nebraska,NE,Total,70.49870126,68.08716735,62.50057556,63.95678526
Nebraska,NE,ce-ao,2.114861954,1.910686974,1.896301571,1.913749403
Nebraska,NE,ce-vt,2.00723094,4.388563409,3.660041322,4.927195948
Nebraska,NE,cl-cdd,1.149400254,0.818074018,-1.883394616,-2.03505756
Nebraska,NE,cl-don,1.351705012,2.048532661,2.426597525,1.716364825
Nebraska,NE,cl-mem,1.354660912,2.235994327,1.640884844,1.274770546
Nebraska,NE,cl-np,0.541231183,0.548124625,0.29914557,0.208408271
Nebraska,NE,cl-npo,0.751326758,0.82841624,0.828269653,0.654982571
Nebraska,NE,cl-porg,0.734804816,0.739664274,0.727719288,0.688760859
Nebraska,NE,cl-rel,2.262326723,1.301619564,-0.139441174,-0.139441174
Nebraska,NE,cl-ta,1.926847373,1.63182972,0.976915168,-0.227183652
Nebraska,NE,cl-tfn,2.195414636,-0.37028335,-0.318494255,-2.051103465
Nebraska,NE,cl-vol,1.932184972,3.238525167,1.76276637,2.474429323
Nebraska,NE,cv-pm,3.87149911,2.866666625,3.318371429,3.44490075
Nebraska,NE,fg-act,0.247402835,2.18465843,0.764685847,4.038374677
Nebraska,NE,fg-br,2.633064737,2.72482216,1.665441,1.15660438
Nebraska,NE,fg-play,1.628934211,0.804671808,1.121749294,0.755272017
Nebraska,NE,fg-read,1.789015122,2.379259219,0.07692131,0.141362899
Nebraska,NE,fg-sch,1.451005826,1.881423546,1.721049095,1.188557468
Nebraska,NE,fg-yorg,0.961108932,1.375536374,0.985237463,1.270735798
Nebraska,NE,fh-eat,2.773084903,0.374998084,2.199091172,0.640964562
Nebraska,NE,fh-ed,2.034131935,2.238376971,1.808714255,1.734692326
Nebraska,NE,fh-ma,1.78621688,1.425714583,1.843487164,1.430453731
Nebraska,NE,fh-read,2.394621638,0.488795229,0.951769466,0.697847677
Nebraska,NE,fh-spf,0.200278751,0.218363476,0.451324576,0.517450303
Nebraska,NE,fh-time,0.553386137,1.410947711,1.14036592,2.987481615
Nebraska,NE,fh-tv,1.19047619,1.19047619,0,0
Nebraska,NE,fh-uw,1.92992922,1.93646618,2.091151073,2.03264478
Nebraska,NE,sc-born,3.098311212,2.966914267,2.931955783,2.799447629
Nebraska,NE,sc-eng-a,2.269289449,2.149189882,2.100031678,2.040431628
Nebraska,NE,sc-eng-c,1.271760635,1.070859147,0.78483336,1.198181238
Nebraska,NE,sc-mid,2.69914316,2.462572626,2.747677889,2.598935425
Nebraska,NE,sm-em,3.280452311,3.280452311,3.280452311,3.280452311
Nebraska,NE,sm-grad,0.886037571,1.549566724,2.433808803,3.035552211
Nebraska,NE,sm-hr,2.768452063,2.48763337,2.910705053,3.226264723
Nebraska,NE,sm-neet,3.600257644,4.791190809,4.470796158,4.741664153
Nebraska,NE,st-fc,-0.219347961,-0.334233544,1.671902406,2.821958907
Nebraska,NE,st-fc trust,2.843876985,3.109053542,1.878265108,2.913960086
Nebraska,NE,st-fcc,2.6548766,2.485389064,0.617771313,2.066393292
Nebraska,NE,st-vc,3.159908364,2.975020474,2.66431128,3.392333233
Nevada,NV,Civic Engagement,3.121638967,4.255239599,4.724558871,6.682261592
Nevada,NV,Community Life,3.852723814,5.020150677,-1.534366451,-6.799209477
Nevada,NV,Family Health,5.816196896,1.611944782,4.392216187,4.713420674
Nevada,NV,Future Generations,12.02775817,8.953922637,13.43868763,1.535254061
Nevada,NV,Social Cohesion,-4.183414062,-1.741425514,-1.171040682,-1.629468009
Nevada,NV,Social Mobility,-6.868231871,-4.925469969,-3.357892035,-0.921031567
Nevada,NV,Social Trust,4.811688735,5.198826506,10.9550003,12.55450465
Nevada,NV,Total,18.57836064,18.37318872,27.44716382,16.13573193
Nevada,NV,ce-ao,1.88827135,1.881477186,1.881583475,1.879462547
Nevada,NV,ce-vt,0.308509159,1.503307419,1.961319541,3.935509719
Nevada,NV,cl-cdd,0.693098701,0.406296048,-1.614022681,-1.814655523
Nevada,NV,cl-don,0.126866587,-0.076401037,-0.753539021,-1.952705499
Nevada,NV,cl-mem,0.173064877,-0.716539217,-0.340801314,-0.044649412
Nevada,NV,cl-np,-0.074629468,-0.115273913,-0.054081663,-0.136829877
Nevada,NV,cl-npo,0.588035569,0.598987618,0.609204837,0.497420942
Nevada,NV,cl-porg,0.713218061,0.713890813,0.716006424,0.685462214
Nevada,NV,cl-rel,0.22082401,0.340912405,-1.820678702,-1.820678702
Nevada,NV,cl-ta,0.973338886,1.545945803,0.480076929,-0.922753871
Nevada,NV,cl-tfn,1.420682345,2.153219808,0.326389054,-2.507391344
Nevada,NV,cl-vol,-0.363306521,0.460134482,-0.75102466,-0.733913806
Nevada,NV,cv-pm,0.924858458,0.870454994,0.881655855,0.867289327
Nevada,NV,fg-act,1.888202229,2.603467836,-0.778169011,0.117862171
Nevada,NV,fg-br,1.798906343,1.465242985,0.489277665,-0.711910423
Nevada,NV,fg-play,4.988264187,4.249809092,8.347278923,2.030600919
Nevada,NV,fg-read,0.472072648,1.945354226,0.274601596,0.705171149
Nevada,NV,fg-sch,0.738436588,-0.183213637,-0.166375397,-0.883236064
Nevada,NV,fg-yorg,0.492898326,0.437443318,0.288943895,0.588048275
Nevada,NV,fh-eat,3.106842917,0.983767442,3.765133379,2.614294179
Nevada,NV,fh-ed,-0.737602993,-1.051694214,-3.11430312,-1.170655466
Nevada,NV,fh-ma,0.517313938,0.037002457,0.113314175,-0.09402518
Nevada,NV,fh-read,1.330095692,0.14658084,-0.353737595,0.039507748
Nevada,NV,fh-spf,1.394045429,1.242855014,1.867710313,2.128729038
Nevada,NV,fh-time,0.09765917,0.611637163,2.617945408,1.6227158
Nevada,NV,fh-tv,1.020408163,1.020408163,0,0
Nevada,NV,fh-uw,0.107842742,-0.35820392,-0.503846374,-0.427145445
Nevada,NV,sc-born,-3.19065124,-3.124706276,-2.893115921,-2.896707799
Nevada,NV,sc-eng-a,-1.406834944,-1.210157423,-0.844460854,-0.728314005
Nevada,NV,sc-eng-c,-2.259001772,0.220009341,0.085705644,-0.204496413
Nevada,NV,sc-mid,2.673073894,2.373428843,2.480830449,2.200050208
Nevada,NV,sm-em,-2.630587835,-2.630587835,-2.630587835,-2.630587835
Nevada,NV,sm-grad,-0.712380288,-0.393208334,0.230662771,1.11593555
Nevada,NV,sm-hr,-1.532136037,-2.151995767,-0.847964938,0.326888242
Nevada,NV,sm-neet,-1.993127712,0.250321967,-0.110002033,0.266732475
Nevada,NV,st-fc,-0.339681656,1.014619891,3.320197575,3.703871795
Nevada,NV,st-fc trust,2.754387859,2.40345666,3.884459597,4.233548236
Nevada,NV,st-fcc,2.300011885,2.938109206,2.974478815,3.050301026
Nevada,NV,st-vc,0.096970647,-1.157359251,0.775864314,1.566783598
New Hampshire,NH,Civic Engagement,15.11396886,14.92565077,17.54207867,17.17889571
New Hampshire,NH,Community Life,7.276378344,11.61629414,3.407399668,1.380267604
New Hampshire,NH,Family Health,13.87226445,10.45579252,10.6751979,12.50173634
New Hampshire,NH,Future Generations,2.290504701,1.015621906,-1.162054676,-2.777330288
New Hampshire,NH,Social Cohesion,8.795936901,8.788047297,8.138706785,8.334693079
New Hampshire,NH,Social Mobility,11.46796667,13.88736012,14.56100515,17.19529974
New Hampshire,NH,Social Trust,9.730574857,12.04163372,14.4433726,14.03804378
New Hampshire,NH,Total,68.54759478,72.73040048,67.60570609,67.85160596
New Hampshire,NH,ce-ao,1.947086604,1.999820247,2.203220091,1.994206415
New Hampshire,NH,ce-vt,5.588320101,5.388238222,7.700244478,7.764520437
New Hampshire,NH,cl-cdd,1.313264761,0.965478628,-1.715061818,-1.943979852
New Hampshire,NH,cl-don,1.844262959,3.135576516,2.143273861,1.987672434
New Hampshire,NH,cl-mem,0.832067577,1.055467567,1.210131522,0.968554915
New Hampshire,NH,cl-np,0.033590029,-0.017233717,-0.051508989,-0.08808304
New Hampshire,NH,cl-npo,0.647203134,0.71550205,0.60065229,0.57260465
New Hampshire,NH,cl-porg,0.726364238,0.734111607,0.724298398,0.686671828
New Hampshire,NH,cl-rel,-0.619794754,-0.739883149,-1.820678702,-1.820678702
New Hampshire,NH,cl-ta,2.19582008,1.117543526,0.57906027,-0.328643471
New Hampshire,NH,cl-tfn,0.753986205,3.14285764,-0.59095183,-1.688160097
New Hampshire,NH,cl-vol,0.896468905,2.455118382,0.56161386,1.002246048
New Hampshire,NH,cv-pm,7.578562159,7.537592303,7.638614103,7.420168854
New Hampshire,NH,fg-act,1.477289788,0.005807212,-0.266223061,2.221936904
New Hampshire,NH,fg-br,-0.878742101,-1.220747043,-1.746266831,-1.91309851
New Hampshire,NH,fg-play,0.017963547,-0.423481839,-0.486151546,-0.605813496
New Hampshire,NH,fg-read,3.246817364,1.181699682,2.795524648,1.718442934
New Hampshire,NH,fg-sch,1.319688426,0.660922147,0.329163004,-0.03367263
New Hampshire,NH,fg-yorg,1.068093263,1.660388006,1.128552256,0.701031111
New Hampshire,NH,fh-eat,1.030668553,-0.285592357,1.811141728,-0.678781455
New Hampshire,NH,fh-ed,2.211764112,2.813594307,-0.574357268,1.523086881
New Hampshire,NH,fh-ma,2.353632716,1.919177734,1.944560229,2.127293684
New Hampshire,NH,fh-read,3.944399406,1.092484571,3.170530106,2.109602816
New Hampshire,NH,fh-spf,1.314241225,1.355829193,1.568246915,1.930053928
New Hampshire,NH,fh-time,1.228429381,1.527299935,1.871833988,4.496941304
New Hampshire,NH,fh-tv,1.19047619,1.19047619,0,0
New Hampshire,NH,fh-uw,1.789129052,2.032999142,2.662441853,3.077161908
New Hampshire,NH,sc-born,-0.514580394,-0.58043223,-0.814009645,-0.853249323
New Hampshire,NH,sc-eng-a,3.21812102,3.217904878,3.220031599,3.257703293
New Hampshire,NH,sc-eng-c,3.323327829,3.529847965,3.346386617,3.39957453
New Hampshire,NH,sc-mid,2.769068446,2.620726684,2.386298214,2.53066458
New Hampshire,NH,sm-em,1.783499405,1.783499405,1.783499405,1.783499405
New Hampshire,NH,sm-grad,2.482994027,3.147980961,3.707540097,4.632471138
New Hampshire,NH,sm-hr,4.320839441,4.082468866,4.454017418,4.889661227
New Hampshire,NH,sm-neet,2.880633796,4.873410885,4.615948229,5.889667971
New Hampshire,NH,st-fc,0.954615516,1.953884774,4.009575155,3.314645628
New Hampshire,NH,st-fc trust,2.083997572,2.973786776,3.159812016,2.812428675
New Hampshire,NH,st-fcc,3.177962717,3.454027217,3.184203307,3.322785971
New Hampshire,NH,st-vc,3.513999051,3.659934956,4.089782118,4.588183503
New Jersey,NJ,Civic Engagement,5.321548097,4.18176912,14.5847515,9.801598979
New Jersey,NJ,Community Life,5.028805067,6.533241049,2.833273395,-0.064618329
New Jersey,NJ,Family Health,9.322281403,6.596932792,7.301563087,8.851277769
New Jersey,NJ,Future Generations,5.500274505,4.395667255,2.268194902,4.22857154
New Jersey,NJ,Social Cohesion,0.816908007,1.211445701,0.842464117,-0.424413652
New Jersey,NJ,Social Mobility,8.012935311,8.953079418,11.72389963,13.13186236
New Jersey,NJ,Social Trust,8.794238353,9.903605173,13.59218024,13.08689439
New Jersey,NJ,Total,42.79699074,41.77574051,53.14632687,48.61117306
New Jersey,NJ,ce-ao,1.890027688,1.886461772,1.874220908,1.936076245
New Jersey,NJ,ce-vt,2.144965139,1.970318175,9.674434657,4.500219933
New Jersey,NJ,cl-cdd,2.839955026,2.679726915,-0.699928963,-1.075423445
New Jersey,NJ,cl-don,1.095237942,1.570969097,0.814431597,1.781412001
New Jersey,NJ,cl-mem,0.141594821,0.486172854,1.152890532,1.042823519
New Jersey,NJ,cl-np,0.567617642,0.722938962,0.574230777,0.551878299
New Jersey,NJ,cl-npo,0.692016318,0.681238915,0.668007475,0.49451557
New Jersey,NJ,cl-porg,0.811759687,0.826873773,0.815498004,0.691291652
New Jersey,NJ,cl-rel,0.941354379,0.821265984,-0.619794754,-0.619794754
New Jersey,NJ,cl-ta,1.027041,0.474075256,0.102598148,-1.615084813
New Jersey,NJ,cl-tfn,0.463229443,0.899486996,0.498087189,-2.314951406
New Jersey,NJ,cl-vol,-0.143428522,0.773158173,-0.598444795,0.475169903
New Jersey,NJ,cv-pm,1.28655527,0.324989173,3.036095935,3.365302801
New Jersey,NJ,fg-act,2.554308513,1.906298019,0.069615745,1.12469847
New Jersey,NJ,fg-br,0.998114285,0.589376672,0.339129154,0.0555153
New Jersey,NJ,fg-play,0.112673343,-0.265042649,-0.550960381,-0.647294465
New Jersey,NJ,fg-read,1.532385893,1.560016,0.857830826,2.161679859
New Jersey,NJ,fg-sch,2.226949068,2.264429654,1.67613904,3.095863166
New Jersey,NJ,fg-yorg,0.329112975,0.34168116,0.047822123,0.314963693
New Jersey,NJ,fh-eat,0.88630594,-0.112319348,2.75556893,1.797092774
New Jersey,NJ,fh-ed,0.246496239,-0.361499854,-1.5400076,-0.304153784
New Jersey,NJ,fh-ma,1.657026427,1.793292224,1.910565103,1.617050013
New Jersey,NJ,fh-read,1.824207213,0.317154663,0.088984688,1.275684088
New Jersey,NJ,fh-spf,2.313407684,2.562014188,3.12554306,3.46479909
New Jersey,NJ,fh-time,0.814217431,0.56369991,-0.063762209,0.265671464
New Jersey,NJ,fh-tv,1.19047619,1.19047619,0,0
New Jersey,NJ,fh-uw,1.580620469,1.83459101,2.241598295,2.210347086
New Jersey,NJ,sc-born,0.974123345,1.040839752,0.870582704,0.709419854
New Jersey,NJ,sc-eng-a,-1.41062408,-1.32578327,-1.186952095,-1.429421533
New Jersey,NJ,sc-eng-c,-0.083686464,0.453842177,-0.17686601,-0.859866846
New Jersey,NJ,sc-mid,1.337095206,1.042547043,1.335699518,1.155454874
New Jersey,NJ,sm-em,2.359249467,2.359249467,2.359249467,2.359249467
New Jersey,NJ,sm-grad,3.035997638,3.709675608,4.769149174,5.517653148
New Jersey,NJ,sm-hr,1.973512864,1.363530984,1.583293614,1.897397762
New Jersey,NJ,sm-neet,0.644175342,1.520623359,3.012207378,3.357561981
New Jersey,NJ,st-fc,2.139366068,2.817314109,4.305525517,3.54116959
New Jersey,NJ,st-fc trust,3.049272257,2.246035746,3.995725442,3.856332094
New Jersey,NJ,st-fcc,0.980841667,1.698435962,1.67627714,2.215107446
New Jersey,NJ,st-vc,2.624758361,3.141819357,3.614652143,3.474285261
New Mexico,NM,Civic Engagement,7.573523572,3.809173998,8.230750875,5.512396013
New Mexico,NM,Community Life,4.546679492,5.29183769,-1.134288356,-2.792853671
New Mexico,NM,Family Health,10.43021253,6.090795213,4.112142616,2.555893228
New Mexico,NM,Future Generations,12.62512817,11.03040762,5.779322573,6.482331699
New Mexico,NM,Social Cohesion,1.918044936,2.698035945,3.167001056,2.392554484
New Mexico,NM,Social Mobility,2.742572819,2.347401716,5.274886696,8.014995184
New Mexico,NM,Social Trust,6.146711994,3.885943855,3.682431346,8.177322379
New Mexico,NM,Total,45.98287352,35.15359604,29.11224681,30.34263932
New Mexico,NM,ce-ao,1.984179769,1.997827696,1.985970181,1.990543356
New Mexico,NM,ce-vt,2.00723094,-1.117590732,2.466344935,1.07522953
New Mexico,NM,cl-cdd,0.188006975,-0.103811149,-1.983695941,-2.138994331
New Mexico,NM,cl-don,0.008290029,-0.303291172,-0.275879142,-1.390198692
New Mexico,NM,cl-mem,0.156312299,-0.382917943,-0.231698709,-0.580974217
New Mexico,NM,cl-np,0.487205502,0.564479454,0.473906528,0.497824129
New Mexico,NM,cl-npo,0.586901849,0.604170638,0.5601063,0.531136641
New Mexico,NM,cl-porg,0.734052361,0.746158684,0.737142883,0.689564222
New Mexico,NM,cl-rel,0.70117759,0.941354379,-0.379617964,-0.379617964
New Mexico,NM,cl-ta,1.772001159,0.781644288,-0.06793146,-0.355778296
New Mexico,NM,cl-tfn,0.343158251,1.969962202,-0.706094883,-0.499900962
New Mexico,NM,cl-vol,0.244785953,0.934756615,-0.77031538,-0.807084402
New Mexico,NM,cv-pm,3.582112862,2.928937034,3.778435759,2.446623127
New Mexico,NM,fg-act,-0.478160798,-0.941826799,0.104131156,0.834378645
New Mexico,NM,fg-br,1.924030102,1.315094475,0.122247971,-0.745276758
New Mexico,NM,fg-play,2.914425828,2.777897883,1.948036603,2.308844971
New Mexico,NM,fg-read,-0.220773433,1.627514159,-0.46759774,0.514900062
New Mexico,NM,fg-sch,2.98668153,2.631381341,1.412987267,2.080098023
New Mexico,NM,fg-yorg,0.591614654,0.629231383,0.369609874,0.67788823
New Mexico,NM,fh-eat,5.531195492,3.844459381,6.054089448,3.638446301
New Mexico,NM,fh-ed,0.843476687,0.544793518,-1.397486166,0.321556213
New Mexico,NM,fh-ma,0.474886306,0.259204837,-0.343574525,-0.579082885
New Mexico,NM,fh-read,2.853357029,1.124460491,0.196191739,0.067266081
New Mexico,NM,fh-spf,0.79626157,0.472752867,0.69025894,0.80219713
New Mexico,NM,fh-time,0.846983403,0.713239662,-0.120761793,-0.674657346
New Mexico,NM,fh-tv,1.020408163,1.020408163,0,0
New Mexico,NM,fh-uw,-0.915947953,-0.868115542,-0.966575028,-1.019832265
New Mexico,NM,sc-born,0.993426577,1.155781266,1.236153005,0.858351928
New Mexico,NM,sc-eng-a,0.026099368,0.256660887,0.450392897,0.47892723
New Mexico,NM,sc-eng-c,-0.040908261,0.247825853,0.31972966,-0.323637986
New Mexico,NM,sc-mid,0.939427252,1.037767937,1.160725495,1.378913311
New Mexico,NM,sm-em,1.745116525,1.745116525,1.745116525,1.745116525
New Mexico,NM,sm-grad,0.188907716,0.454166872,0.80928325,1.971802651
New Mexico,NM,sm-hr,2.743215051,2.287183004,2.583438989,3.358108809
New Mexico,NM,sm-neet,-1.934666473,-2.139064684,0.137047932,0.9399672
New Mexico,NM,st-fc,2.691286828,3.113565687,1.656071968,4.231111183
New Mexico,NM,st-fc trust,1.730627795,0.181168603,1.949448754,2.602122017
New Mexico,NM,st-fcc,1.669803244,1.356008755,2.495468644,3.022862402
New Mexico,NM,st-vc,0.054994126,-0.76479919,-2.418558021,-1.678773223
New York,NY,Civic Engagement,4.832365784,3.660033655,7.510870694,4.67970652
New York,NY,Community Life,4.781267069,6.047813517,2.264684574,-1.023468863
New York,NY,Family Health,7.536063249,7.210578968,5.581889173,8.671636546
New York,NY,Future Generations,10.36875644,9.469352397,7.723207428,5.536456477
New York,NY,Social Cohesion,0.031822496,-0.702331209,-0.537077874,-1.668414823
New York,NY,Social Mobility,4.00730853,6.275854428,8.22775461,9.098067294
New York,NY,Social Trust,5.492624767,6.631816809,9.116134192,8.090424907
New York,NY,Total,37.05020833,38.59311857,39.8874628,33.38440806
New York,NY,ce-ao,2.494514232,2.517484362,2.310099003,2.405983461
New York,NY,ce-vt,0.675800355,-0.002173282,3.430484325,0.294735739
New York,NY,cl-cdd,1.899024201,1.733945297,-1.267111695,-1.50972523
New York,NY,cl-don,0.14405881,0.378762147,0.26200089,-0.326391824
New York,NY,cl-mem,0.543084195,0.667434354,1.046059447,1.199412737
New York,NY,cl-np,1.085277057,1.66037101,1.375757489,1.329100559
New York,NY,cl-npo,1.039554118,1.176286679,1.037946372,0.744825692
New York,NY,cl-porg,0.789303847,0.78362391,0.76199151,0.708241579
New York,NY,cl-rel,0.4610008,0.100735615,-1.220236728,-1.220236728
New York,NY,cl-ta,0.984164315,0.538721811,0.033458083,-0.91806282
New York,NY,cl-tfn,1.347551337,1.7791056,0.652764191,-1.340625763
New York,NY,cl-vol,-0.527450354,0.623143401,-0.309299191,0.129368263
New York,NY,cv-pm,1.662051197,1.144722575,1.770287367,1.978987321
New York,NY,fg-act,1.821036527,0.772270772,1.697260843,0.392816328
New York,NY,fg-br,1.331777642,0.989772701,0.489277665,-0.336539145
New York,NY,fg-play,1.237008914,0.888818142,0.663434169,0.609226986
New York,NY,fg-read,1.844994442,0.782318906,2.608325867,3.699194978
New York,NY,fg-sch,3.279323552,3.238273838,3.192001976,2.543319828
New York,NY,fg-yorg,1.064394183,1.196036917,0.804091143,0.874963316
New York,NY,fh-eat,1.134853941,1.072339631,3.209661908,3.312718631
New York,NY,fh-ed,0.237151525,1.151921667,-1.843930663,1.550188421
New York,NY,fh-ma,0.137827962,0.030823919,-0.09735407,-0.394487638
New York,NY,fh-read,2.521399869,1.60231883,0.939143494,1.292561551
New York,NY,fh-spf,1.851051314,1.977934644,2.453963081,2.429806596
New York,NY,fh-time,0.769774704,0.156264698,0.454261424,0.466439143
New York,NY,fh-tv,1.19047619,1.19047619,0,0
New York,NY,fh-uw,0.884003934,1.218975579,1.396458862,1.459682601
New York,NY,sc-born,2.760449359,2.677592234,2.677190524,2.519164501
New York,NY,sc-eng-a,-1.706472597,-1.686238433,-1.473038335,-1.509589783
New York,NY,sc-eng-c,-1.690639488,-2.076641784,-2.186872739,-3.024154246
New York,NY,sc-mid,0.668485221,0.382956775,0.445642676,0.346164706
New York,NY,sm-em,3.203684264,3.203684264,3.203684264,3.203684264
New York,NY,sm-grad,2.345860336,2.960278312,3.772490521,4.600756903
New York,NY,sm-hr,-1.478124353,-1.621535769,-1.260719464,-0.847776698
New York,NY,sm-neet,-0.064111717,1.733427622,2.512299289,2.141402825
New York,NY,st-fc,-0.080207919,0.642153432,2.113819484,1.558169137
New York,NY,st-fc trust,1.557498733,1.850857469,2.561671742,2.257424271
New York,NY,st-fcc,2.264748477,2.208145607,2.331024222,2.445113376
New York,NY,st-vc,1.750585475,1.930660302,2.109618744,1.829718122
North Carolina,NC,Civic Engagement,9.306022784,6.987030426,7.028052539,9.940952628
North Carolina,NC,Community Life,8.436029997,9.311816735,2.611303794,-0.029878148
North Carolina,NC,Family Health,7.99425624,5.712795616,6.332495837,9.693652852
North Carolina,NC,Future Generations,4.643503012,2.901105138,1.958999378,1.404695188
North Carolina,NC,Social Cohesion,6.930588507,6.897054271,7.473193012,6.180010573
North Carolina,NC,Social Mobility,2.477619832,4.657408452,7.521011767,10.00171131
North Carolina,NC,Social Trust,10.06152528,9.239326752,11.90041119,12.85431857
North Carolina,NC,Total,49.84954566,45.70653739,44.82546752,50.04546297
North Carolina,NC,ce-ao,2.139698662,2.110165198,2.049060304,2.034966845
North Carolina,NC,ce-vt,5.358763104,4.730924716,3.430484325,6.010704977
North Carolina,NC,cl-cdd,1.632061216,1.061648536,-1.560984922,-1.797952936
North Carolina,NC,cl-don,1.178394404,1.389913553,0.252198258,0.066801324
North Carolina,NC,cl-mem,0.705219427,1.392534973,0.891629568,1.049835019
North Carolina,NC,cl-np,1.029862547,1.112693572,0.518867103,0.463627881
North Carolina,NC,cl-npo,0.634390923,0.713137396,0.619471773,0.557074861
North Carolina,NC,cl-porg,0.76000131,0.779270535,0.752211992,0.737855804
North Carolina,NC,cl-rel,2.502503512,1.301619564,0.22082401,0.22082401
North Carolina,NC,cl-ta,1.192603754,0.551425612,0.459241676,-0.778587119
North Carolina,NC,cl-tfn,0.720290189,0.842580183,-0.27455677,-1.907424881
North Carolina,NC,cl-vol,0.742626478,2.34133492,-0.309716713,0.023742833
North Carolina,NC,cv-pm,1.807561018,0.145940513,1.54850791,1.895280807
North Carolina,NC,fg-act,0.910566761,0.914064367,1.197993415,0.436337204
North Carolina,NC,fg-br,1.39016873,1.023139037,0.430886577,0.230688562
North Carolina,NC,fg-play,0.784818363,0.661834485,0.890085334,0.775445432
North Carolina,NC,fg-read,2.195403616,1.151404158,1.164184089,0.265627306
North Carolina,NC,fg-sch,0.454741656,-0.103011301,-0.16986367,-0.436659167
North Carolina,NC,fg-yorg,0.465939926,0.352107871,0.154891344,0.366988631
North Carolina,NC,fh-eat,2.497957112,0.490364202,3.61484925,3.690600208
North Carolina,NC,fh-ed,0.049349974,0.860947022,-0.437491458,2.652652472
North Carolina,NC,fh-ma,1.134053653,0.924133862,1.062681067,1.027721307
North Carolina,NC,fh-read,1.792497832,1.237302369,0.980042694,1.119213609
North Carolina,NC,fh-spf,0.509508567,0.621652989,0.815562276,1.079270648
North Carolina,NC,fh-time,1.316334626,0.808877366,0.4582632,0.809448732
North Carolina,NC,fh-tv,1.19047619,1.19047619,0,0
North Carolina,NC,fh-uw,0.694554476,0.769517807,0.894004782,0.930354685
North Carolina,NC,sc-born,1.882637995,1.754288245,1.570136564,1.090138143
North Carolina,NC,sc-eng-a,2.171293441,2.249583222,2.363724153,2.190643461
North Carolina,NC,sc-eng-c,1.432969776,1.565752825,1.880235514,1.286018781
North Carolina,NC,sc-mid,1.443687295,1.327429979,1.65909678,1.613210188
North Carolina,NC,sm-em,1.322899127,1.322899127,1.322899127,1.322899127
North Carolina,NC,sm-grad,0.588383704,1.326808537,2.161432171,3.476143346
North Carolina,NC,sm-hr,1.875953663,1.161055932,1.814073646,2.503709154
North Carolina,NC,sm-neet,-1.309616661,0.846644857,2.222606823,2.698959682
North Carolina,NC,st-fc,2.96989923,2.651895313,3.683815197,4.117978307
North Carolina,NC,st-fc trust,2.144426268,1.681321799,3.47899765,3.858694854
North Carolina,NC,st-fcc,2.690548684,2.647093068,2.804165623,3.062883319
North Carolina,NC,st-vc,2.256651102,2.259016572,1.933432724,1.814762091
North Dakota,ND,Civic Engagement,11.06857973,8.078918694,10.46222051,8.13464748
North Dakota,ND,Community Life,11.94471602,11.44826612,4.748254476,2.886021948
North Dakota,ND,Family Health,13.37495536,7.272875016,7.22622024,5.028420817
North Dakota,ND,Future Generations,9.090634699,17.6120843,13.0859232,12.4430438
North Dakota,ND,Social Cohesion,12.78888401,12.17189761,11.74412931,11.68041633
North Dakota,ND,Social Mobility,11.31307146,12.61146936,13.64028478,17.06709156
North Dakota,ND,Social Trust,9.656227148,10.2509917,8.183710067,11.98689549
North Dakota,ND,Total,79.23706843,79.4465028,69.09074259,69.22653743
North Dakota,ND,ce-ao,1.936799052,1.915688257,1.898370436,1.878141986
North Dakota,ND,ce-vt,3.063193129,3.187796667,4.532357913,2.695901933
North Dakota,ND,cl-cdd,-0.423492477,-0.727694417,-2.202182498,-2.291409427
North Dakota,ND,cl-don,1.937490715,2.668392143,1.710128961,1.285541346
North Dakota,ND,cl-mem,1.051225676,1.494555522,0.640100259,0.782974409
North Dakota,ND,cl-np,0.229113708,0.437795358,0.250671371,0.289964391
North Dakota,ND,cl-npo,0.571943256,0.610727938,0.56876109,0.535855534
North Dakota,ND,cl-porg,0.716835902,0.724320492,0.717770366,0.68706257
North Dakota,ND,cl-rel,1.661884748,0.581089195,-0.379617964,-0.379617964
North Dakota,ND,cl-ta,1.646953278,1.290675996,0.30755257,-0.170930418
North Dakota,ND,cl-tfn,3.376672475,1.315703202,0.478045353,-0.768049326
North Dakota,ND,cl-vol,0.981709966,2.76280163,0.705513842,0.913185796
North Dakota,ND,cv-pm,6.068587554,2.97543377,4.031492165,3.560603561
North Dakota,ND,fg-act,-0.513464642,-0.437192327,0.98629286,1.071542622
North Dakota,ND,fg-br,2.608039985,3.458881547,2.432866722,1.256703387
North Dakota,ND,fg-play,2.875240001,5.53353119,4.645969409,4.649803472
North Dakota,ND,fg-read,6.168605331,1.341195709,8.536624088,1.173570515
North Dakota,ND,fg-sch,0.254166795,2.17413179,1.284989476,1.795656308
North Dakota,ND,fg-yorg,0.322976351,0.574845008,0.360123195,0.593199369
North Dakota,ND,fh-eat,2.557937048,1.05091288,2.093618796,0.294580834
North Dakota,ND,fh-ed,2.32867307,2.090321455,1.281583053,1.248172151
North Dakota,ND,fh-ma,1.498354265,0.830629013,1.008658775,0.701900691
North Dakota,ND,fh-read,3.36996628,0.909068871,1.628589328,0.991216525
North Dakota,ND,fh-spf,-0.148869366,-0.019924028,-0.788425286,-0.76360096
North Dakota,ND,fh-time,1.705971892,0.204943278,0.615600933,0.910807775
North Dakota,ND,fh-tv,1.19047619,1.19047619,0,0
North Dakota,ND,fh-uw,2.06292217,2.206923546,2.590964681,2.483413936
North Dakota,ND,sc-born,3.39430238,2.77172252,2.476778475,2.357961388
North Dakota,ND,sc-eng-a,3.687079108,3.553535012,3.468906923,3.355194779
North Dakota,ND,sc-eng-c,3.490235535,3.911184364,3.704923809,3.726722939
North Dakota,ND,sc-mid,2.217266991,1.935455713,2.093520098,2.240537225
North Dakota,ND,sm-em,5.007702497,5.007702497,5.007702497,5.007702497
North Dakota,ND,sm-grad,0.410647156,1.24025273,1.61078803,2.52855168
North Dakota,ND,sm-hr,2.980589421,1.653096132,1.799333152,3.048308894
North Dakota,ND,sm-neet,2.914132385,4.710417999,5.222461101,6.482528488
North Dakota,ND,st-fc,2.240815863,0.303803778,0.576054411,3.26540467
North Dakota,ND,st-fc trust,2.906044476,3.612527642,3.387083105,3.180785993
North Dakota,ND,st-fcc,1.299367466,3.213194481,1.534247328,2.515700672
North Dakota,ND,st-vc,3.209999342,3.121465805,2.686325224,3.025004159
Ohio,OH,Civic Engagement,5.232475727,5.539781542,10.48116976,7.165352743
Ohio,OH,Community Life,5.288575263,10.05515651,2.12499309,2.006658867
Ohio,OH,Family Health,7.60689699,4.05636442,5.087552307,3.724293799
Ohio,OH,Future Generations,7.308925334,5.74122291,5.610504289,4.045026669
Ohio,OH,Social Cohesion,12.35155724,12.43462861,12.23978173,11.79605662
Ohio,OH,Social Mobility,3.981704086,5.270155547,7.329045087,8.17341008
Ohio,OH,Social Trust,8.899346679,10.86237943,12.48353592,12.08921819
Ohio,OH,Total,50.66948132,53.95968898,55.35658219,49.00001697
Ohio,OH,ce-ao,1.926556141,1.97839487,1.951421584,1.936045881
Ohio,OH,ce-vt,2.695901933,2.941941123,5.909699898,3.747272981
Ohio,OH,cl-cdd,0.898993888,0.406412156,-2.049432873,-2.19634199
Ohio,OH,cl-don,0.142724631,2.123739603,0.176758784,1.096375354
Ohio,OH,cl-mem,0.2457398,0.635501794,0.379231066,0.750720716
Ohio,OH,cl-np,0.668712175,1.060635501,0.826512877,1.452862518
Ohio,OH,cl-npo,0.729043314,0.796055878,0.731289542,0.655024034
Ohio,OH,cl-porg,0.740610081,0.750067196,0.735717918,1.893309994
Ohio,OH,cl-rel,0.941354379,1.181531169,-0.379617964,-0.379617964
Ohio,OH,cl-ta,1.26521295,0.625786948,0.191026479,-1.31153063
Ohio,OH,cl-tfn,0.693047809,1.919492021,0.316416557,-1.713190483
Ohio,OH,cl-vol,0.530842299,2.022981901,-0.025829293,1.015567845
Ohio,OH,cv-pm,0.610017653,0.61944555,2.620048283,1.482033881
Ohio,OH,fg-act,0.894952586,1.778031295,0.614726394,0.358143758
Ohio,OH,fg-br,0.956406365,0.989772701,0.581035088,-0.02790054
Ohio,OH,fg-play,1.018516632,0.744665849,1.164324436,0.792080473
Ohio,OH,fg-read,1.583292554,0.919094563,1.346702478,1.077617105
Ohio,OH,fg-sch,2.495424469,1.520982099,1.673737982,1.158386035
Ohio,OH,fg-yorg,0.402269424,0.57206129,0.321238687,0.774118477
Ohio,OH,fh-eat,1.934291776,0.322000041,2.538836437,0.795493897
Ohio,OH,fh-ed,-0.143971992,0.361667855,-0.247315403,0.407502004
Ohio,OH,fh-ma,0.816822339,0.596445844,0.360948899,0.157526527
Ohio,OH,fh-read,2.793378066,0.756096334,1.32152641,1.285018892
Ohio,OH,fh-spf,0.377355822,0.433572785,0.39199732,0.338150099
Ohio,OH,fh-time,1.486593284,1.159872321,0.960298207,0.722188589
Ohio,OH,fh-tv,1.19047619,1.19047619,0,0
Ohio,OH,fh-uw,0.342427694,0.426709241,0.609185823,0.639129425
Ohio,OH,sc-born,4.542619371,4.558670927,4.488628638,4.428190419
Ohio,OH,sc-eng-a,3.298421694,3.257213102,3.212165044,3.106549768
Ohio,OH,sc-eng-c,3.003144089,3.054518839,2.922313081,2.74803274
Ohio,OH,sc-mid,1.507372087,1.564225745,1.616674972,1.513283698
Ohio,OH,sm-em,0.593615257,0.593615257,0.593615257,0.593615257
Ohio,OH,sm-grad,-0.072131346,0.550149709,1.278001775,2.084658279
Ohio,OH,sm-hr,2.553529146,2.142760848,2.516567067,3.038163664
Ohio,OH,sm-neet,0.906691028,1.983629732,2.940860987,2.45697288
Ohio,OH,st-fc,2.246681108,2.973514319,3.709965835,3.088181898
Ohio,OH,st-fc trust,2.942370369,2.773689331,3.106172171,3.606634232
Ohio,OH,st-fcc,1.053013255,2.369331299,2.923307903,2.556346186
Ohio,OH,st-vc,2.657281946,2.745844485,2.744090012,2.838055876
Oklahoma,OK,Civic Engagement,0.881448931,3.595890925,3.284397544,1.033236673
Oklahoma,OK,Community Life,7.684345487,8.183732987,3.278374421,0.433973295
Oklahoma,OK,Family Health,11.06621096,5.80602151,3.067108493,5.478077755
Oklahoma,OK,Future Generations,7.331131037,6.982950528,5.975523507,4.148529419
Oklahoma,OK,Social Cohesion,9.276695743,9.048821188,9.383296792,8.953693659
Oklahoma,OK,Social Mobility,2.55935424,4.175070461,4.821454194,6.730675464
Oklahoma,OK,Social Trust,3.288834,5.284230955,7.124502091,8.797205778
Oklahoma,OK,Total,42.0880204,43.07671855,36.93465704,35.57539204
Oklahoma,OK,ce-ao,1.897750946,1.96042301,2.060875089,2.089208595
Oklahoma,OK,ce-vt,-2.216617814,-0.278054881,0.492154757,-1.812597498
Oklahoma,OK,cl-cdd,0.439338884,0.175975384,-1.875074739,-2.013000945
Oklahoma,OK,cl-don,-0.32964047,1.249416114,0.075920035,0.658208818
Oklahoma,OK,cl-mem,0.504543451,0.31660735,0.323749751,-0.246242329
Oklahoma,OK,cl-np,1.329654141,1.141493599,0.839259017,0.655709224
Oklahoma,OK,cl-npo,0.662946145,0.800834603,0.63335301,0.600526595
Oklahoma,OK,cl-porg,0.741167599,0.747889798,0.742172244,0.690690773
Oklahoma,OK,cl-rel,2.622591907,1.781973143,0.821265984,0.821265984
Oklahoma,OK,cl-ta,1.95774151,1.241554992,0.4356927,-0.833958134
Oklahoma,OK,cl-tfn,0.93407789,0.234243698,0.348109486,-2.109673697
Oklahoma,OK,cl-vol,0.590917455,1.811213289,-0.101888789,0.853155285
Oklahoma,OK,cv-pm,1.200315798,1.913522796,0.731367699,0.756625576
Oklahoma,OK,fg-act,2.62469388,0.266513709,2.836122567,-0.306850473
Oklahoma,OK,fg-br,2.49125781,2.316084547,1.34846081,0.847965774
Oklahoma,OK,fg-play,1.542399921,1.103114366,1.523207405,0.956456621
Oklahoma,OK,fg-read,1.64907465,-0.102309822,1.01980637,1.486246171
Oklahoma,OK,fg-sch,0.368618015,0.518476292,0.426827586,0.121184514
Oklahoma,OK,fg-yorg,0.485144946,0.717625146,0.685186537,0.84007937
Oklahoma,OK,fh-eat,3.201163494,1.089954391,2.303519695,3.308869883
Oklahoma,OK,fh-ed,1.68213685,0.805585893,-0.534240162,0.067572679
Oklahoma,OK,fh-ma,1.404815406,1.140140458,1.069039599,0.785095827
Oklahoma,OK,fh-read,2.705955705,0.319141206,-0.67576123,-0.242135152
Oklahoma,OK,fh-spf,0.337314149,0.61605483,0.638166151,0.810166403
Oklahoma,OK,fh-time,1.154626899,1.233082162,0.476859444,1.447733718
Oklahoma,OK,fh-tv,1.19047619,1.19047619,0,0
Oklahoma,OK,fh-uw,0.58019846,0.60206257,0.300709746,0.213787357
Oklahoma,OK,sc-born,2.370600048,2.297586686,2.290052186,2.134632102
Oklahoma,OK,sc-eng-a,2.576772368,2.489398416,2.545591909,2.457285024
Oklahoma,OK,sc-eng-c,2.438554148,2.480537607,2.784364152,2.538267672
Oklahoma,OK,sc-mid,1.890769178,1.78129848,1.763288545,1.82350886
Oklahoma,OK,sm-em,1.860267452,1.860267452,1.860267452,1.860267452
Oklahoma,OK,sm-grad,-0.317824581,-0.080058534,0.381920752,1.114022438
Oklahoma,OK,sm-hr,2.151364019,1.712221076,1.902478729,2.312404997
Oklahoma,OK,sm-neet,-1.13445265,0.682640466,0.67678726,1.443980576
Oklahoma,OK,st-fc,1.035487344,2.464780213,2.329089872,2.114541763
Oklahoma,OK,st-fc trust,0.54085218,0.917196843,2.37275744,2.354824025
Oklahoma,OK,st-fcc,0.533968934,0.446240297,1.049912516,2.730740574
Oklahoma,OK,st-vc,1.178525542,1.456013602,1.372742264,1.597099415
Oregon,OR,Civic Engagement,11.67947426,10.88720502,13.09160765,10.31302934
Oregon,OR,Community Life,11.38942749,12.43364409,3.545702654,3.410738694
Oregon,OR,Family Health,13.14255175,8.13243782,8.556779498,8.0508393
Oregon,OR,Future Generations,8.364017462,6.637978665,5.480813781,5.228741869
Oregon,OR,Social Cohesion,3.769338289,4.141842427,4.99736539,4.739846033
Oregon,OR,Social Mobility,1.169743763,4.866691998,6.762904745,8.479767363
Oregon,OR,Social Trust,13.41439705,13.18540263,14.51933772,14.7129544
Oregon,OR,Total,62.92895006,60.28520265,56.95451144,54.935917
Oregon,OR,ce-ao,2.027018424,2.055520484,1.971115567,1.987128747
Oregon,OR,ce-vt,4.76191491,4.168739629,7.746155878,6.189759435
Oregon,OR,cl-cdd,2.030134959,1.731250235,-1.114288318,-1.434080776
Oregon,OR,cl-don,1.683115087,2.595915893,1.833477714,1.471180473
Oregon,OR,cl-mem,1.842787342,2.817605076,1.036910101,1.947382299
Oregon,OR,cl-np,0.542379846,0.491968838,0.240919638,0.279556469
Oregon,OR,cl-npo,0.649376502,0.67351887,0.589321772,0.573560546
Oregon,OR,cl-porg,0.752936773,0.751142292,0.734721393,0.695194069
Oregon,OR,cl-rel,0.4610008,0.100735615,-1.580501913,-1.580501913
Oregon,OR,cl-ta,1.639822563,1.067690462,0.230115342,-0.69596118
Oregon,OR,cl-tfn,2.713587381,0.649062389,-0.098982805,-0.793481731
Oregon,OR,cl-vol,1.646801044,3.777973489,0.80064105,1.793366131
Oregon,OR,cv-pm,4.890540927,4.662944906,3.374336205,2.136141154
Oregon,OR,fg-act,1.979862169,2.534628971,0.555495717,1.352580277
Oregon,OR,fg-br,0.714500431,0.439228161,-0.736935174,-1.462652977
Oregon,OR,fg-play,2.394200536,2.056508453,1.920919699,1.580736121
Oregon,OR,fg-read,2.185107997,3.443031956,2.020353592,1.86247087
Oregon,OR,fg-sch,1.113397392,0.515449937,1.527591258,1.237445657
Oregon,OR,fg-yorg,1.353913283,1.414132558,0.942300071,2.130299112
Oregon,OR,fh-eat,3.181779404,0.659608836,4.469431564,1.314947945
Oregon,OR,fh-ed,1.719260783,1.489507937,-1.413305187,0.293393438
Oregon,OR,fh-ma,1.135242026,1.062117993,0.956533319,0.787227274
Oregon,OR,fh-read,3.398857329,0.954718124,1.731297559,2.191039157
Oregon,OR,fh-spf,0.835293213,1.212490808,1.742930622,1.564188487
Oregon,OR,fh-time,1.345241262,1.267793634,0.820115443,1.765648472
Oregon,OR,fh-tv,1.19047619,1.19047619,0,0
Oregon,OR,fh-uw,1.526877734,1.486200489,1.675906093,1.476201077
Oregon,OR,sc-born,0.06138893,0.006052119,-0.037481519,-0.101864038
Oregon,OR,sc-eng-a,1.616339738,1.736035063,1.935578059,2.024129947
Oregon,OR,sc-eng-c,0.302110256,0.673841512,1.042529047,0.934181772
Oregon,OR,sc-mid,1.789499366,1.725913733,2.056739803,1.883398352
Oregon,OR,sm-em,0.516848353,0.516848353,0.516848353,0.516848353
Oregon,OR,sm-grad,1.295333061,2.11889799,2.819479534,3.727169244
Oregon,OR,sm-hr,0.180964511,0.456395285,1.487971222,1.88903301
Oregon,OR,sm-neet,-0.823402163,1.774550369,1.938605636,2.346716754
Oregon,OR,st-fc,3.82110305,3.683535026,4.565995353,4.534709451
Oregon,OR,st-fc trust,3.550790352,3.45901178,3.991481661,4.360261735
Oregon,OR,st-fcc,2.838720837,2.995478539,3.192528135,3.367973867
Oregon,OR,st-vc,3.203782809,3.047377289,2.769332573,2.45000935
Pennsylvania,PA,Civic Engagement,6.060464781,5.348243425,10.89133266,11.22836635
Pennsylvania,PA,Community Life,7.369029959,8.571867778,2.998720844,1.399076892
Pennsylvania,PA,Family Health,8.678606368,6.760621554,4.423237801,6.759898814
Pennsylvania,PA,Future Generations,4.266191284,2.655710102,1.809656516,1.390237405
Pennsylvania,PA,Social Cohesion,10.63583361,10.37438722,9.73817777,9.06193854
Pennsylvania,PA,Social Mobility,8.03680094,9.208786404,11.60734722,13.17479764
Pennsylvania,PA,Social Trust,6.866757094,7.863793851,9.911552315,12.01396381
Pennsylvania,PA,Total,51.91368403,50.78341034,51.38002513,55.02827945
Pennsylvania,PA,ce-ao,1.972528906,2.006334508,1.98325682,1.997003438
Pennsylvania,PA,ce-vt,2.00723094,2.471073809,5.955611297,6.520321511
Pennsylvania,PA,cl-cdd,1.09316425,0.845996369,-1.766701313,-1.975036772
Pennsylvania,PA,cl-don,0.531553806,2.215486439,0.941723272,1.386900237
Pennsylvania,PA,cl-mem,0.513956074,0.87105394,0.983629836,1.066922189
Pennsylvania,PA,cl-np,1.15176211,2.150131135,1.826442035,1.414456676
Pennsylvania,PA,cl-npo,0.799971586,0.924988936,0.803815663,0.903887543
Pennsylvania,PA,cl-porg,0.855885394,0.794645459,0.886777729,0.726941225
Pennsylvania,PA,cl-rel,1.301619564,0.70117759,-0.739883149,-0.739883149
Pennsylvania,PA,cl-ta,1.151192204,0.545358281,0.129078849,-1.371498396
Pennsylvania,PA,cl-tfn,1.298155454,0.332332163,-0.44767848,-1.532936216
Pennsylvania,PA,cl-vol,0.916695878,2.186824971,0.441257123,0.958743458
Pennsylvania,PA,cv-pm,2.080704935,0.870835108,2.952464542,2.711041401
Pennsylvania,PA,fg-act,1.208043165,1.115738312,1.32484916,1.267500231
Pennsylvania,PA,fg-br,0.364153905,0.180639059,-0.26146489,-0.845375766
Pennsylvania,PA,fg-play,0.306374825,-0.24924726,-0.24785516,0.122204203
Pennsylvania,PA,fg-read,0.525402213,1.808172679,0.729372903,0.732241396
Pennsylvania,PA,fg-sch,1.558967638,1.275145045,1.336164103,1.203490677
Pennsylvania,PA,fg-yorg,0.614631154,0.563936558,0.379593624,0.446505822
Pennsylvania,PA,fh-eat,1.192944105,0.671788167,2.007315658,1.093315375
Pennsylvania,PA,fh-ed,0.480722101,0.839803468,-0.779442502,1.183218024
Pennsylvania,PA,fh-ma,1.070423608,0.978976718,0.741231093,0.639542322
Pennsylvania,PA,fh-read,3.360304029,1.007968586,0.904169347,1.487084386
Pennsylvania,PA,fh-spf,0.852511006,1.086361927,0.952495877,1.177086739
Pennsylvania,PA,fh-time,1.051248538,1.414016135,0.22102289,1.02412464
Pennsylvania,PA,fh-tv,1.19047619,1.19047619,0,0
Pennsylvania,PA,fh-uw,0.670452981,0.761706552,1.113651738,1.282177129
Pennsylvania,PA,sc-born,4.372455113,4.208588864,3.966024396,3.765030377
Pennsylvania,PA,sc-eng-a,2.628591857,2.489800168,2.397197158,2.265596467
Pennsylvania,PA,sc-eng-c,2.09151167,2.153630416,1.977226931,1.586100879
Pennsylvania,PA,sc-mid,1.543274967,1.522367775,1.397729284,1.445210817
Pennsylvania,PA,sm-em,2.896616649,2.896616649,2.896616649,2.896616649
Pennsylvania,PA,sm-grad,0.602200375,1.398930756,2.166772262,3.052211178
Pennsylvania,PA,sm-hr,3.657238943,3.252627001,3.270324879,3.887961812
Pennsylvania,PA,sm-neet,0.880744974,1.660611998,3.273633433,3.338008004
Pennsylvania,PA,st-fc,1.45873181,1.696469048,2.946235384,3.094697524
Pennsylvania,PA,st-fc trust,1.753848242,2.02191461,2.527793128,3.260535434
Pennsylvania,PA,st-fcc,1.557256215,1.586756562,1.788428669,2.624545816
Pennsylvania,PA,st-vc,2.096920827,2.558653631,2.649095134,3.034185035
Rhode Island,RI,Civic Engagement,8.875770107,5.88357621,12.13295432,6.604230492
Rhode Island,RI,Community Life,6.030350274,5.93605941,8.515465262,-0.827879671
Rhode Island,RI,Family Health,4.721595658,6.527630765,1.467121597,4.32827216
Rhode Island,RI,Future Generations,3.271427629,3.534465671,1.564405542,2.759150879
Rhode Island,RI,Social Cohesion,3.788867869,5.291040783,4.952100706,4.673515938
Rhode Island,RI,Social Mobility,7.533710279,9.381346516,11.8152596,15.14951467
Rhode Island,RI,Social Trust,10.83833669,9.023703204,12.73659187,11.48232628
Rhode Island,RI,Total,45.06005851,45.57782256,53.18389891,44.16913074
Rhode Island,RI,ce-ao,1.981766188,1.966434268,1.956711068,2.312169369
Rhode Island,RI,ce-vt,2.420433536,1.54761192,4.165066717,2.434206956
Rhode Island,RI,cl-cdd,1.846959702,1.47530879,-1.54598776,-1.818515718
Rhode Island,RI,cl-don,1.324008385,2.340747479,1.338406322,0.703901128
Rhode Island,RI,cl-mem,0.325479314,-0.198834423,0.059694779,-0.661363182
Rhode Island,RI,cl-np,0.78285111,0.453317433,0.292456532,0.26209248
Rhode Island,RI,cl-npo,0.835260579,1.038742974,0.853370689,1.051993468
Rhode Island,RI,cl-porg,0.842868199,0.843582494,0.816839812,0.725517497
Rhode Island,RI,cl-rel,0.22082401,0.941354379,-0.739883149,-0.739883149
Rhode Island,RI,cl-ta,1.170188364,-1.339744834,-0.563319819,-0.841631708
Rhode Island,RI,cl-tfn,1.07575927,0.7325511,7.108401317,-0.423980912
Rhode Island,RI,cl-vol,0.235962153,1.57766024,-0.358044689,-0.642432813
Rhode Island,RI,cv-pm,4.473570383,2.369530022,6.011176539,1.857854167
Rhode Island,RI,fg-act,3.61202136,0.655612395,3.572206569,-1.259318534
Rhode Island,RI,fg-br,-0.311514394,-0.328197561,-1.003865861,-1.546068817
Rhode Island,RI,fg-play,-0.710786369,-0.205991385,-0.380818005,-0.497395959
Rhode Island,RI,fg-read,-0.685687017,0.779167507,2.704701613,4.832607779
Rhode Island,RI,fg-sch,1.687737376,1.497101329,1.136388195,2.326690265
Rhode Island,RI,fg-yorg,1.515515139,1.393398065,1.291232698,1.556208431
Rhode Island,RI,fh-eat,0.911862618,0.515820769,2.364116312,0.506306034
Rhode Island,RI,fh-ed,0.265794821,1.972709484,-1.327785783,0.62068065
Rhode Island,RI,fh-ma,0.089091625,-0.060025537,0.216084755,-0.071211597
Rhode Island,RI,fh-read,2.946676697,1.542995198,0.374501,1.486623602
Rhode Island,RI,fh-spf,0.719815306,0.695074224,0.859385431,1.611973271
Rhode Island,RI,fh-time,-0.42961472,1.550400356,-1.172588815,0.444761939
Rhode Island,RI,fh-tv,1.19047619,1.19047619,0,0
Rhode Island,RI,fh-uw,0.217969311,0.310656271,0.397928963,0.450516953
Rhode Island,RI,sc-born,1.969192926,1.673618795,1.677839628,1.210915297
Rhode Island,RI,sc-eng-a,0.353378194,0.532588544,0.619751881,0.485674317
Rhode Island,RI,sc-eng-c,0.340683643,1.73865619,0.472944201,0.717750155
Rhode Island,RI,sc-mid,1.125613106,1.346177254,2.181564996,2.259176169
Rhode Island,RI,sm-em,3.088535624,3.088535624,3.088535624,3.088535624
Rhode Island,RI,sm-grad,1.823767567,2.282599175,2.906483536,4.134940936
Rhode Island,RI,sm-hr,0.903969159,0.542526579,1.521397154,2.484688692
Rhode Island,RI,sm-neet,1.717437929,3.467685139,4.298843289,5.441349414
Rhode Island,RI,st-fc,2.921479058,2.306599533,3.002296871,0.294511004
Rhode Island,RI,st-fc trust,3.308731448,2.594229092,3.161379274,3.737001544
Rhode Island,RI,st-fcc,1.374354886,0.858346687,3.10991576,3.454027217
Rhode Island,RI,st-vc,3.233771301,3.264527893,3.462999968,3.996786514
South Carolina,SC,Civic Engagement,6.549329737,6.508906183,8.76264223,7.145524452
South Carolina,SC,Community Life,8.35219372,9.293877465,4.369023941,1.486990318
South Carolina,SC,Family Health,6.688344281,2.643776622,4.256790241,5.072407293
South Carolina,SC,Future Generations,7.669371525,7.448264832,5.421219637,6.175377476
South Carolina,SC,Social Cohesion,9.675971416,9.818464839,9.00600363,8.512668611
South Carolina,SC,Social Mobility,1.106292598,3.781687131,6.636100417,9.360764468
South Carolina,SC,Social Trust,3.615372077,7.690629053,8.892041124,11.16170763
South Carolina,SC,Total,43.65687535,47.18560612,47.34382122,48.91544025
South Carolina,SC,ce-ao,1.994496338,2.108119901,2.05927799,2.029105623
South Carolina,SC,ce-vt,3.430484325,2.219525252,2.833636131,2.255152498
South Carolina,SC,cl-cdd,1.127666152,0.855685833,-1.631718021,-1.850874225
South Carolina,SC,cl-don,1.263765432,0.926079346,0.873087966,0.274920827
South Carolina,SC,cl-mem,0.575701192,1.346663281,1.582495118,0.707962334
South Carolina,SC,cl-np,1.31444463,0.954505665,0.597718756,0.463587603
South Carolina,SC,cl-npo,0.552697195,0.572291755,0.530189016,0.551971093
South Carolina,SC,cl-porg,0.720008794,0.71987846,0.71226238,0.75792478
South Carolina,SC,cl-rel,3.102945487,2.262326723,0.941354379,0.941354379
South Carolina,SC,cl-ta,1.07486555,0.328852072,0.016289953,-1.154471945
South Carolina,SC,cl-tfn,1.226201263,1.543341188,-0.203640339,-1.144685211
South Carolina,SC,cl-vol,-0.163991194,1.59444464,-0.083014533,0.552014061
South Carolina,SC,cv-pm,1.124349074,2.18126103,3.869728109,2.861266332
South Carolina,SC,fg-act,-0.703136896,0.2336943,0.059227393,-0.579277661
South Carolina,SC,fg-br,1.223337051,0.889673694,0.230688562,-0.052925291
South Carolina,SC,fg-play,0.931966568,1.370897791,1.061238838,1.52962887
South Carolina,SC,fg-read,1.91145698,-0.013390354,0.294984884,0.519740523
South Carolina,SC,fg-sch,2.311598516,1.548686985,1.448539522,0.931981858
South Carolina,SC,fg-yorg,0.646012214,1.156251418,0.873679502,1.70823288
South Carolina,SC,fh-eat,2.308891731,-0.116822469,2.509498561,1.694164721
South Carolina,SC,fh-ed,-0.531211173,1.014755328,-0.821383514,0.667692629
South Carolina,SC,fh-ma,1.115452565,0.720187857,0.952150507,1.064475862
South Carolina,SC,fh-read,2.575436066,0.110649292,-0.294989039,1.035561234
South Carolina,SC,fh-spf,0.700308269,0.593564201,0.940929746,1.108563502
South Carolina,SC,fh-time,0.720964816,0.339684189,1.548665126,0.150339044
South Carolina,SC,fh-tv,1.19047619,1.19047619,0,0
South Carolina,SC,fh-uw,-0.201497993,-0.018241776,0.131383894,0.197011516
South Carolina,SC,sc-born,2.109958973,1.841185289,1.418456364,0.917667638
South Carolina,SC,sc-eng-a,2.94312685,3.079413534,3.122433779,2.985034563
South Carolina,SC,sc-eng-c,3.134794474,3.089991899,2.827536349,2.6155945
South Carolina,SC,sc-mid,1.488091118,1.807874117,1.637577138,1.994371911
South Carolina,SC,sm-em,1.169365319,1.169365319,1.169365319,1.169365319
South Carolina,SC,sm-grad,-0.244096412,0.558995702,1.371780448,2.342623677
South Carolina,SC,sm-hr,2.557107777,2.265087983,3.135572402,4.153965106
South Carolina,SC,sm-neet,-2.376084086,-0.211761874,0.959382249,1.694810366
South Carolina,SC,st-fc,-1.751791055,0.790589195,2.245484491,3.738899962
South Carolina,SC,st-fc trust,2.88347042,3.251425498,3.14966474,3.242809945
South Carolina,SC,st-fcc,2.667093459,2.887385056,2.84898444,3.142735151
South Carolina,SC,st-vc,-0.183400747,0.761229303,0.647907453,1.03726257
South Dakota,SD,Civic Engagement,10.92555651,6.856102987,10.19451493,9.086001114
South Dakota,SD,Community Life,12.14402451,10.4883262,11.16062728,3.383146044
South Dakota,SD,Family Health,10.4892775,9.152907307,9.235108639,6.1248434
South Dakota,SD,Future Generations,10.83593828,12.83346484,6.053551141,6.235773328
South Dakota,SD,Social Cohesion,11.95904353,12.2091965,11.97808812,11.79482597
South Dakota,SD,Social Mobility,13.25952375,11.55597488,13.96732521,15.92503457
South Dakota,SD,Social Trust,1.9179934,1.065586788,-8.96220094,4.853776069
South Dakota,SD,Total,71.53135747,64.16155949,53.62701439,57.4034005
South Dakota,SD,ce-ao,1.930532369,1.930843736,1.910319957,1.915449012
South Dakota,SD,ce-vt,1.731762543,0.866424486,0.583977556,3.109104528
South Dakota,SD,cl-cdd,-0.493816228,-0.7098474,-2.202859585,-2.270104961
South Dakota,SD,cl-don,1.711806401,0.996677817,1.572776475,1.422290542
South Dakota,SD,cl-mem,1.891657766,1.350882979,2.489343685,1.465229941
South Dakota,SD,cl-np,1.321036747,1.648311836,1.266766887,1.170392905
South Dakota,SD,cl-npo,0.604912162,0.663475706,0.569502142,0.602214064
South Dakota,SD,cl-porg,0.71780372,0.718223038,0.711325769,0.691335385
South Dakota,SD,cl-rel,1.661884748,0.941354379,1.421707959,1.421707959
South Dakota,SD,cl-ta,2.029268351,3.098128852,2.43804059,-1.349808921
South Dakota,SD,cl-tfn,1.394620115,0.164444151,0.010348674,-3.469533056
South Dakota,SD,cl-vol,2.132071245,2.555139277,1.947581988,2.599710132
South Dakota,SD,cv-pm,7.263261594,4.058834766,7.700217417,4.061447574
South Dakota,SD,fg-act,4.134026707,-1.16446356,-2.491071116,3.365731583
South Dakota,SD,fg-br,2.975069678,2.975069678,1.782223175,1.148262796
South Dakota,SD,fg-play,2.654071624,2.992933901,1.50339658,1.692797274
South Dakota,SD,fg-read,2.893363473,6.386421207,-0.198984368,0.992922323
South Dakota,SD,fg-sch,0.665358084,0.579666282,0.007818023,0.472873384
South Dakota,SD,fg-yorg,0.929459467,2.007973363,0.742262982,0.843248765
South Dakota,SD,fh-eat,2.170452682,0.075445788,2.222318255,0.754329265
South Dakota,SD,fh-ed,2.202414175,1.902495421,1.31027209,1.697813743
South Dakota,SD,fh-ma,1.771842285,1.489227731,1.793508842,1.111220864
South Dakota,SD,fh-read,2.563434172,0.391128909,0.317451985,0.331829869
South Dakota,SD,fh-spf,0.031354635,0.009834903,0.029996706,-0.381818327
South Dakota,SD,fh-time,0.565395073,3.943964365,3.320746405,1.699429022
South Dakota,SD,fh-tv,1.19047619,1.19047619,0,0
South Dakota,SD,fh-uw,1.184384477,1.34081019,1.779999129,1.932846199
South Dakota,SD,sc-born,2.923270497,2.960655263,2.762751751,2.555820107
South Dakota,SD,sc-eng-a,3.41491841,3.345607708,3.387797658,3.374152595
South Dakota,SD,sc-eng-c,2.924624372,3.019319431,3.317577897,3.372066088
South Dakota,SD,sc-mid,2.696230247,2.883614097,2.509960816,2.492787183
South Dakota,SD,sm-em,6.120822029,6.120822029,6.120822029,6.120822029
South Dakota,SD,sm-grad,0.421683907,0.760597078,1.409173875,2.454776931
South Dakota,SD,sm-hr,3.075660418,3.133300838,3.210268962,3.923993578
South Dakota,SD,sm-neet,3.641357397,1.541254935,3.227060345,3.425442032
South Dakota,SD,st-fc,-0.281977184,-1.2611757,-3.815912786,0.390332784
South Dakota,SD,st-fc trust,1.17869521,-0.872794302,-3.285474042,1.592436924
South Dakota,SD,st-fcc,-2.12022071,1.318994389,-3.608704782,0.649623017
South Dakota,SD,st-vc,3.141496084,1.880562401,1.747890671,2.221383345
Tennessee,TN,Civic Engagement,2.607003325,0.529944454,8.350887773,5.059120682
Tennessee,TN,Community Life,9.077327094,11.04153119,4.346110122,3.346017709
Tennessee,TN,Family Health,7.161916913,7.376003104,5.216213923,6.243957746
Tennessee,TN,Future Generations,4.805824918,4.883384905,2.383196467,2.058652599
Tennessee,TN,Social Cohesion,9.956164023,9.763860901,9.579183637,8.048895645
Tennessee,TN,Social Mobility,1.003510725,4.540794542,6.45093176,7.963067227
Tennessee,TN,Social Trust,3.508463995,4.790287365,6.962209359,10.18035214
Tennessee,TN,Total,38.12021099,42.92580646,43.28873304,42.90006375
Tennessee,TN,ce-ao,1.944617214,2.182996643,1.972422363,1.977059705
Tennessee,TN,ce-vt,-0.70154163,-1.485019663,4.210978116,0.1753661
Tennessee,TN,cl-cdd,0.149056919,-0.237273879,-1.974029446,-2.083412579
Tennessee,TN,cl-don,0.896691773,1.73274704,0.15129843,1.465534232
Tennessee,TN,cl-mem,0.395162117,0.330599741,0.36677171,1.514488406
Tennessee,TN,cl-np,2.12000667,1.743494909,1.303229054,1.054154237
Tennessee,TN,cl-npo,0.616980918,0.649923975,0.616280287,0.520489372
Tennessee,TN,cl-porg,0.756631903,0.792907107,0.777211122,0.694274369
Tennessee,TN,cl-rel,2.862768697,2.742680302,0.941354379,0.941354379
Tennessee,TN,cl-ta,1.295865538,1.309475455,0.747671091,-0.603784728
Tennessee,TN,cl-tfn,1.680225513,1.807338104,0.853601953,-2.329921705
Tennessee,TN,cl-vol,0.573000635,1.675859466,-0.10807885,1.143583385
Tennessee,TN,cv-pm,1.363927741,-0.168032527,2.167487294,2.906694877
Tennessee,TN,fg-act,1.470818792,4.050178525,1.606193262,1.024568525
Tennessee,TN,fg-br,1.356802394,1.315094475,0.814599438,0.706158847
Tennessee,TN,fg-play,0.364835241,0.797441281,0.362071046,0.186751807
Tennessee,TN,fg-read,-0.153882435,0.313459391,1.515183513,1.021159273
Tennessee,TN,fg-sch,0.489290427,-0.126347333,-0.444508557,-0.274233981
Tennessee,TN,fg-yorg,0.992955217,1.269401514,0.856635717,0.753758392
Tennessee,TN,fh-eat,2.434883081,1.7262705,3.581563011,0.714584044
Tennessee,TN,fh-ed,-0.586679947,0.924759557,-0.973089972,1.149993417
Tennessee,TN,fh-ma,1.06035772,1.001959261,1.213505006,0.877790845
Tennessee,TN,fh-read,2.972990027,1.333491271,-0.375069505,1.802087198
Tennessee,TN,fh-spf,0.489112448,0.734633495,1.031759956,1.19708888
Tennessee,TN,fh-time,0.492165159,1.292229623,1.043270064,0.918999485
Tennessee,TN,fh-tv,1.19047619,1.19047619,0,0
Tennessee,TN,fh-uw,0.299088424,0.362659399,0.56364435,0.624073502
Tennessee,TN,sc-born,2.411975083,2.216706752,2.060208265,1.705844377
Tennessee,TN,sc-eng-a,3.03950382,3.076327934,3.043633711,2.80984292
Tennessee,TN,sc-eng-c,3.064243037,3.005373109,2.589531413,1.726934927
Tennessee,TN,sc-mid,1.440442083,1.465453106,1.885810249,1.806273421
Tennessee,TN,sm-em,1.246132223,1.246132223,1.246132223,1.246132223
Tennessee,TN,sm-grad,-0.378359437,0.241862989,1.116454053,1.982118344
Tennessee,TN,sm-hr,2.311750884,1.709652993,2.302064861,2.624651859
Tennessee,TN,sm-neet,-2.176012945,1.343146337,1.786280623,2.110164801
Tennessee,TN,st-fc,0.7007008,2.45044375,2.549922736,4.172003612
Tennessee,TN,st-fc trust,1.341515699,1.596340104,2.33073344,3.439469562
Tennessee,TN,st-fcc,1.759855087,1.144269677,2.293202883,3.06537793
Tennessee,TN,st-vc,-0.293607592,-0.400766166,-0.211649699,-0.496498964
Texas,TX,Civic Engagement,1.544023835,2.218978218,6.514973976,2.73269217
Texas,TX,Community Life,6.492292903,6.973180055,1.008938193,-1.061501257
Texas,TX,Family Health,8.682134736,6.923221375,5.597117585,6.00863065
Texas,TX,Future Generations,9.166529963,9.100943319,6.496213211,5.642757925
Texas,TX,Social Cohesion,-3.092340452,-2.563022224,-1.389790884,-0.891551357
Texas,TX,Social Mobility,2.815494732,3.827997228,6.18913925,7.84296428
Texas,TX,Social Trust,3.45408875,5.546721477,8.844762611,9.686412825
Texas,TX,Total,29.06222447,32.02801945,33.26135394,29.96040524
Texas,TX,ce-ao,1.916055446,1.976469055,1.948666138,1.949371525
Texas,TX,ce-vt,-1.573858221,-0.841800956,3.063193129,-0.302112454
Texas,TX,cl-cdd,0.172745155,0.067032376,-1.720021828,-1.88042339
Texas,TX,cl-don,-0.283898332,0.520562865,-0.083599628,-0.350598561
Texas,TX,cl-mem,0.026267228,0.344361712,0.070831259,0.101185043
Texas,TX,cl-np,0.813618291,0.950335287,0.846308928,0.627414732
Texas,TX,cl-npo,0.614003705,0.654477888,0.613237395,0.511282942
Texas,TX,cl-porg,0.755128995,0.747945915,0.732532671,0.695695675
Texas,TX,cl-rel,2.262326723,1.661884748,-0.01935278,-0.01935278
Texas,TX,cl-ta,2.051746411,1.134437406,0.785576377,-0.400371968
Texas,TX,cl-tfn,0.819912973,0.745867657,-0.476294569,-1.859940125
Texas,TX,cl-vol,0.2468052,1.163641865,-0.613992533,0.260598516
Texas,TX,cv-pm,1.201826609,1.084310118,1.503114709,1.0854331
Texas,TX,fg-act,1.121977525,1.011272715,0.290547742,0.880911758
Texas,TX,fg-br,3.250341948,3.242000364,1.848955847,1.598708328
Texas,TX,fg-play,0.649450738,0.273238281,0.445818409,0.056949057
Texas,TX,fg-read,1.498460054,0.583220145,0.584795802,1.670657797
Texas,TX,fg-sch,1.761092994,1.289484557,1.173596838,1.209866309
Texas,TX,fg-yorg,0.450134296,1.262572344,0.862437713,0.896314922
Texas,TX,fh-eat,3.009653573,2.066247349,4.717409162,2.512857796
Texas,TX,fh-ed,-0.04507061,0.153020937,-3.188058129,-0.25991879
Texas,TX,fh-ma,1.498467628,1.500838182,1.631225922,1.381148612
Texas,TX,fh-read,1.07873336,-0.14841568,-0.629443073,-0.750357507
Texas,TX,fh-spf,1.693902909,1.889184009,2.370219035,2.647522233
Texas,TX,fh-time,0.876261058,0.699373499,0.799646106,0.785794029
Texas,TX,fh-tv,1.19047619,1.19047619,0,0
Texas,TX,fh-uw,0.570186818,0.762973079,0.828971493,0.693022718
Texas,TX,sc-born,2.292197685,2.144361879,2.114276207,1.837330582
Texas,TX,sc-eng-a,-2.05943392,-1.966552769,-1.612278273,-1.432485376
Texas,TX,sc-eng-c,-4.578219506,-3.918329179,-3.159208425,-2.817849585
Texas,TX,sc-mid,1.253115289,1.177497846,1.267419607,1.521453023
Texas,TX,sm-em,1.591582718,1.591582718,1.591582718,1.591582718
Texas,TX,sm-grad,0.444761908,1.010582415,1.71542371,2.730086758
Texas,TX,sm-hr,1.306161771,0.827464383,1.226361665,1.864509643
Texas,TX,sm-neet,-0.527011664,0.398367713,1.655771158,1.656785163
Texas,TX,st-fc,-1.073259866,1.349906866,2.635815316,2.742467364
Texas,TX,st-fc trust,1.285517496,1.567790403,2.089775342,2.559750765
Texas,TX,st-fcc,1.588553862,1.016214614,2.599883591,2.712512539
Texas,TX,st-vc,1.653277259,1.612809593,1.519288361,1.671682156
United States,US,Civic Engagement,7.502850274,6.264941024,10.16161272,8.136889633
United States,US,Community Life,7.640614204,8.028351737,2.756829818,0.235357117
United States,US,Family Health,9.027905994,6.821436602,6.401994442,6.947090574
United States,US,Future Generations,7.896581819,6.648179403,4.842389041,4.099851717
United States,US,Social Cohesion,4.204222125,4.585492712,4.895650019,4.382880918
United States,US,Social Mobility,4.028339236,5.713938761,8.138766676,9.744213551
United States,US,Social Trust,4.901807273,7.054671017,8.777245581,10.39595557
United States,US,Total,45.20232093,45.11701126,45.9744883,43.94223908
United States,US,ce-ao,2.441300822,2.380952381,2.177983273,2.363037802
United States,US,ce-vt,2.099053739,1.908108229,4.394623714,3.063193129
United States,US,cl-cdd,1.14046223,0.800721613,-1.598582899,-1.801458487
United States,US,cl-don,0.684003082,0.987662018,0.324369454,0.398765431
United States,US,cl-mem,0.558168748,0.652719961,0.594231248,0.739446033
United States,US,cl-np,0.835315648,0.892857143,0.633899737,0.579609997
United States,US,cl-npo,0.864288782,0.892857143,0.810099311,0.699785921
United States,US,cl-porg,0.905815178,0.892857143,0.871495302,0.763253455
United States,US,cl-rel,1.301619564,0.941354379,-0.379617964,-0.379617964
United States,US,cl-ta,1.386260231,0.89871164,0.446560835,-0.946527564
United States,US,cl-tfn,1.292822475,1.259833792,0.17889824,-1.674099337
United States,US,cl-vol,0.647636146,1.502355661,-0.089206607,0.634351142
United States,US,cv-pm,2.962495713,1.975880415,3.589005736,2.710658701
United States,US,fg-act,1.379494903,1.3469752,0.938212761,0.885321298
United States,US,fg-br,1.572314443,1.313360877,0.511874569,-0.05533867
United States,US,fg-play,1.256111664,0.943224244,0.999404506,0.829436688
United States,US,fg-read,1.327129069,1.376827292,1.468481168,1.359436661
United States,US,fg-sch,1.382675722,0.94981507,0.892835382,0.91439744
United States,US,fg-yorg,1.05328605,1.225719412,0.824144904,1.044739019
United States,US,fh-eat,2.224382648,1.035042655,3.342138662,1.814406871
United States,US,fh-ed,0.511879619,0.83277084,-1.150057684,0.6694628
United States,US,fh-ma,1.093611398,1.025816972,1.064488684,0.859453911
United States,US,fh-read,2.28158775,0.614313859,0.687303453,0.93948328
United States,US,fh-spf,1.274421739,1.449221877,1.794761191,1.987146625
United States,US,fh-time,0.819560621,0.969872758,0.688642392,0.811693825
United States,US,fh-tv,1.19047619,1.19047619,0,0
United States,US,fh-uw,0.82246222,0.894397639,1.041716818,1.023291692
United States,US,sc-born,2.027070759,1.960512592,1.887882484,1.718027486
United States,US,sc-eng-a,0.42445641,0.478443084,0.612099854,0.56650336
United States,US,sc-eng-c,-0.045264175,0.393604796,0.525372975,0.25150992
United States,US,sc-mid,1.79795913,1.75293224,1.870294705,1.846840154
United States,US,sm-em,1.629965597,1.629965597,1.629965597,1.629965597
United States,US,sm-grad,1.057965002,1.666556761,2.404139438,3.291023023
United States,US,sm-hr,1.558833124,1.052233367,1.626795327,2.274779671
United States,US,sm-neet,-0.218424487,1.365183036,2.477866313,2.548445259
United States,US,st-fc,0.839462108,1.785714286,2.574349107,3.174837793
United States,US,st-fc trust,1.514071063,1.739690605,2.46989514,2.934202502
United States,US,st-fcc,0.691294342,1.644314164,1.816338689,2.306118469
United States,US,st-vc,1.85697976,1.884951962,1.916662645,1.980796808
Utah,UT,Civic Engagement,7.273176135,7.921674814,13.23345548,9.323215851
Utah,UT,Community Life,20.61158588,18.82716813,12.21815626,12.51648042
Utah,UT,Family Health,19.6007722,18.09649252,17.13122446,13.49147039
Utah,UT,Future Generations,17.92082557,12.9720855,10.20848328,7.192655974
Utah,UT,Social Cohesion,9.575491966,10.3155329,11.03267051,9.941176727
Utah,UT,Social Mobility,9.042676899,10.8003772,13.77707984,14.19499564
Utah,UT,Social Trust,12.32578589,14.01060746,14.89588176,15.72997405
Utah,UT,Total,96.35031454,92.94393853,92.49695159,82.38996905
Utah,UT,ce-ao,1.913497591,1.946265053,1.913153291,1.915313577
Utah,UT,ce-vt,-0.104693437,2.504267751,2.92545893,3.177971628
Utah,UT,cl-cdd,2.390414191,2.026930337,-0.763243197,-0.983008519
Utah,UT,cl-don,3.391290784,3.358755232,1.120196096,2.90370231
Utah,UT,cl-mem,4.157236069,4.086580534,3.942322239,4.615115698
Utah,UT,cl-np,-0.13066702,-0.029650556,-0.082689668,-0.182810137
Utah,UT,cl-npo,0.554462183,0.604862478,0.576365526,0.482387657
Utah,UT,cl-porg,0.743688542,0.7312704,0.72105624,0.882904929
Utah,UT,cl-rel,3.463210671,2.982857092,1.541796354,1.541796354
Utah,UT,cl-ta,2.873567198,2.119431052,2.065983499,0.226709343
Utah,UT,cl-tfn,1.291739419,-0.197253729,-0.783656656,-2.207372407
Utah,UT,cl-vol,4.136391014,5.14066507,3.034092959,4.071236537
Utah,UT,cv-pm,5.464371981,3.471142011,8.394843259,4.229930646
Utah,UT,fg-act,4.062716301,2.306905759,2.612801855,0.50623408
Utah,UT,fg-br,9.229819739,7.690797502,4.762901539,2.961119409
Utah,UT,fg-play,4.94698855,3.267462302,3.909359396,3.615153928
Utah,UT,fg-read,1.980336825,1.900953808,3.17226559,3.898399528
Utah,UT,fg-sch,2.452190617,1.119330382,1.283364899,0.519294313
Utah,UT,fg-yorg,1.29182666,0.894495311,0.252857446,0.097088324
Utah,UT,fh-eat,2.844446035,1.158561286,3.86070548,0.541084004
Utah,UT,fh-ed,2.139500807,2.419666228,0.54211417,0.571998058
Utah,UT,fh-ma,3.888607445,3.992928529,3.863076664,3.407184112
Utah,UT,fh-read,3.925672063,1.364861592,0.726005853,0.486235581
Utah,UT,fh-spf,3.063372166,3.407527706,3.679566707,4.10958366
Utah,UT,fh-time,-0.369543791,1.577417724,0.443414818,0.623084679
Utah,UT,fh-tv,1.020408163,1.020408163,0,0
Utah,UT,fh-uw,4.108717477,4.175529458,4.016340771,3.752300296
Utah,UT,sc-born,2.459105767,2.551890245,2.461683314,2.311374503
Utah,UT,sc-eng-a,1.749232213,1.914683628,2.066760549,2.008312545
Utah,UT,sc-eng-c,2.058080405,2.648443898,2.831752662,2.367504436
Utah,UT,sc-mid,3.30907358,3.200515131,3.672473982,3.253985243
Utah,UT,sm-em,2.589551322,2.589551322,2.589551322,2.589551322
Utah,UT,sm-grad,1.416630707,2.02918685,2.884579268,3.942080259
Utah,UT,sm-hr,3.419911368,3.284966045,4.199317384,3.982447784
Utah,UT,sm-neet,1.616583502,2.896672987,4.103631869,3.680916276
Utah,UT,st-fc,1.977649109,2.690935132,3.34701273,4.386363267
Utah,UT,st-fc trust,3.572769753,4.868908687,4.829113292,4.683779688
Utah,UT,st-fcc,3.062561341,3.141618309,3.39525776,3.291575171
Utah,UT,st-vc,3.712805683,3.309145335,3.324497976,3.368255922
Vermont,VT,Civic Engagement,15.3996768,13.72941526,19.505962,21.14377194
Vermont,VT,Community Life,10.21501997,9.870009403,3.007709556,3.618759085
Vermont,VT,Family Health,14.59912849,12.18393538,11.58418599,12.03543179
Vermont,VT,Future Generations,3.210237431,2.909140666,3.076024329,5.4815741
Vermont,VT,Social Cohesion,11.10564391,10.93460892,9.903852623,10.17110025
Vermont,VT,Social Mobility,11.33560695,12.35025792,12.58643387,15.37169269
Vermont,VT,Social Trust,4.909096854,7.576677414,11.91893965,12.63602317
Vermont,VT,Total,70.77441041,69.55404496,71.58310802,80.45835302
Vermont,VT,ce-ao,1.934097479,2.019474772,1.958133626,2.016594653
Vermont,VT,ce-vt,2.787724732,2.4094148,5.129206106,6.272399954
Vermont,VT,cl-cdd,0.562810139,0.301340342,-2.0413366,-2.173246891
Vermont,VT,cl-don,0.524767258,1.210295774,0.635752411,1.805552596
Vermont,VT,cl-mem,2.951687927,1.558874356,3.198952168,2.627043797
Vermont,VT,cl-np,-0.028805283,-0.143924273,-0.150683161,0.146896679
Vermont,VT,cl-npo,0.762061292,0.750514261,0.704940147,0.690073275
Vermont,VT,cl-porg,0.750492562,0.754783287,0.73859595,0.689544609
Vermont,VT,cl-rel,-0.619794754,-0.859971544,-1.940767097,-1.940767097
Vermont,VT,cl-ta,0.880888414,1.134725349,0.386184162,-1.670480257
Vermont,VT,cl-tfn,3.010734181,2.82064716,-1.889589675,-1.562719074
Vermont,VT,cl-vol,1.954183095,2.50014076,1.17364149,2.980511237
Vermont,VT,cv-pm,10.67785459,9.300525689,12.41862227,12.85477734
Vermont,VT,fg-act,5.737575052,3.870662762,3.125451959,-0.46655395
Vermont,VT,fg-br,-0.920450021,-1.145672788,-1.846365838,-2.488667802
Vermont,VT,fg-play,0.150869675,0.300383231,0.246681239,0.370211682
Vermont,VT,fg-read,0.492384174,1.625891098,1.167175348,-1.217446429
Vermont,VT,fg-sch,2.661237349,2.460122891,3.485711361,3.571250726
Vermont,VT,fg-yorg,0.248501284,0.324593776,0.164656124,2.201588127
Vermont,VT,fh-eat,3.073698999,1.687093415,5.038968351,2.298157695
Vermont,VT,fh-ed,3.246786996,2.848491171,0.589476673,2.266806821
Vermont,VT,fh-ma,1.583497119,1.056678935,0.61163732,0.859461564
Vermont,VT,fh-read,5.193599197,3.604155835,2.656620504,5.043494984
Vermont,VT,fh-spf,0.569874562,0.251154697,0.066226363,0.243834181
Vermont,VT,fh-time,0.053410862,1.833111048,2.880934088,1.502684205
Vermont,VT,fh-tv,1.19047619,1.19047619,0,0
Vermont,VT,fh-uw,0.878260753,0.903250281,1.671020358,1.826897638
Vermont,VT,sc-born,0.757582305,0.627393668,0.457916018,0.103873273
Vermont,VT,sc-eng-a,3.643901886,3.666934795,3.698102535,3.763023724
Vermont,VT,sc-eng-c,3.780319095,3.85471382,3.767154298,4.053638899
Vermont,VT,sc-mid,2.923840626,2.785566638,1.980679772,2.250564351
Vermont,VT,sm-em,0.40169857,0.40169857,0.40169857,0.40169857
Vermont,VT,sm-grad,3.070326937,3.521234293,4.023166335,5.48730457
Vermont,VT,sm-hr,3.994326485,3.731242915,4.261166645,5.317393568
Vermont,VT,sm-neet,3.869254958,4.696082139,3.900402319,4.165295977
Vermont,VT,st-fc,0.879539505,1.195634974,3.028408616,3.421625441
Vermont,VT,st-fc trust,-1.58031362,-0.66983777,2.116547389,2.178956026
Vermont,VT,st-fcc,1.416571185,2.580991895,3.161885783,3.454027217
Vermont,VT,st-vc,4.193299783,4.469888315,3.612097864,3.581414486
Virginia,VA,Civic Engagement,8.972973767,11.91043437,11.3893218,11.01093388
Virginia,VA,Community Life,10.655645,8.416027163,5.427195701,2.98426059
Virginia,VA,Family Health,11.36761229,7.721270707,9.230823254,8.985827053
Virginia,VA,Future Generations,5.505604758,5.09702408,3.592702861,1.433104925
Virginia,VA,Social Cohesion,5.797605783,5.834278809,5.496678921,4.827082655
Virginia,VA,Social Mobility,7.339615442,8.529817569,11.39049122,12.41157514
Virginia,VA,Social Trust,4.177141574,5.631703621,9.4529704,11.63572396
Virginia,VA,Total,53.81619861,53.14055632,55.98018416,53.2885082
Virginia,VA,ce-ao,2.376883013,2.381122222,2.5000026,2.565964616
Virginia,VA,ce-vt,4.440535114,5.019156482,6.552459491,6.368813893
Virginia,VA,cl-cdd,2.291863717,2.020873756,-0.665933024,-1.071322409
Virginia,VA,cl-don,1.938766885,1.031879264,1.403390236,1.47384142
Virginia,VA,cl-mem,0.576718268,0.184477562,0.618773768,1.016003754
Virginia,VA,cl-np,2.044434499,1.305820522,1.021000907,0.948448382
Virginia,VA,cl-npo,0.762514419,0.835322085,0.785476125,0.640635979
Virginia,VA,cl-porg,1.047144346,0.977260209,0.946778996,0.763360728
Virginia,VA,cl-rel,1.541796354,1.902061538,0.100735615,0.100735615
Virginia,VA,cl-ta,1.329084931,0.798777422,0.291215782,-0.999907555
Virginia,VA,cl-tfn,1.926978381,0.526246869,0.766977535,-1.396423033
Virginia,VA,cl-vol,1.532641415,2.160002214,0.513847645,1.386013681
Virginia,VA,cv-pm,2.15555564,4.510155666,2.336859714,2.076155371
Virginia,VA,fg-act,2.124767047,1.626305291,0.147062549,0.358211559
Virginia,VA,fg-br,1.565341993,1.265044971,0.505960832,-0.144682715
Virginia,VA,fg-play,0.77000671,0.823674223,0.714843372,0.608026723
Virginia,VA,fg-read,1.066725516,3.694806925,1.343996862,0.525844565
Virginia,VA,fg-sch,0.657649083,0.7352586,0.493659111,0.15394741
Virginia,VA,fg-yorg,0.677405386,0.57403826,0.680671926,0.338111866
Virginia,VA,fh-eat,1.749574302,0.523637693,4.319749225,1.767741885
Virginia,VA,fh-ed,0.914014602,1.141295809,-1.806764504,0.785657745
Virginia,VA,fh-ma,1.657571011,1.446823326,1.733304088,1.462606899
Virginia,VA,fh-read,2.987115435,1.327384758,2.65613916,1.793705508
Virginia,VA,fh-spf,1.416800188,1.406850418,1.603377037,1.889576172
Virginia,VA,fh-time,0.904197849,0.151369386,0.27760792,0.904684068
Virginia,VA,fh-tv,1.19047619,1.19047619,0,0
Virginia,VA,fh-uw,1.738338905,1.723909316,1.98588087,1.879492618
Virginia,VA,sc-born,0.684384821,0.573098124,0.561550118,0.431216072
Virginia,VA,sc-eng-a,1.755939242,1.72712179,1.694373742,1.575975314
Virginia,VA,sc-eng-c,1.938627574,2.145920342,1.806683608,1.400796596
Virginia,VA,sc-mid,1.418654146,1.388138553,1.434071453,1.419094673
Virginia,VA,sm-em,0.593615257,0.593615257,0.593615257,0.593615257
Virginia,VA,sm-grad,2.989039136,3.528727408,4.294034374,5.122785333
Virginia,VA,sm-hr,2.300576287,1.610969489,2.241676255,2.979336602
Virginia,VA,sm-neet,1.456384761,2.796505415,4.26116533,3.715837949
Virginia,VA,st-fc,-0.047436164,0.619518664,2.124651246,2.734351234
Virginia,VA,st-fc trust,1.192028056,1.002009781,2.003445386,3.400714393
Virginia,VA,st-fcc,-0.671564936,0.320561754,1.738971703,2.17171599
Virginia,VA,st-vc,3.704114618,3.689613421,3.585902066,3.328942338
Washington,WA,Civic Engagement,9.296931023,11.01516743,13.53737701,10.3178709
Washington,WA,Community Life,11.70724028,10.71638409,4.426776029,1.281624888
Washington,WA,Family Health,15.36694364,11.2222143,9.80588568,12.91204347
Washington,WA,Future Generations,7.752966795,5.837349738,5.701258643,3.37636323
Washington,WA,Social Cohesion,2.171365589,3.228972113,3.235829577,2.575664579
Washington,WA,Social Mobility,2.540987616,4.957082174,7.755645439,8.61378775
Washington,WA,Social Trust,10.4479261,12.32675219,13.41214456,13.87739382
Washington,WA,Total,59.28436105,59.30392203,57.87491694,52.95474864
Washington,WA,ce-ao,1.954385707,1.971802462,1.928840574,1.949938798
Washington,WA,ce-vt,3.84368692,4.149365018,6.552459491,5.941837877
Washington,WA,cl-cdd,1.439120648,0.983320497,-1.254569082,-1.525276052
Washington,WA,cl-don,2.067918797,1.549654591,1.452755591,1.78578852
Washington,WA,cl-mem,1.741190836,1.354983036,0.481356463,0.568246732
Washington,WA,cl-np,0.329155984,0.299130712,0.214719631,0.1970038
Washington,WA,cl-npo,1.067281693,1.159018017,1.005763036,0.545618845
Washington,WA,cl-porg,0.739315724,0.733680119,0.717700182,0.696560205
Washington,WA,cl-rel,0.581089195,0.22082401,-0.980059938,-0.980059938
Washington,WA,cl-ta,1.910150673,0.813284263,0.59204194,-1.229718088
Washington,WA,cl-tfn,1.575226505,2.425783644,0.809305812,-1.486268429
Washington,WA,cl-vol,2.02506686,2.459156408,0.347912943,1.38145704
Washington,WA,cv-pm,3.498858395,4.893999946,5.05607694,2.426094223
Washington,WA,fg-act,3.895928164,1.23987127,2.05679909,1.508713889
Washington,WA,fg-br,1.607049912,1.340119226,0.28907965,-0.369905481
Washington,WA,fg-play,1.726131321,1.062500237,1.382220731,1.218971987
Washington,WA,fg-read,3.629325352,2.257701361,2.55930701,3.016336036
Washington,WA,fg-sch,0.791764975,0.425914128,1.498368891,0.401470619
Washington,WA,fg-yorg,1.043698321,1.063032901,0.631169824,1.000371695
Washington,WA,fh-eat,3.032102894,2.688523655,3.935656187,4.188647253
Washington,WA,fh-ed,2.612111416,1.311819302,-0.598024005,0.742667596
Washington,WA,fh-ma,1.42839934,1.443883988,1.506675664,1.368626299
Washington,WA,fh-read,3.873883866,1.460412083,1.443388368,2.878237558
Washington,WA,fh-spf,1.077096326,1.41800223,2.127927162,2.046619718
Washington,WA,fh-time,1.331013377,0.714490822,0.470712185,1.323801052
Washington,WA,fh-tv,1.19047619,1.19047619,0,0
Washington,WA,fh-uw,2.012336419,2.185082217,2.553864399,2.515451245
Washington,WA,sc-born,0.221497503,0.232301917,0.085037036,0.044031265
Washington,WA,sc-eng-a,0.897150336,0.96620113,0.968947259,0.867099351
Washington,WA,sc-eng-c,-0.865300619,0.077148299,0.252700247,-0.094047965
Washington,WA,sc-mid,1.918018369,1.953320767,1.929145035,1.758581928
Washington,WA,sm-em,-0.212435516,-0.212435516,-0.212435516,-0.212435516
Washington,WA,sm-grad,2.038389494,2.710430798,3.526682152,4.545560227
Washington,WA,sm-hr,1.073189228,1.005159379,1.478699708,1.93156935
Washington,WA,sm-neet,-0.35815559,1.453927513,2.962699094,2.349093688
Washington,WA,st-fc,2.454110482,3.229101138,4.020904348,4.6889821
Washington,WA,st-fc trust,2.270017172,3.238679245,3.868364539,4.031665677
Washington,WA,st-fcc,2.968908288,3.015463344,2.84837974,3.008577986
Washington,WA,st-vc,2.754890162,2.843508462,2.674495938,2.148168061
West Virginia,WV,Civic Engagement,-3.432964825,-0.229302447,2.843732523,2.606814535
West Virginia,WV,Community Life,1.999650534,8.410156853,2.100147242,-5.405755519
West Virginia,WV,Family Health,8.701923614,8.119037443,6.461656012,3.717015036
West Virginia,WV,Future Generations,6.5160669,5.091917163,3.16879125,4.245062832
West Virginia,WV,Social Cohesion,13.13003561,13.60794082,13.17547775,12.99062542
West Virginia,WV,Social Mobility,-0.142047618,1.818529281,4.269853973,6.043916217
West Virginia,WV,Social Trust,3.758373107,3.905222685,4.258866593,6.630905073
West Virginia,WV,Total,30.53103733,40.72350179,36.27852534,30.82858359
West Virginia,WV,ce-ao,1.908479081,1.918349661,1.900392809,1.905114655
West Virginia,WV,ce-vt,-4.328542191,-2.966626436,-0.517896032,-0.811728989
West Virginia,WV,cl-cdd,-0.743962492,-0.910463538,-2.354908028,-2.444709641
West Virginia,WV,cl-don,-0.659668197,0.377326923,0.024322197,-1.696953238
West Virginia,WV,cl-mem,0.489230764,1.506199239,0.687177661,-0.012978422
West Virginia,WV,cl-np,0.066369065,0.201072951,0.079228238,-0.014294152
West Virginia,WV,cl-npo,0.5869885,0.581193331,0.554137285,0.503589516
West Virginia,WV,cl-porg,0.713264559,0.724924777,0.718650998,0.688669842
West Virginia,WV,cl-rel,1.781973143,2.142238328,-0.499706359,-0.499706359
West Virginia,WV,cl-ta,0.708311928,1.262079145,0.230192908,-1.717118166
West Virginia,WV,cl-tfn,-1.480404462,0.705509155,0.402680127,-2.3288138
West Virginia,WV,cl-vol,-0.140045703,1.110685956,-0.017307574,-0.342444893
West Virginia,WV,cv-pm,-1.012901715,0.818974328,1.461235746,1.513428869
West Virginia,WV,fg-act,3.616384681,-0.641935177,0.612999511,-1.874715671
West Virginia,WV,fg-br,0.305762818,-0.052925291,-0.570103496,-1.187380707
West Virginia,WV,fg-play,1.130396455,0.978780876,1.761468816,1.804112153
West Virginia,WV,fg-read,0.108123053,-0.748037139,-0.948476741,-0.401384734
West Virginia,WV,fg-sch,2.69025301,1.94408561,0.911556329,2.052225742
West Virginia,WV,fg-yorg,0.217632318,0.524670247,0.009605851,0.161084701
West Virginia,WV,fh-eat,3.238910864,0.882017031,2.408395982,1.772909428
West Virginia,WV,fh-ed,-0.528693865,1.427358083,-0.658445274,0.171765918
West Virginia,WV,fh-ma,1.109637907,1.032886158,1.442115894,0.509834224
West Virginia,WV,fh-read,3.224697359,0.192076166,-0.637655363,-0.406124013
West Virginia,WV,fh-spf,0.295327234,0.320489424,0.64143306,0.352864166
West Virginia,WV,fh-time,1.236995006,4.202769434,4.290636929,1.768510581
West Virginia,WV,fh-tv,1.19047619,1.19047619,0,0
West Virginia,WV,fh-uw,0.125049109,0.061441146,0.052117452,0.166757238
West Virginia,WV,sc-born,3.901992887,3.699353897,3.525852997,3.318930331
West Virginia,WV,sc-eng-a,3.984420682,3.968010321,3.979840506,4.007178473
West Virginia,WV,sc-eng-c,4.099394231,4.227216211,4.289891169,4.294177487
West Virginia,WV,sc-mid,1.144227814,1.713360387,1.379893074,1.370339127
West Virginia,WV,sm-em,1.36128315,1.36128315,1.36128315,1.36128315
West Virginia,WV,sm-grad,-1.881040742,-1.56092727,-1.125925515,-0.267381085
West Virginia,WV,sm-hr,4.018472408,3.837518529,4.315869305,4.795405681
West Virginia,WV,sm-neet,-3.640762435,-1.819345128,-0.281372968,0.154608471
West Virginia,WV,st-fc,1.311486066,2.611390637,2.774419588,1.860070302
West Virginia,WV,st-fc trust,-1.973177348,-0.666138184,-1.250697575,1.35362336
West Virginia,WV,st-fcc,1.677144002,-0.289041401,0.218379292,0.37363911
West Virginia,WV,st-vc,2.742920387,2.249011633,2.516765288,3.043572302
Wisconsin,WI,Civic Engagement,14.08790488,13.49553777,15.19506472,15.41494083
Wisconsin,WI,Community Life,10.72901191,7.437123612,4.056954404,0.111061195
Wisconsin,WI,Family Health,9.128217771,6.993003102,7.158165402,5.772997373
Wisconsin,WI,Future Generations,7.426819262,6.340107351,4.758592191,2.897105478
Wisconsin,WI,Social Cohesion,11.51989278,11.57605973,12.07632701,11.5185186
Wisconsin,WI,Social Mobility,7.028087104,9.043348509,10.47763881,11.99519141
Wisconsin,WI,Social Trust,12.64523326,12.8654539,12.89269351,14.3922723
Wisconsin,WI,Total,72.56516697,67.75063396,66.61543604,62.10208717
Wisconsin,WI,ce-ao,1.939623967,2.082731476,2.088611779,2.416810412
Wisconsin,WI,ce-vt,7.51659888,6.073695417,7.51659888,8.912305425
Wisconsin,WI,cl-cdd,1.662959825,1.106019525,-1.912815733,-2.091791473
Wisconsin,WI,cl-don,2.541189415,1.773003585,1.042186534,1.449312688
Wisconsin,WI,cl-mem,0.962977798,0.430316345,0.588351399,0.498891469
Wisconsin,WI,cl-np,1.715229663,1.933578865,1.82850474,0.382258519
Wisconsin,WI,cl-npo,0.690893363,0.730728977,0.66535419,0.569613169
Wisconsin,WI,cl-porg,0.781873609,0.777012413,0.761044603,0.707302732
Wisconsin,WI,cl-rel,0.581089195,-0.139441174,-0.739883149,-0.739883149
Wisconsin,WI,cl-ta,1.158347603,0.428327619,1.02370392,-1.300657383
Wisconsin,WI,cl-tfn,1.612340881,0.681351612,0.445963165,-2.022320827
Wisconsin,WI,cl-vol,2.400300049,2.755824234,0.270233741,0.948802497
Wisconsin,WI,cv-pm,4.631682034,5.339110873,5.589854056,4.085824988
Wisconsin,WI,fg-act,0.857385887,1.125333834,0.892783389,1.102746537
Wisconsin,WI,fg-br,0.889673694,0.681134095,0.0555153,-0.57844508
Wisconsin,WI,fg-play,0.898885624,0.888993833,0.855873683,1.110453609
Wisconsin,WI,fg-read,1.85312707,1.583998643,1.94277057,1.119137139
Wisconsin,WI,fg-sch,1.679307917,1.150098613,1.031440469,0.509516048
Wisconsin,WI,fg-yorg,1.483345607,1.506511693,1.229565342,0.889879075
Wisconsin,WI,fh-eat,0.763259201,-0.138319315,2.054664785,0.12517496
Wisconsin,WI,fh-ed,1.517041741,2.061535565,-0.21413681,0.688248064
Wisconsin,WI,fh-ma,1.416658843,1.269501366,0.933657042,0.745896781
Wisconsin,WI,fh-read,2.888595638,1.241973497,1.96600781,1.403915629
Wisconsin,WI,fh-spf,0.359819023,0.399662339,0.234607231,0.245825766
Wisconsin,WI,fh-time,0.815148994,0.904844578,0.784572158,1.209350064
Wisconsin,WI,fh-tv,1.020408163,1.020408163,0,0
Wisconsin,WI,fh-uw,1.367694331,1.253805071,1.398793186,1.35458611
Wisconsin,WI,sc-born,4.026426363,3.973427782,3.896986865,3.762690821
Wisconsin,WI,sc-eng-a,2.947321171,2.942819104,3.012353294,2.987880581
Wisconsin,WI,sc-eng-c,1.950937367,2.12154293,2.424828706,2.396059801
Wisconsin,WI,sc-mid,2.595207882,2.53826991,2.742158147,2.371887399
Wisconsin,WI,sm-em,1.629965597,1.629965597,1.629965597,1.629965597
Wisconsin,WI,sm-grad,0.459013868,1.018151813,1.881651987,2.587603049
Wisconsin,WI,sm-hr,3.120404054,2.670991737,3.029702031,3.652425326
Wisconsin,WI,sm-neet,1.818703585,3.72423936,3.936319194,4.125197433
Wisconsin,WI,st-fc,4.009609422,4.391638397,4.426921959,5.252645314
Wisconsin,WI,st-fc trust,2.818607766,3.271666247,3.030918772,3.577835469
Wisconsin,WI,st-fcc,2.620519742,2.535308565,2.701070833,2.743624473
Wisconsin,WI,st-vc,3.196496326,2.66684069,2.733781946,2.818167039
Wyoming,WY,Civic Engagement,7.252600273,8.2367329,12.87366644,9.51658598
Wyoming,WY,Community Life,6.593581245,3.824818152,8.500939734,0.032697434
Wyoming,WY,Family Health,12.02347126,11.37964296,10.62857694,9.840834639
Wyoming,WY,Future Generations,16.01902714,18.64146434,8.676059183,5.016808226
Wyoming,WY,Social Cohesion,8.734904698,8.921299499,10.27636241,9.052632251
Wyoming,WY,Social Mobility,5.563005719,3.824958563,6.694661192,10.20966045
Wyoming,WY,Social Trust,8.719954462,9.816063357,12.30336259,13.51091816
Wyoming,WY,Total,64.9065448,64.64497977,69.95362849,57.18013714
Wyoming,WY,ce-ao,1.899176528,1.965962079,1.949419746,1.939402114
Wyoming,WY,ce-vt,0.767623154,3.4779108,3.797775521,1.860314462
Wyoming,WY,cl-cdd,-0.332250798,-0.437139822,-2.093139612,-2.195001682
Wyoming,WY,cl-don,0.745748296,0.187475696,0.987057807,0.490416774
Wyoming,WY,cl-mem,1.23052945,0.438484353,2.745200174,1.48858413
Wyoming,WY,cl-np,0.009993042,0.328293551,0.290381247,-0.042968061
Wyoming,WY,cl-npo,0.602356248,0.678466313,0.644154156,0.492505403
Wyoming,WY,cl-porg,0.7347724,0.727344003,0.714630395,0.689224774
Wyoming,WY,cl-rel,0.340912405,1.181531169,-0.619794754,-0.619794754
Wyoming,WY,cl-ta,0.884084653,0.416358579,0.984875671,-1.593599717
Wyoming,WY,cl-tfn,0.91813194,-1.738480448,0.645831534,-2.333620538
Wyoming,WY,cl-vol,1.137045853,1.933638486,2.39898475,1.418981361
Wyoming,WY,cv-pm,4.585800592,2.792860021,7.126471178,5.716869404
Wyoming,WY,fg-act,0.276041297,4.114121413,-1.350345655,0.131164858
Wyoming,WY,fg-br,1.848955847,2.040812277,0.447569745,-0.453321321
Wyoming,WY,fg-play,3.15364237,3.658415627,2.389999117,1.815511886
Wyoming,WY,fg-read,2.389074165,-1.217446429,15.71557071,0.531291277
Wyoming,WY,fg-sch,3.753697184,5.186165644,2.203769889,1.100780026
Wyoming,WY,fg-yorg,1.923056024,1.542249345,0.742700704,0.881568226
Wyoming,WY,fh-eat,3.060934107,1.810076013,4.835763052,2.655089216
Wyoming,WY,fh-ed,2.179699107,2.898917284,2.42247991,1.473292279
Wyoming,WY,fh-ma,1.893262475,1.834999385,2.425370156,1.497505835
Wyoming,WY,fh-read,3.8914625,0.822594827,0.33238465,1.174616578
Wyoming,WY,fh-spf,0.332954451,0.174705298,0.36254968,0.099524963
Wyoming,WY,fh-time,-1.35810894,1.937176013,-0.288487165,2.258461311
Wyoming,WY,fh-tv,1.19047619,1.19047619,0,0
Wyoming,WY,fh-uw,2.023267562,1.901174143,2.309946143,2.322483563
Wyoming,WY,sc-born,-0.804518458,-0.808717749,-0.439417365,-0.620557786
Wyoming,WY,sc-eng-a,3.404105302,3.309857065,3.416794288,3.438863922
Wyoming,WY,sc-eng-c,3.534549134,3.748929727,4.014503637,3.658828801
Wyoming,WY,sc-mid,2.60076872,2.671230455,3.284481853,2.575497313
Wyoming,WY,sm-em,1.015832656,1.015832656,1.015832656,1.015832656
Wyoming,WY,sm-grad,-0.053950632,0.392649106,1.235183785,1.614483191
Wyoming,WY,sm-hr,3.529078897,2.443862518,3.991045818,4.02333808
Wyoming,WY,sm-neet,1.072044799,-0.027385716,0.452598933,3.55600652
Wyoming,WY,st-fc,0.91866264,1.968778056,2.833464061,3.435494608
Wyoming,WY,st-fc trust,3.448499473,1.862116756,2.484247391,3.163917547
Wyoming,WY,st-fcc,0.856967455,2.515433524,3.454027217,3.141912062
Wyoming,WY,st-vc,3.495824894,3.469735022,3.531623923,3.769593944
